Start Date,End Date,Duration(Days),Main Cause,Districts,State,Severity,Area Affected,Human fatality,Human injured,Human Displaced,Animal Fatality,Extent of damage ,Event Source,Year,Month,Total Human Impact
1967-02-07,1967-08-07,7.0,flood,Unknown,Assam,,,0.0,0.0,0.0,0.0,,IMD,1967.0,2.0,0.0
1967-01-08,,30.0,flood,Unknown,Uttar Pradesh,,,0.0,0.0,0.0,0.0,,IMD,1967.0,1.0,0.0
1967-08-09,1967-09-09,2.0,flood,"Bhadrak, Dhenkanal, Jajapur, Subarnapur, Nuapada, Balangir, Boudh, Cuttack, Kandhamal, Nayagarh, Khordha, Kalahandi, Jagatsinghapur, Puri, Nagpur, Rayagada, Koraput, Malkangiri, Anugul, Kendrapara, Ganjam, Gajapati, Mayurbhanj, Sundargarh, Kendujhar, Baleshwar, Jharsuguda, Bargarh, Deogarh, Sambalpur, Pashchim Champaran, Purbi Champaran, Sitamarhi, Sheohar, Gopalganj, Samastipur, Katihar, Khagaria, Bhojpur, Buxar, Darbhanga, Saharsa, Kaimur (Bhabua), Rohtas, Jamui, Banka, Nawada, Gaya, Munger, Vaishali, Begusarai, Bhagalpur, Lakhisarai, Sheikhpura, Arwal, Jehanabad, Nalanda, Patna, Saran, Siwan, Muzaffarpur, Madhepura, Araria, Supaul, Madhubani, Purnia, Kishanganj, Aurangabad, Amroha, Hapur, Bareilly, Pilibhit, Bulandshahr, Gautam Buddha Nagar, Kheri, Budaun, Bahraich, Shahjahanpur, Aligarh, Kasganj, Mathura, SShrawasti, Sitapur, Hathras, Etah, Hardoi, Farrukhabad, Firozabad, Siddharthnagar, Mainpuri, Mahrajganj, Agra, Gonda, Bara Banki, Kushinagar, Kannauj, Lucknow, Basti, Gorakhpur, Sant Kabir Nagar, Unnao, Etawah, Kanpur nagar Nagar, Auraiya, Ayodhya, Kanpur nagar Dehat, Deoria, Sultanpur, Ambedkar Nagar, Rae Bareli, Jalaun, Azamgarh, Mau, Fatehpur, Ballia, Jaunpur, Jhansi, Banda, Ghazipurr, Kaushambi, Prayagraj, Varanasi, Chitrakoot, Chandauli, Bhadohi, Mirzapur, Lalitpur, Sonbhadra, Amethi, Ghaziabad, Sambhal, Mahoba, Saharanpur, Bijnor, Muzaffarnagar, Baghpat, Meerut, Moradabad, Rampur, Shamli, Balrampur, Hamirpur, Pratapgarh, Burhanpur, Morena, Bhind, Gwalior, Sheopur, Shivpuri, Tikamgarh, Neemuch, Rewa, Satna, Guna, Ashoknagar, Mandsaur, Singrauli, Sidhi, Sagar, Damoh, Shajapur, Vidisha, Rajgarh, Shahdol, Katni, Umaria, Ratlam, Bhopal, Ujjain, Raisen, Sehore, Jabalpur, Dewas, Anuppur, Jhabua, Dindori, Narsimhapur, Dhar, Indore, Mandla, Narmadapuram, Seoni, Alirajpur, Chhindwara, Harda, Khargone (Khargone (West Nimar)), East Nimar, Balaghat, Barwani, Agar-Malwa, Datia, Chhatarpur, Panna, Betul, Niwari, Churu, Jhunjhunu, Jaisalmer, Sikar, Alwar, Jaipur, Jodhpur, Bharatpur, Nagaur, Dausa, Karauli, Dholpur, Barmer, Sawai Madhopur, Tonk, Pali, Bhilwara, Jalore, Bundi, Kota, Sirohi, Baran, Udaipur, Jhalawar, Dungarpur, Banswara, Ajmer, Rajsamand, Chittorgarh, Ganganagar, Hanumangarh, Bikaner, Pratapgarh, Jhajjar, Gurugram, Faridabad, Mahendragarh, Rewari, Nuh, Palwal, Charki Dadri, Yamunanagar, Kurukshetra, Kaithal, Sirsa, Karnal, Jind, Fatehabad, Hisar, Panipat, Sonipat, Bhiwani, Rohtak, Panchkula, Ambala","Odisha, Bihar, Uttar Pradesh, Madhya Pradesh, Rajasthan, Haryana",,,0.0,0.0,0.0,0.0,Marooning of Barwer Express,IMD,1967.0,8.0,0.0
1968-08-06,1968-12-06,5.0,"heavy rains, floods",Unknown,West Bengal,,,0.0,0.0,0.0,0.0,"Causing floods in West Bengal, Kolkata recieved 18cms of rain on 9th the heaviest fall in July in last 50 years. On the same day Krishnanagar had 26cms. Bagati 24cms,Jamshedpur 18 cms",IMD,1968.0,8.0,0.0
1968-01-07,,30.0,floods,"Kasaragod, Wayanad, Kozhikode, Malappuram, Palakkad, Thrissur, Idukki, Ernakulam, Alappuzha, Kottayam, Pathanamthitta, Kollam, Thiruvananthapuram, Kannur, Churu, Jhunjhunun, Jaisalmer, Sikar, Alwar, Jaipur, Jodhpur, Bharatpur, Nagaur, Dausa, Karauli, Dholpur, Barmer, Sawai Madhopur, Tonk, Pali, Bhilwara, Jalore, Bundi, Kota, Sirohi, Baran, Udaipur, Jhalawar, Dungarpur, Banswara, Ajmer, Rajsamand, Chittorgarh, Ganganagar, Hanumangarh, Bikaner, Pratapgarh, Jhajjar, Gurugram, Faridabad, Mahendragarh, Rewari, Nuh, Palwal, Charki Dadri, Yamunanagar, Kurukshetra, Kaithal, Sirsa, Karnal, Jind, Fatehabad, Hisar, Panipat, Sonipat, Bhiwani, Rohtak, Panchkula, Ambala, Pashchim Champaran, Purbi Champaran, Sitamarhi, Sheohar, Gopalganj, Samastipur, Katihar, Khagaria, Bhojpur, Buxar, Darbhanga, Saharsa, Kaimur (Bhabua), Rohtas, Jamui, Banka, Nawada, Gaya, Munger, Vaishali, Begusarai, Bhagalpur, Lakhisarai, Sheikhpura, Arwal, Jehanabad, Nalanda, Patna, Saran, Siwan, Muzaffarpur, Madhepura, Araria, Supaul, Madhubani, Purnia, Kishanganj, Aurangabad, Amroha, Hapur, Bareilly, Pilibhit, Bulandshahr, Gautam Buddha Nagar, Kheri, Budaun, Bahraich, Shahjahanpur, Aligarh, Kasganj, Mathura, SShrawasti, Sitapur, Hathras, Etah, Hardoi, Farrukhabad, Firozabad, Siddharthnagar, Mainpuri, Mahrajganj, Agra, Gonda, Bara Banki, Kushinagar, Kannauj, Lucknow, Basti, Gorakhpur, Sant Kabir Nagar, Unnao, Etawah, Kanpur nagar Nagar, Auraiya, Ayodhya, Kanpur nagar Dehat, Deoria, Sultanpur, Ambedkar Nagar, Rae Bareli, Jalaun, Azamgarh, Mau, Fatehpur, Ballia, Jaunpur, Jhansi, Banda, Ghazipurr, Kaushambi, Prayagraj, Varanasi, Chitrakoot, Chandauli, Bhadohi, Mirzapur, Lalitpur, Sonbhadra, Amethi, Ghaziabad, Sambhal, Mahoba, Saharanpur, Bijnor, Muzaffarnagar, Baghpat, Meerut, Moradabad, Rampur, Shamli, Balrampur, Hamirpur, Pratapgarh","Kerala, Rajasthan, Haryana, Uttar Pradesh, Bihar",,,0.0,0.0,0.0,0.0,One passenger train was marooned in flood waters near Makrana in Rajasthan.,IMD,1968.0,1.0,0.0
1968-01-08,1968-08-08,8.0,severe floods,Surat,Gujarat,,,0.0,0.0,0.0,0.0,Rail amd road communications with Mumbai were cut off for nearly a month,IMD,1968.0,1.0,0.0
1968-01-10,1968-08-10,8.0,floods,"Darjeeling, Jalpaiguri, Cooch Behar",West Bengal,,,0.0,0.0,0.0,0.0,,IMD,1968.0,1.0,0.0
1968-03-10,1968-05-10,3.0,heavy rains,"Gangtok,Gangtok",Sikkim,,,0.0,0.0,0.0,0.0,"Pedong recorded 60 cms on 3rd, 70cms in 4th,76 cms on 5th, Sankos recieved 76cms on 3rd, 64 cms on 4th,40 cms on 5th. The havoc caused beggars description the area affected presenting a picture of death,devastation all round",IMD,1968.0,3.0,0.0
1968-06-11,1968-06-11,1.0,heavy rains,Unknown,Andhra Pradesh,,,0.0,0.0,0.0,0.0,,IMD,1968.0,6.0,0.0
1969-08-06,,36.0,floods,Unknown,Assam,,,0.0,0.0,0.0,0.0,"Rendered 5 lakhs of people homeless,inundated vast areas of jute,paddy crops",IMD,1969.0,8.0,0.0
1969-02-08,1969-03-08,2.0,heavy rains,"Lahul And Spiti, Chamba, Kangra, Kullu, Mandi, Kinnaur, Una, Shimla, Solan, Sirmaur, Hamirpur, Bilaspur, Amroha, Hapur, Bareilly, Pilibhit, Bulandshahr, Gautam Buddha Nagar, Kheri, Budaun, Bahraich, Shahjahanpur, Aligarh, Kasganj, Mathura, SShrawasti, Sitapur, Hathras, Etah, Hardoi, Farrukhabad, Firozabad, Siddharthnagar, Mainpuri, Mahrajganj, Agra, Gonda, Bara Banki, Kushinagar, Kannauj, Lucknow, Basti, Gorakhpur, Sant Kabir Nagar, Unnao, Etawah, Kanpur nagar Nagar, Auraiya, Ayodhya, Kanpur nagar Dehat, Deoria, Sultanpur, Ambedkar Nagar, Rae Bareli, Jalaun, Azamgarh, Mau, Fatehpur, Ballia, Jaunpur, Jhansi, Banda, Ghazipurr, Kaushambi, Prayagraj, Varanasi, Chitrakoot, Chandauli, Bhadohi, Mirzapur, Lalitpur, Sonbhadra, Amethi, Ghaziabad, Sambhal, Mahoba, Saharanpur, Bijnor, Muzaffarnagar, Baghpat, Meerut, Moradabad, Rampur, Shamli, Balrampur, Hamirpur, Pratapgarh","Himachal Pradesh, Uttar Pradesh",,,0.0,0.0,0.0,0.0,"Disrupted telecommunications,road traffic in the Mandi region of Himachal Pradesh,caused floods in the Beas,Ravi inundating vast areas in Hoshiarpur. Kapurthala,Gurdaspur district of Punjab",IMD,1969.0,2.0,0.0
1969-01-08,,22.0,floods,"Kupwara, Bandipora, Baramulla, Ganderbal, Anantnag, Kishtwar, Srinagar, Budgam, Pulwama, Poonch, Shopian, Kulgam, Rajouri, Ramban, Reasi, Doda, Jammu, Kathua, Udhampur, Samba, Muzaffarabad, Mirpur, North, North East, West, East, South West, Central, New New Delhi, South, Shahdara, South East, North West, Gurdaspur, Hoshiarpur, Amritsar, Jalandhar, Tarn Taran, Rupnagar, Shahid Bhagat Singh Nagar, Fazilka, Moga, Ludhiana, S.A.S Nagar, Faridkot, Fatehgarh Sahib, Sri Sri Muktsar Sahib Sahib, Sangrur, Barnala, Bathinda, Patiala, Mansa, Ferozepur, Pathankot, Kapurthala","Jammu and Kashmir, Delhi, Punjab",,,0.0,0.0,0.0,0.0,"Affecting vast areas in Uttar Pradesh, Bihar, North Bengal, Assam,Rajasthan. The Jammu flooded many villages near Delhi",IMD,1969.0,1.0,0.0
1969-01-09,,15.0,floods,Unknown,Maharashtra,,,0.0,0.0,0.0,0.0,"Caused extensive damage to agricultural lands,properties, destroying standing crops estimated to be worth Rs. 4 crores",IMD,1969.0,1.0,0.0
1969-01-08,,45.0,floods,Unknown,Gujarat,,,0.0,0.0,0.0,0.0,,IMD,1969.0,1.0,0.0
1970-08-08,,7.0,floods,Unknown,Odisha,,,0.0,0.0,0.0,0.0,,IMD,1970.0,8.0,0.0
1970-01-09,,14.0,torrential rain,Unknown,Gujarat,,,0.0,0.0,0.0,0.0,"Caused considerable damage to railway track,breaches that disrupted traffic over wide areas. The Narmada,Tapti were in spate resulting in loss of life estimated over a thousand,extensive damage to standing crop,property",IMD,1970.0,1.0,0.0
1970-01-09,,14.0,heavy rains,"Darjeeling, Jalpaiguri, Cooch Behar, Malda, Uttar Kashi Dinajpur, Dakshin Dinajpur, North westduar,Kalimpong",West Bengal,,,80.0,0.0,0.0,0.0,"Rendering several thousands homeless. There was also considerable dmage to crops,houses in Gangetic West Bengal during this period",IMD,1970.0,1.0,80.0
1970-01-09,1970-10-09,10.0,floods,Aurangabad,Maharashtra,,,0.0,0.0,0.0,0.0,"Have rendered over 8,000 homeless. Damaged crops were estimated to be worth about 2 crores",IMD,1970.0,1.0,0.0
1970-11-09,,10.0,heavy rains,Unknown,Kerala,,,0.0,0.0,0.0,0.0,"Disrupted normal life, flooding low-lying areas,affecting communications",IMD,1970.0,11.0,0.0
1971-08-05,,7.0,heavy rains,Thrissur,Kerala,,,0.0,0.0,0.0,0.0,"Caused considerable damage to property like plantatin,coconut groves,disrupted traffic,communication",IMD,1971.0,8.0,0.0
1971-01-06,,30.0,heavy rains,"Amroha, Hapur, Bareilly, Pilibhit, Bulandshahr, Gautam Buddha Nagar, Kheri, Budaun, Bahraich, Shahjahanpur, Aligarh, Kasganj, Mathura, SShrawasti, Sitapur, Hathras, Etah, Hardoi, Farrukhabad, Firozabad, Siddharthnagar, Mainpuri, Mahrajganj, Agra, Gonda, Bara Banki, Kushinagar, Kannauj, Lucknow, Basti, Gorakhpur, Sant Kabir Nagar, Unnao, Etawah, Kanpur nagar Nagar, Auraiya, Ayodhya, Kanpur nagar Dehat, Deoria, Sultanpur, Ambedkar Nagar, Rae Bareli, Jalaun, Azamgarh, Mau, Fatehpur, Ballia, Jaunpur, Jhansi, Banda, Ghazipurr, Kaushambi, Prayagraj, Varanasi, Chitrakoot, Chandauli, Bhadohi, Mirzapur, Lalitpur, Sonbhadra, Amethi, Ghaziabad, Sambhal, Mahoba, Saharanpur, Bijnor, Muzaffarnagar, Baghpat, Meerut, Moradabad, Rampur, Shamli, Balrampur, Hamirpur, Pratapgarh, Tinsukia, Dhemaji, Dibrugarh, Lakhimpur, Sivasagar, Jorhat, Sonitpur, Golaghat, Udalguri, Chirang, Baksa, Nagaon, Kokrajhar, Darrang, Barpeta, Nalbari, Marigaon, Kamrup, Bongaigaon, Dhubri, Kamrup Metro, Goalpara, Dima Hasao, Cachar, Karimganj, Hailakandi, Charaideo, Majuli, Biswanath, Hojai, South Salmara Mancachar, Karbi Anglong, West Karbi Anglong, Pashchim Champaran, Purbi Champaran, Sitamarhi, Sheohar, Gopalganj, Samastipur, Katihar, Khagaria, Bhojpur, Buxar, Darbhanga, Saharsa, Kaimur (Bhabua), Rohtas, Jamui, Banka, Nawada, Gaya, Munger, Vaishali, Begusarai, Bhagalpur, Lakhisarai, Sheikhpura, Arwal, Jehanabad, Nalanda, Patna, Saran, Siwan, Muzaffarpur, Madhepura, Araria, Supaul, Madhubani, Purnia, Kishanganj, Aurangabad, South 24 Parganas, Darjeeling, Jalpaiguri, Dakshin Dinajpur, Maldah, Murshidabad, Birbhum, Nadia, Purba Purba Bardhaman, Purulia, Bankura, North 24 Parganas","Uttar Pradesh , Assam , Bihar , West Bengal, Kerala",,,0.0,0.0,0.0,0.0,"Caused loss of life,damage to crops worth crores of rupees,brekdown of normal traffic,communication. Due to change of course y some rivers (like the Kali river) thousands of people were rendered homeless",IMD,1971.0,1.0,0.0
1971-01-07,,31.0,floods,"Tinsukia, Dhemaji, Dibrugarh, Lakhimpur, Sivasagar, Jorhat, Sonitpur, Golaghat, Udalguri, Chirang, Baksa, Nagaon, Kokrajhar, Darrang, Barpeta, Nalbari, Marigaon, Kamrup, Bongaigaon, Dhubri, Kamrup Metro, Goalpara, Dima Hasao, Cachar, Karimganj, Hailakandi, Charaideo, Majuli, Biswanath, Hojai, South Salmara Mancachar, Karbi Anglong, West Karbi Anglong, Bhadrak, Dhenkanal, Jajapur, Subarnapur, Nuapada, Balangir, Boudh, Cuttack, Kandhamal, Nayagarh, Khordha, Kalahandi, Jagatsinghapur, Puri, Nagpur, Rayagada, Koraput, Malkangiri, Anugul, Kendrapara, Ganjam, Gajapati, Mayurbhanj, Sundargarh, Kendujhar, Baleshwar, Jharsuguda, Bargarh, Deogarh, Sambalpur, South 24 Parganas, Darjeeling, Jalpaiguri, Dakshin Dinajpur, Maldah, Murshidabad, Birbhum, Nadia, Purba Purba Bardhaman, Purulia, Bankura, North 24 Parganas","Assam, Odisha, West Bengal, Bihar",,,0.0,0.0,0.0,0.0,"Loss of life was reported. Several villages were washed away rendering thousands people homeless. Crops,fertile land worth seeveral crores of rupees reportedly destroyed",IMD,1971.0,1.0,0.0
1971-01-08,,14.0,flooded,"Amroha, Hapur, Bareilly, Pilibhit, Bulandshahr, Gautam Buddha Nagar, Kheri, Budaun, Bahraich, Shahjahanpur, Aligarh, Kasganj, Mathura, SShrawasti, Sitapur, Hathras, Etah, Hardoi, Farrukhabad, Firozabad, Siddharthnagar, Mainpuri, Mahrajganj, Agra, Gonda, Bara Banki, Kushinagar, Kannauj, Lucknow, Basti, Gorakhpur, Sant Kabir Nagar, Unnao, Etawah, Kanpur nagar Nagar, Auraiya, Ayodhya, Kanpur nagar Dehat, Deoria, Sultanpur, Ambedkar Nagar, Rae Bareli, Jalaun, Azamgarh, Mau, Fatehpur, Ballia, Jaunpur, Jhansi, Banda, Ghazipurr, Kaushambi, Prayagraj, Varanasi, Chitrakoot, Chandauli, Bhadohi, Mirzapur, Lalitpur, Sonbhadra, Amethi, Ghaziabad, Sambhal, Mahoba, Saharanpur, Bijnor, Muzaffarnagar, Baghpat, Meerut, Moradabad, Rampur, Shamli, Balrampur, Hamirpur, Pratapgarh, Pashchim Champaran, Purbi Champaran, Sitamarhi, Sheohar, Gopalganj, Samastipur, Katihar, Khagaria, Bhojpur, Buxar, Darbhanga, Saharsa, Kaimur (Bhabua), Rohtas, Jamui, Banka, Nawada, Gaya, Munger, Vaishali, Begusarai, Bhagalpur, Lakhisarai, Sheikhpura, Arwal, Jehanabad, Nalanda, Patna, Saran, Siwan, Muzaffarpur, Madhepura, Araria, Supaul, Madhubani, Purnia, Kishanganj, Aurangabad, Tinsukia, Dhemaji, Dibrugarh, Lakhimpur, Sivasagar, Jorhat, Sonitpur, Golaghat, Udalguri, Chirang, Baksa, Nagaon, Kokrajhar, Darrang, Barpeta, Nalbari, Marigaon, Kamrup, Bongaigaon, Dhubri, Kamrup Metro, Goalpara, Dima Hasao, Cachar, Karimganj, Hailakandi, Charaideo, Majuli, Biswanath, Hojai, South Salmara Mancachar, Karbi Anglong, West Karbi Anglong","Uttar Pradesh, Bihar,  Assam",,,0.0,0.0,0.0,0.0,"Caused further havoc with damage to life,property",IMD,1971.0,1.0,0.0
1971-01-08,,14.0,moderate floods,"Burhanpur, Morena, Bhind, Gwalior, Sheopur, Shivpuri, Tikamgarh, Neemuch, Rewa, Satna, Guna, Ashoknagar, Mandsaur, Singrauli, Sidhi, Sagar, Damoh, Shajapur, Vidisha, Rajgarh, Shahdol, Katni, Umaria, Ratlam, Bhopal, Ujjain, Raisen, Sehore, Jabalpur, Dewas, Anuppur, Jhabua, Dindori, Narsimhapur, Dhar, Indore, Mandla, Narmadapuram, Seoni, Alirajpur, Chhindwara, Harda, Khargone (Khargone (West Nimar)), East Nimar, Balaghat, Barwani, Agar-Malwa, Datia, Chhatarpur, Panna, Betul, Niwari, Gurdaspur, Hoshiarpur, Amritsar, Jalandhar, Tarn Taran, Rupnagar, Shahid Bhagat Singh Nagar, Fazilka, Moga, Ludhiana, S.A.S Nagar*, Faridkot, Fatehgarh Sahib, Sri Sri Muktsar Sahib Sahib, Sangrur, Barnala, Bathinda, Patiala, Mansa, Ferozepur, Pathankot, Kapurthala, Jhajjar, Gurugram, Faridabad, Mahendragarh, Rewari, Nuh, Palwal, Charki Dadri, Yamunanagar, Kurukshetra, Kaithal, Sirsa, Karnal, Jind, Fatehabad, Hisar, Panipat, Sonipat, Bhiwani, Rohtak, Panchkula, Ambala, South 24 Parganas, Darjeeling, Jalpaiguri, Dakshin Dinajpur, Maldah, Murshidabad, Birbhum, Nadia, Purba Purba Bardhaman, Purulia, Bankura, North 24 Parganas","Madhya Pradesh, Punjab, Haryana, West Bengal",,,0.0,0.0,0.0,0.0,States affected,IMD,1971.0,1.0,0.0
1971-01-09,,14.0,floods,"Amroha, Hapur, Bareilly, Pilibhit, Bulandshahr, Gautam Buddha Nagar, Kheri, Budaun, Bahraich, Shahjahanpur, Aligarh, Kasganj, Mathura, SShrawasti, Sitapur, Hathras, Etah, Hardoi, Farrukhabad, Firozabad, Siddharthnagar, Mainpuri, Mahrajganj, Agra, Gonda, Bara Banki, Kushinagar, Kannauj, Lucknow, Basti, Gorakhpur, Sant Kabir Nagar, Unnao, Etawah, Kanpur nagar Nagar, Auraiya, Ayodhya, Kanpur nagar Dehat, Deoria, Sultanpur, Ambedkar Nagar, Rae Bareli, Jalaun, Azamgarh, Mau, Fatehpur, Ballia, Jaunpur, Jhansi, Banda, Ghazipurr, Kaushambi, Prayagraj, Varanasi, Chitrakoot, Chandauli, Bhadohi, Mirzapur, Lalitpur, Sonbhadra, Amethi, Ghaziabad, Sambhal, Mahoba, Saharanpur, Bijnor, Muzaffarnagar, Baghpat, Meerut, Moradabad, Rampur, Shamli, Balrampur, Hamirpur, Pratapgarh, South 24 Parganas, Darjeeling, Jalpaiguri, Dakshin Dinajpur, Maldah, Murshidabad, Birbhum, Nadia, Purba Purba Bardhaman, Purulia, Bankura, North 24 Parganas","Uttar Pradesh, West Bengal, Bihar",,,0.0,0.0,0.0,0.0,,IMD,1971.0,1.0,0.0
1971-08-10,,7.0,floods,Unknown,Assam,,,0.0,0.0,0.0,0.0,"Caused disruption of traffic,communication,loss of life. Several thousands of people were rendered homeless",IMD,1971.0,8.0,0.0
1971-01-01,,365.0,floods,"Amroha, Hapur, Bareilly, Pilibhit, Bulandshahr, Gautam Buddha Nagar, Kheri, Budaun, Bahraich, Shahjahanpur, Aligarh, Kasganj, Mathura, SShrawasti, Sitapur, Hathras, Etah, Hardoi, Farrukhabad, Firozabad, Siddharthnagar, Mainpuri, Mahrajganj, Agra, Gonda, Bara Banki, Kushinagar, Kannauj, Lucknow, Basti, Gorakhpur, Sant Kabir Nagar, Unnao, Etawah, Kanpur nagar Nagar, Auraiya, Ayodhya, Kanpur nagar Dehat, Deoria, Sultanpur, Ambedkar Nagar, Rae Bareli, Jalaun, Azamgarh, Mau, Fatehpur, Ballia, Jaunpur, Jhansi, Banda, Ghazipurr, Kaushambi, Prayagraj, Varanasi, Chitrakoot, Chandauli, Bhadohi, Mirzapur, Lalitpur, Sonbhadra, Amethi, Ghaziabad, Sambhal, Mahoba, Saharanpur, Bijnor, Muzaffarnagar, Baghpat, Meerut, Moradabad, Rampur, Shamli, Balrampur, Hamirpur, Pratapgarh, Pashchim Champaran, Purbi Champaran, Sitamarhi, Sheohar, Gopalganj, Samastipur, Katihar, Khagaria, Bhojpur, Buxar, Darbhanga, Saharsa, Kaimur (Bhabua), Rohtas, Jamui, Banka, Nawada, Gaya, Munger, Vaishali, Begusarai, Bhagalpur, Lakhisarai, Sheikhpura, Arwal, Jehanabad, Nalanda, Patna, Saran, Siwan, Muzaffarpur, Madhepura, Araria, Supaul, Madhubani, Purnia, Kishanganj, Aurangabad, Bhadrak, Dhenkanal, Jajapur, Subarnapur, Nuapada, Balangir, Boudh, Cuttack, Kandhamal, Nayagarh, Khordha, Kalahandi, Jagatsinghapur, Puri, Nagpur, Rayagada, Koraput, Malkangiri, Anugul, Kendrapara, Ganjam, Gajapati, Mayurbhanj, Sundargarh, Kendujhar, Baleshwar, Jharsuguda, Bargarh, Deogarh, Sambalpur, South 24 Parganas, Darjeeling, Jalpaiguri, Dakshin Dinajpur, Maldah, Murshidabad, Birbhum, Nadia, Purba Purba Bardhaman, Purulia, Bankura, North 24 Parganas","Uttar Pradesh, Bihar, Odisha, West Bengal",,,1025.0,0.0,0.0,0.0,"Property worth Rs. 526/- crores was damaged in floods, making this year the most flood-stricken year since 1954. The total population in the country affected by floods was estimated as 57 million,the total area affected as 12.5 million hectares, including a cropped area of 5.87 million hectares",IMD,1971.0,1.0,1025.0
1972-08-05,,14.0,heavy rains,Unknown,Kerala,,,0.0,0.0,0.0,0.0,"Caused floods,land-slides in many parts of the state. Property worth about two crores of rupees was reported to have been destroyed,there was some loss of life also.",IMD,1972.0,8.0,0.0
1972-01-06,1972-07-06,7.0,heavy rains,Tumakuru,Karnataka,,,0.0,0.0,0.0,0.0,"Caused large scale damage to crops,houses. ",IMD,1972.0,1.0,0.0
1972-01-07,,14.0,heavy rains,Unknown,Kerala,,,0.0,0.0,0.0,0.0,"Caused damage to property,coconut groves. Some loss of life was also reported",IMD,1972.0,1.0,0.0
1972-01-07,1972-07-07,7.0,heavy rains,Unknown,Delhi,,,0.0,0.0,0.0,0.0,"Caused serious traffic dislocations,flooded low lying areas. ",IMD,1972.0,1.0,0.0
1972-08-07,,14.0,floods,"Bhadrak, Dhenkanal, Jajapur, Subarnapur, Nuapada, Balangir, Boudh, Cuttack, Kandhamal, Nayagarh, Khordha, Kalahandi, Jagatsinghapur, Puri, Nagpur, Rayagada, Koraput, Malkangiri, Anugul, Kendrapara, Ganjam, Gajapati, Mayurbhanj, Sundargarh, Kendujhar, Baleshwar, Jharsuguda, Bargarh, Deogarh, Sambalpur, Pashchim Champaran, Purbi Champaran, Sitamarhi, Sheohar, Gopalganj, Samastipur, Katihar, Khagaria, Bhojpur, Buxar, Darbhanga, Saharsa, Kaimur (Bhabua), Rohtas, Jamui, Banka, Nawada, Gaya, Munger, Vaishali, Begusarai, Bhagalpur, Lakhisarai, Sheikhpura, Arwal, Jehanabad, Nalanda, Patna, Saran, Siwan, Muzaffarpur, Madhepura, Araria, Supaul, Madhubani, Purnia, Kishanganj, Aurangabad, Tinsukia, Dhemaji, Dibrugarh, Lakhimpur, Sivasagar, Jorhat, Sonitpur, Golaghat, Udalguri, Chirang, Baksa, Nagaon, Kokrajhar, Darrang, Barpeta, Nalbari, Marigaon, Kamrup, Bongaigaon, Dhubri, Kamrup Metro, Goalpara, Dima Hasao, Cachar, Karimganj, Hailakandi, Charaideo, Majuli, Biswanath, Hojai, South Salmara Mancachar, Karbi Anglong, West Karbi Anglong, South 24 Parganas, Darjeeling, Jalpaiguri, Dakshin Dinajpur, Maldah, Murshidabad, Birbhum, Nadia, Purba Purba Bardhaman, Purulia, Bankura, North 24 Parganas","Odisha, Bihar, Assam, West Bengal",,,90.0,0.0,0.0,0.0,Caused damage to property worth Rs. 11 crores. Nearly 10 lakh peple were rendered homeless,IMD,1972.0,8.0,90.0
1972-01-08,,14.0,heavy rains,Unknown,Jammu and Kashmir,,,0.0,0.0,0.0,0.0,"Caused damage to life,property",IMD,1972.0,1.0,0.0
1973-08-03,,7.0,heavy rains,Kashmir valley,Jammu and Kashmir,,,0.0,0.0,0.0,0.0,"Cut of from rest of the country communications by air, ground,telegram",IMD,1973.0,8.0,0.0
1973-01-05,,14.0,floods,Unknown,Assam,,,0.0,0.0,0.0,0.0,"Damaing Paddy cropsover vast area, Loss of life,damage to property exceeded Rs. 255 crores. ",IMD,1973.0,1.0,0.0
1973-01-04,1973-07-04,7.0,heavy rains,Few districts,Maharashtra,,,0.0,0.0,0.0,0.0,"Loss of life,property",IMD,1973.0,1.0,0.0
1973-01-06,1973-07-06,7.0,Unknown,"Cooch Behar, North westduar, Jalpaiguri, Darjeeling,Kalimpong,Uttar Kashi Dinajpur, Dakshin Dinajpur,Malda",West Bengal,,,0.0,0.0,0.0,0.0,More than a lakh people were affected by the floods that swept over,IMD,1973.0,1.0,0.0
1973-08-06,,14.0,floods,"Darrang, Sonitpur,Udalguri",Assam,,,3.0,0.0,0.0,0.0,"Caused considerable damage to paddy,other crops",IMD,1973.0,8.0,3.0
1973-01-07,,14.0,heavy rains,"Churu, Jhunjhunu, Jaisalmer, Sikar, Alwar, Jaipur, Jodhpur, Bharatpur, Nagaur, Dausa, Karauli, Dholpur, Barmer, Sawai Madhopur, Tonk, Pali, Bhilwara, Jalore, Bundi, Kota, Sirohi, Baran, Udaipur, Jhalawar, Dungarpur, Banswara, Ajmer, Rajsamand, Chittorgarh, Ganganagar, Hanumangarh, Bikaner, Pratapgarh, Pashchim Champaran, Purbi Champaran, Sitamarhi, Sheohar, Gopalganj, Samastipur, Katihar, Khagaria, Bhojpur, Buxar, Darbhanga, Saharsa, Kaimur (Bhabua), Rohtas, Jamui, Banka, Nawada, Gaya, Munger, Vaishali, Begusarai, Bhagalpur, Lakhisarai, Sheikhpura, Arwal, Jehanabad, Nalanda, Patna, Saran, Siwan, Muzaffarpur, Madhepura, Araria, Supaul, Madhubani, Purnia, Kishanganj, Aurangabad, Burhanpur, Morena, Bhind, Gwalior, Sheopur, Shivpuri, Tikamgarh, Neemuch, Rewa, Satna, Guna, Ashoknagar, Mandsaur, Singrauli, Sidhi, Sagar, Damoh, Shajapur, Vidisha, Rajgarh, Shahdol, Katni, Umaria, Ratlam, Bhopal, Ujjain, Raisen, Sehore, Jabalpur, Dewas, Anuppur, Jhabua, Dindori, Narsimhapur, Dhar, Indore, Mandla, Narmadapuram, Seoni, Alirajpur, Chhindwara, Harda, Khargone (Khargone (West Nimar)), East Nimar, Balaghat, Barwani, Agar-Malwa, Datia, Chhatarpur, Panna, Betul, Niwari, Valsad, Amreli, Dangs, Banas Kantha, Patan, Mahesana, Gandhinagar, Ahmedabad, Panch Mahals, Dahod, Vadodara, Bharuch, Porbandar, Narmada, Surat, Tapi, Arvalli, Botad, Chota Udaipur, Mahisagar, Gir Somnath, Sabar Kantha, Kachchh, Surendranagar, Rajkot, Kheda, Anand, Bhavnagar, Junagadh, Jamnagar, Devbhumi Dwarka Dwarka, Morbi, Navsari, Gondia, Bhandara, Jalgaon, Wardha, Buldhana, Akola, Nashik, Gadchiroli, Washim, Chandrapur, Yavatmal, Jalna, Ahmednagar, Hingoli, Nanded, Parbhani, Pune, Beed, Mumbai, Latur, Dharashiv, Solapur, Satara, Ratnagiri, Sangli, Kolhapur, Sindhudurg, Thane, Palghar, Nandurbar, Amravati, Dhule, Nagpur, Aurangabad, Raigarh, Mumbai Suburban, Amroha, Hapur, Bareilly, Pilibhit, Bulandshahr, Gautam Buddha Nagar, Kheri, Budaun, Bahraich, Shahjahanpur, Aligarh, Kasganj, Mathura, SShrawasti, Sitapur, Hathras, Etah, Hardoi, Farrukhabad, Firozabad, Siddharthnagar, Mainpuri, Mahrajganj, Agra, Gonda, Bara Banki, Kushinagar, Kannauj, Lucknow, Basti, Gorakhpur, Sant Kabir Nagar, Unnao, Etawah, Kanpur nagar Nagar, Auraiya, Ayodhya, Kanpur nagar Dehat, Deoria, Sultanpur, Ambedkar Nagar, Rae Bareli, Jalaun, Azamgarh, Mau, Fatehpur, Ballia, Jaunpur, Jhansi, Banda, Ghazipurr, Kaushambi, Prayagraj, Varanasi, Chitrakoot, Chandauli, Bhadohi, Mirzapur, Lalitpur, Sonbhadra, Amethi, Ghaziabad, Sambhal, Mahoba, Saharanpur, Bijnor, Muzaffarnagar, Baghpat, Meerut, Moradabad, Rampur, Shamli, Balrampur, Hamirpur, Pratapgarh","Rajasthan, Bihar, Madhya Pradesh, Gujarat, Maharashtra, Uttar Pradesh",,,90.0,0.0,0.0,0.0,"Caused damage in life,property. Crops worth several crores of rupees were damaged or destroyed",IMD,1973.0,1.0,90.0
1973-08-08,,7.0,floods,"Kupwara, Bandipora, Baramulla, Ganderbal, Anantnag, Kishtwar, Srinagar, Budgam, Pulwama, Poonch, Shopian, Kulgam, Rajouri, Ramban, Reasi, Doda, Jammu, Kathua, Udhampur, Samba, Muzaffarabad, Mirpur, 
Gurdaspur, Hoshiarpur, Amritsar, Jalandhar, Tarn Taran, Rupnagar, Shahid Bhagat Singh Nagar, Fazilka, Moga, Ludhiana, S.A.S Nagar*, Faridkot, Fatehgarh Sahib, Sri Sri Muktsar Sahib Sahib, Sangrur, Barnala, Bathinda, Patiala, Mansa, Ferozepur, Pathankot, Kapurthala, Amroha, Hapur, Bareilly, Pilibhit, Bulandshahr, Gautam Buddha Nagar, Kheri, Budaun, Bahraich, Shahjahanpur, Aligarh, Kasganj, Mathura, SShrawasti, Sitapur, Hathras, Etah, Hardoi, Farrukhabad, Firozabad, Siddharthnagar, Mainpuri, Mahrajganj, Agra, Gonda, Bara Banki, Kushinagar, Kannauj, Lucknow, Basti, Gorakhpur, Sant Kabir Nagar, Unnao, Etawah, Kanpur nagar Nagar, Auraiya, Ayodhya, Kanpur nagar Dehat, Deoria, Sultanpur, Ambedkar Nagar, Rae Bareli, Jalaun, Azamgarh, Mau, Fatehpur, Ballia, Jaunpur, Jhansi, Banda, Ghazipurr, Kaushambi, Prayagraj, Varanasi, Chitrakoot, Chandauli, Bhadohi, Mirzapur, Lalitpur, Sonbhadra, Amethi, Ghaziabad, Sambhal, Mahoba, Saharanpur, Bijnor, Muzaffarnagar, Baghpat, Meerut, Moradabad, Rampur, Shamli, Balrampur, Hamirpur, Pratapgarh, Tinsukia, Dhemaji, Dibrugarh, Lakhimpur, Sivasagar, Jorhat, Sonitpur, Golaghat, Udalguri, Chirang, Baksa, Nagaon, Kokrajhar, Darrang, Barpeta, Nalbari, Marigaon, Kamrup, Bongaigaon, Dhubri, Kamrup Metro, Goalpara, Dima Hasao, Cachar, Karimganj, Hailakandi, Charaideo, Majuli, Biswanath, Hojai, South Salmara Mancachar, Karbi Anglong, West Karbi Anglong, Upper Lower Subansiri, Anjaw, Changlang, Tawang, Papum Pare, Tirap, East Siang, Lohit, Kurung Kumey, Lower Lower Subansiri, East Kameng, West Kameng, West Kameng, West Kameng, Kra Daadi, Namsai, Longding, Upper Siang, Lower Siang, Dibang Valley, Lower Dibang Valley, Siang, Shi Yomi, Pakke Kessang, West Siang, Leparada, Kamle","Jammu and Kashmir, Punjab, Uttar Pradesh, Assam,  Arunachal Pradesh",,,268.0,0.0,0.0,0.0,Caused havoc,IMD,1973.0,8.0,268.0
1973-01-10,1973-07-10,7.0,floods,"Mirzapur,Prayagraj,Pratapgarh,Bahraich,Gonda,Basti,Jaunpur,Ghazipur, Purbi Champaran, Araria, Kishanganj, Madhubani, Sheohar, Sitamarhi, Supaul,Pashchim Champaran","Uttar Pradesh, Bihar",,,145.0,0.0,0.0,0.0,,IMD,1973.0,1.0,145.0
1973-08-10,,7.0,severe floods,"Pashchim Champaran, Purbi Champaran, Sitamarhi, Sheohar, Gopalganj, Samastipur, Katihar, Khagaria, Bhojpur, Buxar, Darbhanga, Saharsa, Kaimur (Bhabua), Rohtas, Jamui, Banka, Nawada, Gaya, Munger, Vaishali, Begusarai, Bhagalpur, Lakhisarai, Sheikhpura, Arwal, Jehanabad, Nalanda, Patna, Saran, Siwan, Muzaffarpur, Madhepura, Araria, Supaul, Madhubani, Purnia, Kishanganj, Aurangabad, Bhadrak, Dhenkanal, Jajapur, Subarnapur, Nuapada, Balangir, Boudh, Cuttack, Kandhamal, Nayagarh, Khordha, Kalahandi, Jagatsinghapur, Puri, Nagpur, Rayagada, Koraput, Malkangiri, Anugul, Kendrapara, Ganjam, Gajapati, Mayurbhanj, Sundargarh, Kendujhar, Baleshwar, Jharsuguda, Bargarh, Deogarh, Sambalpur, South 24 Parganas*, Darjeeling, Jalpaiguri, Dakshin Dinajpur, Maldah, Murshidabad, Birbhum, Nadia, Purba Purba Bardhaman, Purulia, Bankura, North 24 Parganas","Bihar, Odisha, West Bengal, Assam, Andhra Pradesh",,,77.0,0.0,0.0,0.0,About 50 Lakhs of people being seriously affected,IMD,1973.0,8.0,77.0
1974-01-06,1974-01-09,93.0,inceasant rains,"Tinsukia, Dhemaji, Dibrugarh, Lakhimpur, Sivasagar, Jorhat, Sonitpur, Golaghat, Udalguri, Chirang, Baksa, Nagaon, Kokrajhar, Darrang, Barpeta, Nalbari, Marigaon, Kamrup, Bongaigaon, Dhubri, Kamrup Metro, Goalpara, Dima Hasao, Cachar, Karimganj, Hailakandi, Charaideo, Majuli, Biswanath, Hojai, South Salmara Mancachar, Karbi Anglong, West Karbi Anglong",Assam,,,0.0,0.0,0.0,0.0,"The Brahmaputra,its tributaries were in high spate causing floods, This floods caused extensive damage to property,loss of human lives,cattle, in addition to rendering many people homeless. Wild animals of a sanctuary in the catchment area which is a tourist attraction either perished or left the sactuary for safer places. Paddy,Jute crops were destroyed as cultivated area remaining long under water. The total damage was estimated to be the order of Rs. 50 crores",IMD,1974.0,1.0,0.0
1974-01-07,1974-03-08,34.0,floods,"Pashchim Champaran, Purbi Champaran, Sitamarhi, Sheohar, Gopalganj, Samastipur, Katihar, Khagaria, Bhojpur, Buxar, Darbhanga, Saharsa, Kaimur (Bhabua), Rohtas, Jamui, Banka, Nawada, Gaya, Munger, Vaishali, Begusarai, Bhagalpur, Lakhisarai, Sheikhpura, Arwal, Jehanabad, Nalanda, Patna, Saran, Siwan, Muzaffarpur, Madhepura, Araria, Supaul, Madhubani, Purnia, Kishanganj, Aurangabad, South 24 Parganas*, Darjeeling, Jalpaiguri, Dakshin Dinajpur, Maldah, Murshidabad, Birbhum, Nadia, Purba Purba Bardhaman, Purulia, Bankura, North 24 Parganas","Bihar, West Bengal",,,0.0,0.0,0.0,0.0,"Loss of human lives,cattle were reported from the Jalpaiguri district in West Bengal",IMD,1974.0,1.0,0.0
1974-01-07,1974-07-08,38.0,heavy rains,Mumbai (Colaba),Maharashtra,,,50.0,0.0,0.0,0.0,"Recorded,exceptionally heavy rainfall of 58cm in Twenty Four hours on 5th July, which was the highest on record. Low level areas in Mumbai were heavily flooded,city life was completely paralysed. Damage to Railway,public property was estimated at Rs. 6 crores.",IMD,1974.0,1.0,50.0
1974-01-07,1974-07-07,7.0,inceasant rains,Ratnagiri,Maharashtra,,,17.0,0.0,0.0,12.0,Landslide occured due to heavy rains,IMD,1974.0,1.0,17.0
1975-01-06,,15.0,heavy rains,"North Bengal, Jalpaiguri,Cooch Behar",West Bengal,,,0.0,0.0,0.0,0.0,"Were Worst affected, these floods caused extensive damage to property,crops including tea estates in Duars areas",IMD,1975.0,1.0,0.0
1975-08-09,,7.0,floods,"Puri, Koraput, Sambalpur, Mayurbhanj, Kendujhar, Baleshwar, Cuttack",Odisha,,,0.0,0.0,0.0,0.0,Affected by floods of Brahmani. Train services were dislocated for 3 days. Nearly 1 lakh houses collapsed rendering thousands of people homeless,IMD,1975.0,8.0,0.0
1975-01-08,1975-07-08,7.0,heavy rains,"Ajmer, Alwar, Bharatpur, Sawai Madhopur, Ramgarh, Jaipur",Rajasthan,,,0.0,0.0,0.0,0.0,"Worst hit by flood, normal life was disrupted, thousands of families were marooned, several houses collapsed,vehicular traffic came to a stand still",IMD,1975.0,1.0,0.0
1975-01-09,1975-07-09,7.0,heavy rains,"Kota, Pali, Ganganagar, Churu",Rajasthan,,,0.0,0.0,0.0,0.0,"A railway track between Sambhar,Merta in Ajmer district was under flood water",IMD,1975.0,1.0,0.0
1975-01-07,1975-07-08,38.0,floods,"Basti, Gonda, Azamgarh, Deoria, Kheri, Gorakhpur",Uttar Pradesh,,,0.0,0.0,0.0,0.0,Caused havoc ,IMD,1975.0,1.0,0.0
1975-08-09,,7.0,floods,"Bulandshahr, Khurja",Uttar Pradesh,,,25.0,0.0,0.0,42.0,"A large number of villages with a population of 2.5 lakhs,crop areas of ninety thousand hectares were affected. 8,000 houses were damaged",IMD,1975.0,8.0,25.0
1975-01-08,1975-07-08,7.0,heavy rains,"Nanded,Parbhani",Maharashtra,,,10.0,0.0,0.0,25.0,"Followed by flash-floods, 150 huts were washed away, The flooding of Godavari river in September swept aaway 200 huts ",IMD,1975.0,1.0,10.0
1975-01-08,,1.0,heavy rains,Ghat area,Maharashtra,,,0.0,0.0,0.0,0.0,"Pune-Mumbai disrupting rail,road traffic. Severe storm at Puna on 29 September which was classified as the deluge of the decade, washed  away about 200 huts,crashed 31 houses rendering several people homeless",IMD,1975.0,1.0,0.0
1975-01-08,,27.0,heavy rains,"Krishna, Srikakulam,Hyderabad",Karnataka,,,0.0,0.0,0.0,0.0,The rail track over a length of 250 metres in the Raipur - Vizianagaram was breahed,IMD,1975.0,1.0,0.0
1975-08-10,,14.0,heavy rains,"Krishna, East Godavari, Jogulamba Gadwal, Kurnool, Visakhapatnam, Y.S.R., Prakasam,  Sri Potti Sriramulu Nellore",Andhra Pradesh,,,0.0,0.0,0.0,0.0,Causing severe damage to Tobacco crops,IMD,1975.0,8.0,0.0
1975-01-11,1975-07-11,7.0,heavy rains,"Thiruvananthapuram, Kollam, Alappuzha, Kottayam, Thrissur",Kerala,,,4.0,0.0,0.0,0.0,"Badly affected, There was extensive damage to standing paddy crops, There was breaches in the bunds of canals,people were rvacuated to places of safety. Agricultural operations came to a standstill. In Calicut district, landsldies, had occured in South Wayanad, In the high ranages landslides followed by heavy down pour had damaged, paddy, pepper,tuber crops ",IMD,1975.0,1.0,4.0
1976-08-06,,7.0,heavy rains,"Cachar, Silchar,Karimganj, North Tripura","Assam, Manipur, Tripura,  Arunachal Pradesh",,,0.0,0.0,0.0,0.0,"Flooded most of the riverine areas , swirling  flood waters of river Baksa submerged vast areas in Cachar district. Silchar, Patharkandi, Karimganj,North Tripura in Tripura worst affected",IMD,1976.0,8.0,0.0
1976-01-08,1976-07-08,7.0,heavy rains,North Bengal,West Bengal,,,0.0,0.0,0.0,0.0,"Rivers Kangsabati, Subannarekha,Parang were in spate inundating vast areas in Midnapur sub-division. Heavy rains Flooded the rivers Teesta, Jaldhaka, Torea,Diana, causing landslides, disruption to rzil,road traffic",IMD,1976.0,1.0,0.0
1976-08-08,,7.0,floods,"Puri, Cuttack",Odisha,,,0.0,0.0,0.0,0.0,"Floods in Kathjuri,its tributaries had badly hit 45 villages in Puri district, 18,000 acres of paddy land were submerged, 12 villages in Cuttack district had been marooned,6000 persons were affected, by flood waters of Kharsun river",IMD,1976.0,8.0,0.0
1976-08-09,,14.0,heavy rains,"Pashchim Champaran, Purbi Champaran, Sitamarhi, Sheohar, Gopalganj, Samastipur, Katihar, Khagaria, Bhojpur, Buxar, Darbhanga, Saharsa, Kaimur (Bhabua), Rohtas, Jamui, Banka, Nawada, Gaya, Munger, Vaishali, Begusarai, Bhagalpur, Lakhisarai, Sheikhpura, Arwal, Jehanabad, Nalanda, Patna, Saran, Siwan, Muzaffarpur, Madhepura, Araria, Supaul, Madhubani, Purnia, Kishanganj, Aurangabad",Bihar,,,0.0,0.0,0.0,0.0,"Disrupted life almost throughout Bihar , several rivers had crossed the danger mark in undating a large number of villages near Danapur, 10 kms drom Patna, Muzaffarpur,Chapra district were badly hit, 300 villages in Bhojpur district were submerged by flood waters of Ganga, parts of Arrah-Patna, Arrah-Chandi roads were washed away, the turbulent Poonpoon river breached its embankments,flooded low level areas of Patna city, the surging waters of Ganga entered the entire areas of Begusarai after breaching the Gupta-Lakminia bund,alsoadvanced toward the Barauni industrial complex, 5 units of thermal power stations at Barauni were Shutdown as a result, 10 minors were drowned when flood waters of swollen Mankari river inundated a coal mine Hazaribaghh, 14 districts of Bihar were in the grip of floods the worst affected being Patna district, paddy in parts of several districts covering 1.12 million hectares of land had been submerged. The unprecedented floods of Bighar had caused damage worth Rs. 100 crores to public utilities services, according to press reports ",IMD,1976.0,8.0,0.0
1976-08-09,,14.0,flood,"Mirzapur, Varanasi, Ayodhya, Azamgarh, Ballia, Etawah",Uttar Pradesh,,,228.0,0.0,0.0,0.0,"The flood waters of Gomti had entered Jaunpur, The Ganga,flooded 100 villages in Mirzapur district,inundated vast areas in Varanasi district, several villages in Faizabad,Azamgarh district were also flooded, Ballia was the worst affected district where Ganga was flowing 67 cms above the danger mark, the rising Yamuna flooded Etawah district, the loss of property,crops caused by floods in Uttar Pradesh were assessed to be about Rs 130 crores, the death toll in the current UP floods mounted to 228",IMD,1976.0,8.0,228.0
1976-01-08,1976-07-09,38.0,floods,"Gurdaspur, Ferozepur, Amritsar, Rohtak,Hisar",Punjab,,,85.0,0.0,0.0,425.0,"Severely hit, 2498 villages had been badly affected, during the same period Haryana was also affected by floods, 1 million acres of standing crops of maize, sugar cane,coarse grains had been destroyed, 300 villages of Rohtak,Hisar districts were affected",IMD,1976.0,1.0,85.0
1976-01-08,1976-07-08,7.0,floods,"Srinagar, Anantnag,Jhelum",Jammu and Kashmir,,,0.0,0.0,0.0,0.0,"144 villages in Srinagar,Anantnag were affected by floods in Jhelum, 2 lakh people were adversely affected,fields to an extant of 1 lakh acres were submerged, 1800 pilgrims to Amarnath were stranded",IMD,1976.0,1.0,0.0
1976-08-08,,7.0,floods,Jammu,Jammu and Kashmir,,,68.0,0.0,0.0,0.0,"The flood situation in most parts of Jammu region continued, the water level of Chenab,Ravi was over 10 ft above their danger mark, about 15 villages had been evacuated, 1400 houses collapsed,3000 acres of land eroded",IMD,1976.0,8.0,68.0
1975-01-08,,1.0,heavy rains,"Jodhpur, Nagaur,Sawai Madhopur, Jaipur, Dholpur,Alwar",Rajasthan,,,0.0,0.0,0.0,0.0,,IMD,1975.0,1.0,0.0
1976-08-07,,7.0,heavy rains,"Vadodara,Valsad",Gujarat,,,0.0,0.0,0.0,0.0,"The floods in the river Viswamitri inundated vast areas in Vadodara, more than a thousand hutmens were washed away, the loss to property was estimated at Rs. 2.5 lakhs",IMD,1976.0,8.0,0.0
1976-01-08,1976-07-08,7.0,flood,Unknown,Gujarat,,,0.0,0.0,0.0,0.0,"Narmada crossed the danger mark , Flood water entered Droach town, Viswamitri in Vadodara also crossed the danger mark, 10 villages in Vadodara were affected",IMD,1976.0,1.0,0.0
1976-01-09,1976-07-09,7.0,heavy rains,"Amravati, Akola, Bhandara, Buldhana, Chandrapur, Gadchiroli, Gondia, Nagpur, Wardha, Washim, Yavatmal, Ghaziabad",Maharashtra,,,0.0,0.0,0.0,0.0,Flood disrupted road traffic,IMD,1976.0,1.0,0.0
1976-01-07,1976-07-07,7.0,flash floods,"Khammam, Bhadradri Bhadradri Kothagudem kothagudem",Telangana,,,15.0,0.0,0.0,2000.0,"In the mighty river Godavari had isolated the town of Bhadrachalam,unundated 79 villages in Khammam district, 10,000 acres of standing paddy crops in West Godavari district were submerged",IMD,1976.0,1.0,15.0
1976-11-05,1976-11-05,1.0,heavy rains,Unknown,Tamil Nadu,,,0.0,0.0,0.0,0.0,"Heavy rain 10 cm in about an hour had damaged houses, potato crops,washed out some heads of cattle at Ooty in Tamil Nadu",IMD,1976.0,11.0,0.0
1976-08-10,,14.0,floods,"Chennai, The Nilgiris, Coimbatore",Tamil Nadu,,,2.0,0.0,0.0,0.0,"Chennai, Nilgiris,Coimbatore districts were affected by floods",IMD,1976.0,8.0,2.0
1978-01-08,,21.0,moderate to severe,Krishna,Andhra Pradesh,,,0.0,0.0,0.0,0.0,"400 families rendered homeless, 21 houses damaged, About 8,000 hectares of paddy land submerged,16,000 hectares of land inundated",IMD,1978.0,1.0,0.0
1978-01-08,,21.0,moderate to severe,"West Godavari, Guntur, nalgonda, Khammam,Prakasam,Adilabad, Hyderabad, Jagitial, Jangoan, Mulugu, Jogulamba Gadwal, Kamareddy, Karimnagar, Khammam, Kumuram Bheem Asifabad, Mahabubabad, Mahabubnagar, Mancherial, Medak, Medchal Malkajgiri, Nagarkurnool, Nalgonda, Nirmal, Nizamabad, Peddapalli, Rajanna Sircilla, Ranga Reddy, Sangareddy, Siddipet, Suryapet, Vikarabad, Wanaparthy, Warangal, Warangal, Yadadri Yadadri Bhuvanagiri Yadadri Bhuvanagiri, Bhadradri Bhadradri Kothagudem Bhadradri Kothagudem, Jayashankar Bhupalapally, Narayanpet",Andhra Pradesh,,,44.0,0.0,0.0,300.0,"Paddy fields, roads,vilages inundated, about 3.75 lakh acres of land submerged. In Mahbubnagar district, 1,050 houses damaged,146 tanks breached, the crops of Jowar, Bajra, Ragi, Ground nut, Castor,pulses damaged",IMD,1978.0,1.0,44.0
1978-08-06,,7.0,moderate,Kamrup,Assam,,,0.0,0.0,0.0,0.0,10 villages affected,IMD,1978.0,8.0,0.0
1978-08-08,,7.0,moderate,Dhubri,Assam,,,0.0,0.0,0.0,0.0,"Water swamped huge tracks of land, A bridge near Chutionulla was washed away",IMD,1978.0,8.0,0.0
1978-01-09,1978-07-09,7.0,moderate to severe,"Paschim Purba Medinipur,Purba Purba Medinipur, Bankura",West Bengal,,,64.0,0.0,0.0,0.0,"50,000 people affected, 8,000 houses damaged/destroyed, Total loss Rs. 10 crores",IMD,1978.0,1.0,64.0
1978-08-09,,7.0,severe,"Malda, Hooghly, Paschim Purba Medinipur,Purba Purba Medinipur,Murshidabad",West Bengal,,,86.0,0.0,0.0,1266.0,"33.66 lakhs people,6.57 lakhs hectares affected. ",IMD,1978.0,8.0,86.0
1978-01-10,1978-07-10,7.0,severe,"South 24 Parganas,North 24 Parganas",West Bengal,,,58.0,0.0,0.0,200000.0,"31,000 families afected, 1.5 lakhs of chests of tea affected, Total loss Rs. 9 crores",IMD,1978.0,1.0,58.0
1978-01-08,1978-07-08,7.0,severe,"Patna, Gaya, Nalanda",Bihar,,,0.0,0.0,0.0,0.0,"Due to floods in Punpun, Patna- Gaya road inundated, 70 villages in Patna district affected",IMD,1978.0,1.0,0.0
1978-08-08,,7.0,moderate to severe,"Munger,Patna",Bihar,,,36.0,0.0,0.0,388.0,"Railway track between Sahepur-Kamal,Munger Ghat affected, Barauni Industrial Complex threatened, Drainage longestion in Dinapur area near Patna, both in east,west approach roads to Patna City submerged",IMD,1978.0,8.0,36.0
1978-08-08,,14.0,moderate to severe,Saran,Bihar,,,45.0,0.0,0.0,0.0,,IMD,1978.0,8.0,45.0
1978-08-09,,7.0,moderate,"Khagaria,Munger",Bihar,,,0.0,0.0,0.0,0.0,Many people affected,IMD,1978.0,8.0,0.0
1978-01-10,1978-07-10,7.0,"severe, moderate","Nalanda, Samastipur, Bhojpur, Patna",Bihar,,,0.0,0.0,0.0,0.0,"2,35,000 people affected, 11,000 buildings damaged, vast areas in Bilsa,Bihar Sharif sub-divisions submerged, Patna flooded due to incessant rains, vehicular traffic disrupted, public life paralysed",IMD,1978.0,1.0,0.0
1978-01-03,1978-07-03,7.0,moderate,North,Delhi,,,0.0,0.0,0.0,0.0,Sudden floods in Jamuna left 400 people marooned,IMD,1978.0,1.0,0.0
1978-01-08,1978-07-08,7.0,severe,New New Delhi,Delhi,,,0.0,0.0,0.0,0.0,"7 villages affected, Alipore Block, Shastri Park,Brahampuri flooded",IMD,1978.0,1.0,0.0
1978-01-09,1978-07-09,7.0,very severe,"South West, North west,North",Delhi,,,33.0,0.0,0.0,0.0,"10 lakhs people affected, crops worth Rs. 6 crores destroyed, 20,000 hectares of land in 130 villages damaged, Rail traffic was diverted, many roads submerged, all 4 bridges over the Yamuna closed to traffic (for the first time in history) Total loss Rs. 15 crores",IMD,1978.0,1.0,33.0
1978-01-09,1978-07-09,7.0,severe,"Karnal, Panipat, Kurukshetra, Sonipat, Gurugram",Haryana,,,10.0,0.0,0.0,0.0,"108 villages affected, About 3 lakh hectares of land affected, a number of people drowned, Heavy damage to houses,crops, crops worth Rs. 4 crores lost",IMD,1978.0,1.0,10.0
1978-01-09,1978-07-09,7.0,severe,Shimla,Himachal Pradesh,,,44.0,0.0,0.0,0.0,"A sawmill, watermill washed away",IMD,1978.0,1.0,44.0
1978-08-08,,7.0,moderate,Chumanung,Jammu and Kashmir,,,0.0,0.0,0.0,0.0,"Many areas affected, Large area completely cut-off from Leh. Bridges beyond Leh considerably damaged, the los estimated to be Rs. 25 lakhs",IMD,1978.0,8.0,0.0
1978-01-11,1978-07-11,7.0,severe,"Thiruvananthapuram, Kollam, Alappuzha, Thrissur, Kannur,Malappuram",Kerala,,,44.0,1.0,0.0,0.0,"46,000 houses dmaged, crops in 1,05,600 hectares destroyed, train tracks breached",IMD,1978.0,1.0,45.0
1978-01-02,1978-07-02,7.0,moderate,Jabalpur,Madhya Pradesh,,,0.0,0.0,0.0,0.0,"Crops over 2,000 hectares damaged, untimely heavy rains",IMD,1978.0,1.0,0.0
1978-01-07,1978-07-07,7.0,moderate,"Burhanpur, Chhindwara",Madhya Pradesh,,,11.0,0.0,0.0,0.0,Heavy rains caused landslides,IMD,1978.0,1.0,11.0
1978-01-08,1978-07-08,7.0,moderate,"Jabalpur, Rajgarh",Madhya Pradesh,,,0.0,0.0,0.0,0.0,"Vehicular traffic disrupted, Bridge near Patan washed away",IMD,1978.0,1.0,0.0
1978-01-09,1978-07-09,7.0,moderate to severe,Bhind,Madhya Pradesh,,,2.0,0.0,0.0,15.0,"Very heavy rains caused damage to 5,000 houses, 1 lakh people affected, damage to properties worth Rs. 16.75 lakhs",IMD,1978.0,1.0,2.0
1978-01-02,1978-07-02,7.0,moderate,Nagpur,Maharashtra,,,50.0,0.0,0.0,0.0,Cotton/orange/linseed/wheat crops destroyed,IMD,1978.0,1.0,50.0
1978-08-03,,7.0,moderate,"Jalgaon, Satara",Maharashtra,,,0.0,0.0,0.0,0.0,"Heavy rains caused floods in nullah. Harvested crops,cotton crops damage, heavy rains damaged blossoms of mango trees",IMD,1978.0,8.0,0.0
1978-08-06,,7.0,"moderate to severe, moderate","Beed, Mumbai",Maharashtra,,,9.0,6.0,0.0,0.0,Torrential rains,IMD,1978.0,8.0,15.0
1978-08-07,,7.0,moderate,Mumbai,Maharashtra,,,1.0,0.0,0.0,0.0,Road traffic dislocated,IMD,1978.0,8.0,1.0
1978-01-08,1978-07-08,7.0,moderate,"Ferozepur,Ludhiana",Punjab,,,0.0,0.0,0.0,0.0,"River Sutlej flooded, 6,000 people affected",IMD,1978.0,1.0,0.0
1978-03-08,1978-04-08,2.0,severe,"Ferozepur, Patiala, Hoshiarpur, Ludhiana, Jalandhar, Kapurthala,Rupnagar",Punjab,,,14.0,0.0,0.0,100.0,"1.75 lakhs people rendered homeless, 100 heads of cattle perished, 75 villages devastated, 1,45,000 hectares of land affected, 2,000 seed farms valued at Rs. 300,000 suffered, 1,000 primary school buildings, 26 veterinary hospitals,10,000 tube wells damaged, flood water entered the municipal limits of Ludhiana",IMD,1978.0,3.0,14.0
1978-01-04,1978-07-04,7.0,moderate,The Nilgiris,Tamil Nadu,,,0.0,0.0,0.0,0.0,"20 huts washed away, total loss Rs. 2 lakhs",IMD,1978.0,1.0,0.0
1978-01-11,1978-07-11,7.0,moderate to severe,"Coimbatore, Erode, Salem,Thanjavur, The Nilgiris",Tamil Nadu,,,200.0,23.0,0.0,0.0,"Many houses damaged building washed away (barring a few reinforced structures), communication line from Ooty disrupted, 1 lakh hectares of land hit by floods in Ooty,surrounding villages, , 800 hectares of cropped fields damaged, orange farms turned into vast sheets of water, a number of building structures collpased, Ghat roads cut off due to erosion,landslides",IMD,1978.0,1.0,223.0
1978-01-08,1978-07-08,7.0,moderate to severe,"Uttar Kashi Kashi, Tehri Garhwal, Saharanpur, Moradabad, Bareilly, Meerut, Rampur,Pilibhit",Uttar Pradesh,,,2.0,0.0,0.0,400.0,"Extensive disruption of communication,road traffic, 25 villages affected, landslide near Hanit village in Uttar Kashi district,30,000 people hit in Meerut district, bridge damaged",IMD,1978.0,1.0,2.0
1978-08-08,,7.0,moderate to severe,"Prayagraj, Varanasi, Budaun, Uttar Kashi Kashi, Basti,Hardoi, Garhwal",Uttar Pradesh,,,29.0,0.0,0.0,0.0,"14 bridges costing Rs. 1.16 crores washed away, 80,000 houses damaged, 1.6 million hectares of land affected, 31 other district affected in varying degrees, Road traffic cut off from Badrinath,Kedarnath",IMD,1978.0,8.0,29.0
1978-01-09,1978-07-09,7.0,"severe, moderate to severe","Saharanpur, Moradabad, Prayagraj, Dehradun, Meerut, Varanasi, Jhansi, Ballia, Jalaun, Meerut",Uttar Pradesh,,,850.0,0.0,0.0,0.0,"1,500 villages affected, 80,000 houses damaged, 2,000 houses collapsed, Varanasi University damaged, 8 million people in 500 villages affected, Train services disrupted",IMD,1978.0,1.0,850.0
1978-08-09,,7.0,"moderate, severe","Agra, Mathura, Varanasi,Prayagraj, Lucknow, Gwalior, Ballia, Etawah, Jalaun, Hamirpur,Banda",Uttar Pradesh,,,51.0,22.0,0.0,0.0,"Cities were inundated, many villages marooned, 5 lakh people affected, 400 villages marooned",IMD,1978.0,8.0,73.0
1978-08-09,,14.0,moderate,"Ballia, Etawah,Hamirpur",Uttar Pradesh,,,0.0,0.0,0.0,0.0,50 percent of the total crops damaged,IMD,1978.0,8.0,0.0
1979-01-10,,14.0,flash floods in lohit river,Lohit,Arunachal Pradesh,,,5.0,0.0,0.0,0.0,"i)Road,telecommunication disrupted due to heavy landslides ii)Three bridges washed away iii)Number of villages in low lying areas inundated iv)Part of Tezu town damaged",IMD,1979.0,1.0,5.0
1979-01-07,1979-07-07,7.0,severe floods,"Cachar, Darrang, Dibrugarh, Lakhimpur,Sivasagar",Assam,,,3.0,0.0,0.0,0.0,"i)3,000 families in 12 villages marooned (Mangaldai,Udalguri sub-division worst affected) ii)Several houses swept away because of erosion in the river banks iii)Raod/rail communication disrupted",IMD,1979.0,1.0,3.0
1979-08-09,,7.0,severe floods,Cachar,Assam,,,0.0,0.0,0.0,0.0,"i)30,000 people rendered homeless ii)500 villages with a population of 3 lakh badly effected iii)6,000 houses either damaged or washed away iv)Surging flood waters entered Silchar, Karimganj,Halakand towns",IMD,1979.0,8.0,0.0
1979-11-08,1979-11-08,1.0,moderate floods,Bharuch,Gujarat,,,0.0,0.0,0.0,0.0,i)Low lying areas submerged ii)Water supply remained suspended iii)Normal city life disrupted,IMD,1979.0,11.0,0.0
1979-11-08,1979-11-08,1.0,flash floods,Rajkot,Gujarat,,,1485.0,0.0,0.0,0.0,"i)Water level was about 6 metres some palces in Morvi ii)Carcasses seen hanging on electric/telephone wires iii)Road-cum-rail bridge at Morvi severely damaged iv)8,000 houses damaged v)Number of small scale industrial units wiped out vi)Power/telephone services completely cut-off vii)Total loss to public/private property estimated Rs 103.3 crores",IMD,1979.0,11.0,1485.0
1979-08-07,,7.0,heavy rains,Jammu,Jammu and Kashmir,,,0.0,0.0,0.0,0.0,i)70 houses collapsed ii)Road traffic suspended,IMD,1979.0,8.0,0.0
1979-08-08,1979-09-08,2.0,heavy rains,Unknown,Jammu and Kashmir,,,0.0,0.0,0.0,0.0,Paddy crops destroyed,IMD,1979.0,8.0,0.0
1979-02-08,1979-02-08,1.0,moderate floods,Bagalkotee,Karnataka,,,0.0,0.0,0.0,0.0,"National highway flooded,communication disrupted",IMD,1979.0,2.0,0.0
1979-03-08,1979-04-08,2.0,severe floods,Unknown,Karnataka,,,0.0,0.0,0.0,0.0,i)People in low-lying areas evacuated ii)Paddy fields submerged,IMD,1979.0,3.0,0.0
1979-08-10,1979-08-10,1.0,heavy rains,Bengaluru Rural,Karnataka,,,1.0,20.0,0.0,0.0,"Low lying areas flooded,slums submerged",IMD,1979.0,8.0,21.0
1979-10-06,,10.0,heavy rains,Alappuzha,Kerala,,,0.0,0.0,0.0,0.0,186 hectares of paddy cultivation destroyed,IMD,1979.0,10.0,0.0
1979-02-07,1979-02-07,1.0,heavy rains,Kannur,Kerala,,,4.0,0.0,0.0,0.0,"A bridge,an approach road washed away",IMD,1979.0,2.0,4.0
1979-01-08,1979-03-08,3.0,heavy rains,"Kannur,Kozhikode",Kerala,,,3.0,1.0,0.0,0.0,"i)30 houses washed away,1000 families affected ii)Banana, ginger,paddy crops affected",IMD,1979.0,1.0,4.0
1979-06-08,1979-07-08,2.0,heavy rains,Kannur,Kerala,,,0.0,1.0,0.0,0.0,"i)Roads,bridges damaged ii)Trees uprooted iii)Plants,crops damaged",IMD,1979.0,6.0,1.0
1979-01-07,1979-01-07,1.0,heavy rains,Khargone (Khargone (West Nimar)),Madhya Pradesh,,,2.0,0.0,0.0,0.0,,IMD,1979.0,1.0,2.0
1979-03-08,1979-03-08,1.0,heavy rains,Indore,Madhya Pradesh,,,4.0,0.0,0.0,0.0,i)Low lying areas flooded ii)City reservoir overflowed,IMD,1979.0,3.0,4.0
1979-08-10,,7.0,erratic rains,"Dewas, Mandsaur, Ratlam,Ujjain",Madhya Pradesh,,,0.0,0.0,0.0,0.0,38% to 50% Kharif crops damaged,IMD,1979.0,8.0,0.0
1979-08-07,1979-08-07,1.0,heavy rains,Nagpur,Maharashtra,,,0.0,0.0,0.0,0.0,"i)59 houses collapsed,84 damaged ii)374 people affected",IMD,1979.0,8.0,0.0
1979-01-08,1979-07-08,7.0,severe floods,Nagpur,Maharashtra,,,7.0,26.0,0.0,0.0,"i)Four trucks washe daway ii)One bridge washed away iii)Vehicular traffic between Nagpur,Wardha suspended due to inundation of bridges,culverts iv)2,000 houses damaged v)Loss estimated to Rs 1 crore",IMD,1979.0,1.0,33.0
1979-03-07,1979-04-07,2.0,heavy rains,"Nagpur,Wardha",Maharashtra,,,10.0,0.0,0.0,0.0,"i)Few trucks/buses swept away ii)Several houses collapsed iii)Damage to property/ crops/ animals,agricultural equipments run into several lakh of rupees",IMD,1979.0,3.0,10.0
1979-08-08,1979-10-08,3.0,flash floods,"Amravati, Bhandara, Chandrapur, Nagpur, Wardha,Yavatmal",Maharashtra,,,40.0,0.0,0.0,2128.0,"i)People in 204 villages marooned ii)12,390 houses collapsed iii)Thousand of people rendered homeless iv)Standing crops in 75,000 hectares damaged v)Loss estimated to Rs. 8 crores",IMD,1979.0,8.0,40.0
1979-08-09,,21.0,heavy rains,Ahmednagar,Maharashtra,,,0.0,0.0,0.0,0.0,"i)2.5 lakh hectares of land inundated making it impossible for rabi sowing operations ii)Cotton crop in 80,000 hectares damaged beyond redemption resulting in an estimated loss over Rs. 60 crores",IMD,1979.0,8.0,0.0
1979-04-11,1979-04-11,1.0,moderate floods,Solapur,Maharashtra,,,2.0,2.0,0.0,0.0,Traffic paralysed by floods in Bhogawati river,IMD,1979.0,4.0,4.0
1979-08-07,,14.0,severe floods,"Ajmer, Bhilwara, Bundi, Jalore, Jodhpur, Kota, Nagpur, Pali, Sawai Madhopur, Sikar,Tonk",Rajasthan,,,581.0,0.0,0.0,200000.0,"i)211 villages inundated,40,000 sq.km. area submerged due to breaches in number of dams ii)Two passengers trains marooned due to breaches,submerison of rail tracks in Pali/Jodhpur districts iii)Nearly one million people affected iv)Several houses collapsed v)Loss estimated to Rs. 60 crores",IMD,1979.0,8.0,581.0
1979-03-08,1979-04-08,2.0,severe floods,"Barmer, Jalore, Jodhpur, Nagaur,Pali",Rajasthan,,,0.0,0.0,0.0,0.0,"i)Relief operations disrupted, bringing fresh misery to hundreds of thousands of people whose houses were damaged ii)Reservoirs,bunds overflown",IMD,1979.0,3.0,0.0
1979-12-05,,186.0,heavy rains,Chennai,Tamil Nadu,,,4.0,3.0,0.0,0.0,i)Normal life disrupted ii)Train/Air services delayed,IMD,1979.0,12.0,7.0
1979-12-11,,7.0,severe floods,Tirunelveli,Tamil Nadu,,,30.0,0.0,0.0,0.0,"i)Bridge costing Rs. 23 lakh, under construction washed away ii)Road communication disrupted iii)Power supply,telephone systems seriously affected iv)167 irrigation sources breached v)5,000 families lies in low lying areas rendered homeless vi)2,800 huts washed away vii)809 hectares of standing paddy crops submerged viii)Chillies, coriander seeds,cotton crops in 3,033 hectares damaged",IMD,1979.0,12.0,30.0
1979-09-03,1979-09-03,1.0,heavy rains,Chamoli,Uttarakhand,,,0.0,0.0,0.0,0.0,Number of houses heavily damaged in flash floods,IMD,1979.0,9.0,0.0
1979-08-07,,21.0,severe floods,"Azamgarh, Bahraich, Ballia, Bara Banki, Basti, Chamoli, Dehradun, Deoria, Ayodhya, Gonda, Gorakhpur, Kheri,Sitapur","Uttar Pradesh, Uttarakhand",,,11.0,0.0,0.0,0.0,"i)6.24 lakhs people in 3,600 villages affected ii)Crops in 99,014 hectares affected iii)3,641 houses damaged iv)Traffic dislocated",IMD,1979.0,8.0,11.0
1979-08-08,,14.0,severe floods,"Azamgarh, Bahraich, Ballia, Basti, Deoria, Ayodhya, Gonda, Gorakhpur,Kheri",Uttar Pradesh,,,76.0,0.0,0.0,222.0,"i)21 lakh people in 3,950 villages affected ii)8,924 houses damaged iii)5.16 lakh hectares of cropped area affected",IMD,1979.0,8.0,76.0
1979-10-07,1979-10-07,1.0,heavy rains,Siliguri,West Bengal,,,0.0,0.0,0.0,0.0,"Four thickly populated villages inundated, 10,000 people in river side villages renderd homeless",IMD,1979.0,10.0,0.0
1979-05-08,1979-08-08,4.0,moderate to severe floods,"Howrah, Purba Purba Medinipur",Uttar Pradesh,,,0.0,0.0,0.0,0.0,"10,000 people in river side villages rendered homeless",IMD,1979.0,5.0,0.0
1980-08-06,,14.0,severe floods,"Darrang, Sivasagar",Assam,,,1.0,0.0,0.0,0.0,"i)Over 500 sq. km. area covdring 200 villages flooded affecting more than 1.9 lakh people ii)Extensive damage to standing Ahu paddy,jute crops iii)A large number of people rendered homeless iv)The Kaziranga national park abode of world famous one-horned rhinos flooded,several animals shifted to safer places v)Hundreds of houses / Govt. buildings damaged",IMD,1980.0,8.0,1.0
1980-08-08,,14.0,severe floods,"Darrang, Dibrugarh, Goalpara, Kamrup, Lakhimpur, Nagaon, Sivasagar",Assam,,,23.0,0.0,0.0,0.0,i)2300 villages with a population of 1.3 million people affected ii)Standing crops in 4.9 lakh hectares damaged iii)The embankments breached at several points iv)Rail tracks submerged at several places resulting in the suspension of train services v)4200 houses partially/completely damaged vi)Majuli the largest fresh water island submerged,IMD,1980.0,8.0,23.0
1980-08-08,,7.0,floods,"Begusarai, Bhagalpur, Bhojpur, Pashchim Champaran, Purbi Champaran, Darbhanga, Katihar, Madhubani, Munger, Muzaffarpur, Patna, Purnia,Saharsa, Santal Pargan, Saran, Sitamarhi, Siwan,Samastipur",Bihar,,,18.0,0.0,0.0,0.0,i)Nearly 6 million people badly effected ii)Standing crops in 8.42 lakh hectares damaged iii)37 thousand houses destroyed iv)Road communication disrupted at several places,IMD,1980.0,8.0,18.0
1980-08-07,,21.0,flash floods,"Ambala, Jind, Karnal, Kurukshetra , Sonipat",Haryana,,,3.0,0.0,0.0,0.0,"i)200 villages affected ii)Crops in 80,000 hectares lost,especially paddy,fodder crops destroyed iii)Hundreds of dwelling houses washed away iv)Several important roads inundated at many points v)Electric installations damaged extensuively vi)Estimated loss to crops/public works,property Rs.20 crores/40 crores respectively",IMD,1980.0,8.0,3.0
1980-01-07,1980-01-07,1.0,heavy rains,New New Delhi,Delhi,,,1.0,1.0,0.0,0.0,"i)Low lying colonies inundated ii)Vehicular traffic,telephone services disrupted",IMD,1980.0,1.0,2.0
1980-08-07,,21.0,heavy rains,New New Delhi,Delhi,,,4.0,4.0,0.0,0.0,i)Population of 5 villages affected ii)Many colonies water logged,IMD,1980.0,8.0,8.0
1980-08-07,,14.0,moderate floods,Chandigarh,Chandigarh,,,3.0,0.0,0.0,0.0,i)5 villages marooned ii)Low lying areas flooded iii)Vehicular traffic disrupted,IMD,1980.0,8.0,3.0
1980-12-07,1980-12-07,1.0,moderate floods,Kinnaur,Himachal Pradesh,,,4.0,4.0,0.0,0.0,"The Mebar power house,two saw-mills washed away",IMD,1980.0,12.0,8.0
1980-08-07,,7.0,heavy rains,Jammu,Jammu and Kashmir,,,1.0,1.0,0.0,0.0,,IMD,1980.0,8.0,2.0
1980-02-07,1980-02-07,1.0,moderate floods,"Chikkamagaluru, Dakshina Kannada",Karnataka,,,0.0,0.0,0.0,0.0,"i)A mini dam breached in Kudremukh stock-pile area ii)15 huts collapsed , i)Inundation of large tracks of land ii)Dislocation of vehicular traffic iii)Disruption of telecommunication system iv)Bandtal taluk marooned completely v)Total less estimated : Rs. 2 Lakhs",IMD,1980.0,2.0,0.0
1980-05-07,1980-05-07,1.0,moderate floods,Uttar Kashia Kannada,Karnataka,,,0.0,0.0,0.0,0.0,i)Paddy crop in 2500 hectares damaged ii)100 coconut palms washed away in Honavar,IMD,1980.0,5.0,0.0
1980-01-07,1980-07-07,7.0,heavy rains,Dharwad,Karnataka,,,3.0,4.0,0.0,0.0,"i)10,117 hectares of cultivable land under flood waters ii)Extensive damage to paddy,coconut gardens iii)Loss estimated : Rs. 70 lakhs",IMD,1980.0,1.0,7.0
1980-08-08,,7.0,"heavy rains, moderate floods","Kodagu, Uttar Kashia Kannada",Karnataka,,,3.0,3.0,0.0,800.0,"i)457 families affected due to house collapses ii)800 hectares of land damaged iii)Loss estimated : Rs. 5 lakhs , i)20 villages with 10,000 population marooned in Honavar ii)Power generation in Sharavati hydel project affected iii)Total damages estimated : Rs.25 lakhs",IMD,1980.0,8.0,6.0
1980-01-07,,14.0,heavy rains,"Alappuzha,Kannur, Kottayam, Kozhikode, Malappuram, Palakkad,Thrissur",Kerala,,,8.0,5.0,0.0,0.0,"i)Severe damage to paddy crops in several hectares ii)Low lying areas flooded iii)Many huts washed away iv)Severe damage to houses v)A large number of families rendered homeless,and evacuated to safer places vi)Roads damaged at several points",IMD,1980.0,1.0,13.0
1980-01-10,1980-07-10,7.0,heavy rains,Kozhikode,Kerala,,,0.0,0.0,0.0,0.0,i)Land-slides occured in some places resulting in damage of crops ii)Estimated loss : Rs. 2 lakhs,IMD,1980.0,1.0,0.0
1980-01-07,1980-07-07,7.0,heavy rains,Raipur,Madhya Pradesh,,,0.0,0.0,0.0,0.0,i)3 irrigation dams breached ii)Low lying areas inundated,IMD,1980.0,1.0,0.0
1980-01-07,1980-07-07,7.0,heavy rains,Mumbai,Maharashtra,,,2.0,5.0,0.0,0.0,"i)Low lying areas flooded ii)Vehicular traffic disrupted iii)Rail track on the Ambernath, Badlapur, section washed away iv)A fishing trawler sank in rough seas narrowly escaped from death",IMD,1980.0,1.0,7.0
1980-04-08,1980-04-08,1.0,heavy rains,Mumbai,Maharashtra,,,1.0,0.0,0.0,1.0,i)Low lying areas flooded ii)Rail tracks submerged dislocating train services iii)Vehicular traffic came to a standstill iv)Loading/unloading operations in the docks suspended,IMD,1980.0,4.0,1.0
1980-01-07,1980-07-07,7.0,heavy rains,"North Goa, South Goa",Goa,,,0.0,0.0,0.0,0.0,i)Several trees uprooted ii)Vehicular traffic disrupted,IMD,1980.0,1.0,0.0
1980-01-07,1980-07-07,7.0,moderate floods,Ratnagiri,Maharashtra,,,0.0,0.0,0.0,0.0,"i)Normal life in Chiplun,Rajapur,Khed towns paralysed ii)Road traffic between Pune,Konkan region disrupted",IMD,1980.0,1.0,0.0
1980-04-08,1980-04-08,1.0,severe floods,Thane,Maharashtra,,,0.0,0.0,0.0,0.0,,IMD,1980.0,4.0,0.0
1980-01-09,1980-07-09,7.0,heavy rains,"Chandrapur, Nagpur, Amravati, Wardha,Yavatmal",Maharashtra,,,0.0,0.0,0.0,21.0,i)Crops in nearly 4000 hectares damaged ii)171 houses destroyed iii)2000 persons rendered homeless iv)Estimated loss Rs. 22 lakhs,IMD,1980.0,1.0,0.0
1980-05-10,1980-05-10,1.0,flash floods,"Imphal West, Imphal East",Manipur,,,0.0,0.0,0.0,0.0,"i)3 lakhs people marooned ii)80 villages completely washed away iii)Heavy loss to standing crop,property iv)Ekou bridge on Imphal river completely washed away",IMD,1980.0,5.0,0.0
1980-01-08,1980-07-08,7.0,heavy rains,Puri,Odisha,,,0.0,0.0,0.0,0.0,i)Several villages marooned ii)Crops damaged iii)Paddy seedling lost,IMD,1980.0,1.0,0.0
1980-08-07,,14.0,flash floods,"Gurdaspur, Hoshiarpur, Kapurthala, Ludhiana,Patiala",Punjab,,,21.0,0.0,0.0,0.0,i)125 villages marooned ii)Several thousand people rendered homeless iii)Underground telephone cables damaged iv)Several roads washed away v)Rail tracks breached at several points,IMD,1980.0,8.0,21.0
1980-08-07,,14.0,heavy rains,Alwar,Rajasthan,,,27.0,0.0,0.0,0.0,i)Train services disrupted ii)Vehicular traffic suspended,IMD,1980.0,8.0,27.0
1980-01-07,1980-07-07,7.0,moderate floods,Coimbatore,Tamil Nadu,,,1.0,0.0,0.0,0.0,150 huts along the bank of river washed away,IMD,1980.0,1.0,1.0
1980-12-11,1980-12-11,1.0,flash floods,Chengalpattu,Tamil Nadu,,,1.0,0.0,0.0,0.0,,IMD,1980.0,12.0,1.0
1980-08-07,1980-08-07,1.0,moderate floods,Basti,Uttar Pradesh,,,8.0,8.0,0.0,0.0,,IMD,1980.0,8.0,16.0
1980-08-07,,7.0,"modern floods, flash floods, heavy rains","Chamoli, Tehri Garhwal , Uttar Kashi Kashi, Ballia, Pratapgarh, Dehradun","Uttar Pradesh, Uttarakhand",,,49.0,24.0,0.0,0.0,"i)Many houses washed away ii)Electrical lines damaged iii)Vehicular traffic to Badrinath-Kedarnath dislocated due to several breaches , 3 hydel power stations completely closed resulting in sudden drop in power supply , 500 houses damaged",IMD,1980.0,8.0,73.0
1980-01-08,,52.0,severe floods,"Prayagraj,Azamgarh, Bahraich,Ballia, Bara Banki, Basti, Budaun, Bulandshahr, Dehradun, Deoria, Etah, Etawah, Ayodhya, Farrukhabad, Fatehpur, Garhwal, Gonda, Gorakhpur, Hamirpur, Jaunpur, Kanpur nagar Nagar,Kanpur nagar Dehat, Kheri, Lucknow, Mainpuri, Mathura, Mirzapur, Moradabad, Muzaffarnagar, Pilibhit, Pithoragarh, Pratapgarh,Saharanpur, Sitapur, Sultanpur, Unnao, Uttar Kashi Kashi, Varanasi","Uttar Pradesh, Uttarakhand",,,1313.0,0.0,0.0,5239.0,"i)29 million people in 43,000 villages reeled under the impact of floods ii)Total area affected 5.6 million hectares due to extensive inundation,water logging iii)3 million hectares of cropped area affected.The maize,jowar,Bajra crops suffered almost total loss iv)Several bunds washed away v)7 million people rendered roofless vi)Number of houses collapsed/damaged : 1.8 Million vii)Inter district highways/national highways/ rail tracts breached at many points paralysing traffic communication facilities viii)Most of the towns in the state plunged into darkness following power failure intermittently ix)Water supply, telecommunication channel disrupted in many districts for several days x)Total loss to property estimated at Rs. 200 crores",IMD,1980.0,1.0,1313.0
1980-01-09,1980-07-09,7.0,heavy rains,Darjeeling,West Bengal,,,60.0,0.0,0.0,0.0,i)250 houses badly damaged ii)450 families rendered homeless iii)Many roads damaged disrupting vehicular traffic iv)Roads/bridges washed away,IMD,1980.0,1.0,60.0
1981-10-09,1981-10-09,1.0,flash floods due to sudden cloud burst,Ananthapuramuamu,Andhra Pradesh,,,0.0,0.0,0.0,0.0,"Severe erosion along the railtrack caused its sinkage near Rayalachervu, resulting in subsequent dislocation of rail traffic",IMD,1981.0,10.0,0.0
1981-01-07,1981-07-07,7.0,"brahmaputra,its tributaries in floods","Sivasagar, Lakhimpur, Dibrugarh, Nagaon, Kamrup, Goalpara,Cachar",Assam,,,1.0,0.0,0.0,0.0,"(i) 1 lakh people in 60 villages rendered homeless (ii)Hundreds of hectares of Ahu, Paddy , Jute,Sali seedlings in 1.5 lac hectares damaged (iii)Rail/ road communication disrupted (iv) In Majuli Island 70 villages were under water (v)Work in the oilfields came to a standstill. (vi) Fodder for cattle,drinking water for people posed serious problems (vii) The animals in Kaziranga National Park braved the flood waters by moving to Higher grounds ",IMD,1981.0,1.0,1.0
1981-01-07,1981-07-07,7.0,torrential rains,"Patna,Nawada",Bihar,,,3.0,40.0,0.0,0.0,"(i)Low lying areas flooded (ii)Telephone system affected (iii)Failure of power,water supply made life of people miserable",IMD,1981.0,1.0,43.0
1981-08-07,,21.0,"kosi, kamala, ganga,mahananda rivers in floods","Saharsa, Purnia, Katihar, Madhubani,Purbi Champaran",Bihar,,,0.0,0.0,0.0,0.0,"(i)1.5 people affected (ii)Standing paddy crops in 28,000 hectares valued at Rs 50.59 lacs,public property worth Rs. 35 lacs destroyed ",IMD,1981.0,8.0,0.0
1981-01-08,1981-07-08,7.0,flash flood in ghaggar river,Chandigarh,Chandigarh,,,0.0,0.0,0.0,0.0,"Due to floods, two small islands foemed,19 persons stranded there rescued by helicopter",IMD,1981.0,1.0,0.0
1981-09-07,1981-10-07,2.0,heavy rains,Ahmedabad,Gujarat,,,18.0,0.0,0.0,0.0,(i)Many roads breached (ii)A number of old huts/houses collpased,IMD,1981.0,9.0,18.0
1981-08-07,,7.0,heavy rains,"Jamnagar, Valsad, Surendranagar,Rajkot",Gujarat,,,0.0,0.0,0.0,0.0,"(i)4,620 houses/ 958 huts collapsed (ii)Total estimated loss:51 lacs",IMD,1981.0,8.0,0.0
1981-09-08,1981-09-08,1.0,heavy rains,Vadodara,Gujarat,,,5.0,0.0,0.0,0.0,,IMD,1981.0,9.0,5.0
1981-08-08,,7.0,heavy rains,"Ambala,Faridabad",Haryana,,,4.0,0.0,0.0,17.0,"1,051 houses in 87 villages damaged affecting 26,350 people",IMD,1981.0,8.0,4.0
1981-07-08,1981-07-08,1.0,heavy rains,Poonch,Jammu and Kashmir,,,0.0,0.0,0.0,0.0,Vehicular traffic disrupted at several points,IMD,1981.0,7.0,0.0
1981-01-08,1981-07-08,7.0,heavy rains,Uttar Kashia Kannada,Karnataka,,,0.0,0.0,0.0,0.0,Landslides at many places disrupting the traffic,IMD,1981.0,1.0,0.0
1981-03-09,1981-03-09,1.0,heavy rains,Ballari,Karnataka,,,0.0,0.0,0.0,0.0,"(a)25 houses,100 huts collapsed (b)179 huts,68 houses collapsed",IMD,1981.0,3.0,0.0
1981-10-09,1981-10-09,1.0,heavy rains following cloud burst,Kolar,Karnataka,,,2.0,0.0,0.0,0.0,(i)24 tanks breached destroying standing crops ovr a large area. Loss of crop estimated Rd. 40 lacs (ii)Rail-cabin on the railway station washed away (iii)200 metre of rail track swept away (iv) 3 bridges collapsed (v)Roof of a bus stand collapsed (vi)Scores of cattle reported missing,IMD,1981.0,10.0,2.0
1981-01-06,1981-07-06,7.0,moderate floods,"Kozhikode, Malappuram, Ernakulam, Thrissur, Kollam, Kottayam, Alappuzha,Kannur",Kerala,,,39.0,13.0,0.0,0.0,"(i)Power,telephone system affected (ii)Two mechanised boats capsized (iii)Several houses partially/completely damaged (iv)Paddy crops in 1592 hectares affected (v)Nearly 1000 houses damaged (vi_Nearly 30 lakh people affectedby landslides (vii)25700 coconut trees uprooted (viii)Sea erosion occured along the coastal parts (ix)Many families evacuated to safer places. (x)Crops worthmore than Rs. 4 lakhs lost",IMD,1981.0,1.0,52.0
1981-08-06,1981-08-06,1.0,heavy rains,"Malappuram, Kollam, Thrissur,Kozhikode",Kerala,,,0.0,0.0,0.0,0.0,"(i)77 houses collapsed (ii)164 families evacuated to safer places (iii)Loss to crops like coconut, tapioca, plantain, etc. estimated at Rs.4.5 lacs ",IMD,1981.0,8.0,0.0
1981-08-07,,7.0,narmada river in spate,Chhindwara,Madhya Pradesh,,,1.0,0.0,0.0,0.0,,IMD,1981.0,8.0,1.0
1981-05-08,1981-05-08,1.0,heavy rains,Bhopal,Madhya Pradesh,,,5.0,0.0,0.0,0.0,Hundreds iof Jhuggies washed away,IMD,1981.0,5.0,5.0
1981-08-08,,7.0,heavy rains,"Khargone (Khargone (West Nimar)),Indore",Madhya Pradesh,,,0.0,0.0,0.0,0.0,(i)Flooding of low lying areas (ii)Disruption of vehicular traffic (iii)Submersion of bridge,IMD,1981.0,8.0,0.0
1981-06-06,1981-07-06,2.0,heavy rains,Sangli,Maharashtra,,,1.0,0.0,0.0,13300.0,(i)Several villages became inaccessible due to heavy rains (ii)Some houses collpased,IMD,1981.0,6.0,1.0
1981-04-07,1981-05-07,2.0,heavy rains,Thane,Maharashtra,,,0.0,0.0,0.0,0.0,(i)Normal life badly hit (ii)Road transport severely damaged,IMD,1981.0,4.0,0.0
1981-01-08,1981-07-08,7.0,floods,Sindhudurg,Maharashtra,,,0.0,0.0,0.0,0.0,"All communication disruupted,flooding of low lying areas",IMD,1981.0,1.0,0.0
1981-04-08,1981-05-08,2.0,heavy rains,Nagpur,Maharashtra,,,0.0,0.0,0.0,0.0,"1 house collapsed,a wall under construction caved in",IMD,1981.0,4.0,0.0
1981-08-08,1981-09-08,2.0,heavy rains,Bhandara,Maharashtra,,,0.0,0.0,0.0,0.0,"(i)Standing crops in 1800 hectares in 29 villages of Lakhandur tehsil damaged (ii)18 houses collapsed,193 damaged (iii)Estimated loss:Rs. 4.5 lacs",IMD,1981.0,8.0,0.0
1981-07-09,1981-07-09,1.0,heavy rains,Pune,Maharashtra,,,4.0,7.0,0.0,0.0,,IMD,1981.0,7.0,11.0
1981-09-06,1981-09-06,1.0,heavy rains,Aurangabad,Maharashtra,,,0.0,0.0,0.0,0.0,Complete darkness in the city due to power failure,IMD,1981.0,9.0,0.0
1981-10-06,1981-10-06,1.0,heavy rains,Thane,Maharashtra,,,0.0,0.0,0.0,0.0,Dislocation of vehicular traffic,IMD,1981.0,10.0,0.0
1981-01-07,1981-07-07,7.0,heavy rains,Kohima,Nagaland,,,0.0,0.0,0.0,0.0,"The road communication between Dimapur railhead,Kohima snapped due to landslides",IMD,1981.0,1.0,0.0
1981-03-04,1981-03-04,1.0,heavy rains,Mayurbhanj,Odisha,,,0.0,0.0,0.0,0.0,5 houses partly damaged,IMD,1981.0,3.0,0.0
1981-08-01,,7.0,heavy rains,"Ludhiana, Patiala,Jalandhar",Punjab,,,0.0,0.0,0.0,0.0,"Caused sulphur deficiency in the light soil areas, adversely affecting the standing wheat crops",IMD,1981.0,8.0,0.0
1981-01-08,1981-07-08,7.0,severe floods in rivulets,"Faridkot, Ferozepur, Rupnagar, Jalandhar, Amritsar,Hoshiarpur",Punjab,,,7.0,0.0,0.0,27.0,"(i)46751 hectares of cropped area in 239 villages with a population of about 50,000 affected (ii)7125 houses damaged (iii)Loass to property,crops estimatd at Rs. 30 lakhs",IMD,1981.0,1.0,7.0
1981-11-09,1981-11-09,1.0,palar river in floods,Vellore,Tamil Nadu,,,0.0,4.0,0.0,0.0,Many huts on the bank of the river damaged,IMD,1981.0,11.0,4.0
1981-01-07,1981-07-07,7.0,"manu,deo rivers in floods",Tripura,Tripura,,,0.0,0.0,0.0,0.0,People from affected areas moved to relief camps,IMD,1981.0,1.0,0.0
1981-01-07,,31.0,"rivers gomti, ghagra,tapti in floods","Mathura, Mainpuri, Aligarh, Pratapgarh, Sultanpur, Agra, Farrukhabad, Ballia, Gorakhpur, Bahraich, Azamgarh, Bara Banki,Chamoli","Uttar Pradesh, Uttarakhand",,,148.0,0.0,0.0,513.0,"(i)Population of 53 lacs in 6107 villages affected (ii)5504 villages water logged (iii)Hundreds of houses collapsed (iv)Number of houses damaged:54466 (v)Massive landslides caused due to heavy destruction in hilly areas (vi)Vehicular traffic snapped due to overflowing canals,breaches in the highways (vii)Damage to roads estimated at Rs. 1 crore (viii)More than 25000 hectares of land under water (ix)Kharif sowing severly affected (x)Total crop area affected :134742 hectares (xi) Total area affected: 7 lac hectares",IMD,1981.0,1.0,148.0
1981-01-08,1981-07-08,7.0,"rohini, rapti, burhi gandak, sharda, ghagra in floods","Gorakhpur, Ballia, Deoria, Ayodhya, Azamgarh, Sitapur, Basti, Unnao, Pratapgarh, Saharanpur, Lucknow, Bara Banki,Bahraich",Uttar Pradesh,,,95.0,0.0,0.0,76.0,(i)Large areas inundated leaving a trail of devastation (ii)Several villages inundated (iii)A population of 75 lacs in 9000 villages marooned (v)2000 houses damaged due to water logging (v) 7000 people rescued (vi)Rail traffic disrupted (vii)Communication network thrown out of gear (viii)Many bunds breached,IMD,1981.0,1.0,95.0
1981-08-09,,21.0,"floods in ghagra, rapti , burhi,kawano","Gorakhpur, Ballia, Deoria, Ayodhya, Basti,  Pratapgarh, Bara Banki,Sitapur",Uttar Pradesh,,,109.0,0.0,0.0,606.0,(i)Normal life paralysed (ii)Thousands of villages marooned (iii)600 villages inundated rendering thousands of people homeless (iv)Boats deployed to evacuate marooned people (v)Air dropping for foods (vi)Several bunds breached (vii)Entire population of Saharsa village rescued,IMD,1981.0,8.0,109.0
1981-01-10,1981-07-10,7.0,"flodds in rapti, burhi,ghagra rivers","Basti, Gorakhpur, Ballia, Bahraich",Uttar Pradesh,,,14.0,0.0,0.0,0.0,(i)no of villages affected :400 (ii)No. of houss damaged:5000 (iii)Boats pressed into service for evacuating marooned people,IMD,1981.0,1.0,14.0
1981-01-05,,31.0,unseasonal heavy rains,"Purba Purba Medinipur, Paschim Purba Medinipur, Hooghly, Malda, Purba Purba Bardhaman, Paschim Purba Bardhaman",West Bengal,,,0.0,0.0,0.0,0.0,"Aman,Boro crops in 4047 hectares damaged",IMD,1981.0,1.0,0.0
1981-09-06,1981-09-06,1.0,heavy rains,Kolkata,West Bengal,,,0.0,0.0,0.0,0.0,"Many areas watr logged, Disrupting road traffic",IMD,1981.0,9.0,0.0
1981-01-07,1981-07-07,7.0,"mechi, jalanhaka,mahananda river in floods","Darjeeling, Jalpaiguri,Malda",West Bengal,,,0.0,0.0,0.0,0.0,"(i)4 villages submerged affecting 400 families. National Highway 30 breached at several points. Vast areas inundated (ii)Road traffic betwen Siligri,Darjiling came to a stand still following breaches at several points",IMD,1981.0,1.0,0.0
1981-01-07,1981-07-07,7.0,haldi river in floods,"Purba Purba Medinipur, Paschim Purba Medinipur",West Bengal,,,0.0,0.0,0.0,0.0,Many people rendered homeless,IMD,1981.0,1.0,0.0
1981-10-07,1981-10-07,1.0,heavy rains,Kolkata,West Bengal,,,0.0,0.0,0.0,0.0,"(i)Normal life in the city,neighbourhood went out of gear (ii)Roads remained submerged, dislocating public transport system",IMD,1981.0,10.0,0.0
1982-01-09,1982-07-09,7.0,"severe (ganga, mahananda,pun pun rivers)","Begusarai, Bhagalpur,Bhojpur, Darbhanga, Katihar,Munger, Samastipur, Saran, Siwan , Vaishali",Bihar,,,0.0,0.0,0.0,0.0,(i) Over 3 million people in 773 villages affected. (ii) Chapra-Sonpur rail-track submerged.,IMD,1982.0,1.0,0.0
1982-06-05,1982-06-05,1.0,heavy rains,Ahmedabad,Gujarat,,,5.0,8.0,0.0,0.0,,IMD,1982.0,6.0,13.0
1982-10-05,1982-10-05,1.0,heavy rains,Surendranagar,Gujarat,,,0.0,0.0,0.0,0.0,"(i) Power supply disrupted, (ii) Low lying areas in Surendra nagar town inundated.",IMD,1982.0,10.0,0.0
1982-01-03,1982-04-03,4.0,heavy rains (unseasonal),"Kurukshetra, Sonipat",Haryana,,,0.0,0.0,0.0,0.0,Extensive damage to standing rabi crops. ,IMD,1982.0,1.0,0.0
1982-12-05,1982-12-05,1.0,cloud burst,Poonch,Jammu and Kashmir,,,0.0,0.0,0.0,0.0,"(i) A school building,a suspen sion bridge washed away. (ii) 50 houses damaged.",IMD,1982.0,12.0,0.0
1982-01-08,1982-04-08,4.0,"heavy rains, (flooding of tawi river.)","Jammu, Poonch",Jammu and Kashmir,,,12.0,9.0,0.0,0.0,,IMD,1982.0,1.0,21.0
1982-01-08,,14.0,moderate (tunga river),Shivamogga,Karnataka,,,2.0,0.0,0.0,0.0,"(i) Over 350 houses,large number of huts inundated. (ii). Vehicular traffic disrupted.",IMD,1982.0,1.0,2.0
1982-01-08,,14.0,"severe (ne travathi, sharavathi, aghana shini. & varada rivers.",Uttar Kashia Kannada,Karnataka,,,16.0,0.0,0.0,0.0,"(i) 28 villages in Kumta taluk submerged. (ii) A large area of paddy fields submerged. (iii) One primary school building washed away. (iv) 3000 houses destroyed. . (v) Property worth Rs.2 crore in Bhatkal, Honawar & Kumta taluks  affected.",IMD,1982.0,1.0,16.0
1982-01-08,,14.0,moderate,Dakshina Kannada,Karnataka,,,1.0,0.0,0.0,0.0,,IMD,1982.0,1.0,1.0
1982-01-08,1982-07-08,7.0,moderate (tungabhadra - river),Ballari,Karnataka,,,0.0,0.0,0.0,0.0,"Standing crops in Hadagali, Halava galu & Harpanahalli taluks damaged.",IMD,1982.0,1.0,0.0
1982-01-08,1982-03-08,3.0,heavy rains,Kozhikode,Kerala,,,0.0,0.0,0.0,0.0,"Landslide occurred at Kuttiadi hills, causing heavy damage to crops.",IMD,1982.0,1.0,0.0
1982-01-09,,15.0,heavy rains,Guna,Madhya Pradesh,,,9.0,0.0,0.0,700.0,4740 families affected.,IMD,1982.0,1.0,9.0
1982-03-06,1982-03-06,1.0,heavy rains,Ratnagiri,Maharashtra,,,0.0,2.0,0.0,0.0,2 temples damaged,IMD,1982.0,3.0,2.0
1982-05-07,1982-05-07,1.0,heavy rains,Raigarh,Maharashtra,,,0.0,0.0,0.0,0.0,9.5 metre stretch of a road washed away in Roha,IMD,1982.0,5.0,0.0
1982-12-07,1982-12-07,1.0,heavy rains,Nanded,Maharashtra,,,2.0,5.0,0.0,0.0,,IMD,1982.0,12.0,7.0
1982-01-03,1982-04-03,4.0,moderate (rivulets in spate),Rupnagar,Punjab,,,0.0,0.0,0.0,0.0,"Vehicular traffic along Nurpur. Bedi,Ropar-Bela suspended.. ",IMD,1982.0,1.0,0.0
1982-01-03,1982-04-03,4.0,heavy rains (unseasonal),Faridkot,Punjab,,,0.0,0.0,0.0,0.0,Standing rabi crops extensively damaged,IMD,1982.0,1.0,0.0
1982-05-06,1982-05-06,1.0,heavy rains,"Akharpur, Deoria,Gorakhpur",Uttar Pradesh,,,5.0,0.0,0.0,0.0,,IMD,1982.0,5.0,5.0
1982-08-08,,7.0,flash floods in a nullah,Chamoli,Uttarakhand,,,0.0,5.0,0.0,0.0,4 houses washed away in Admala village (Karanprayag Tehsil),IMD,1982.0,8.0,5.0
1982-08-09,,7.0,"severe(ganga, yamuna,their tributaries, ghagra, rapti, gomti,burhi-gandak,betwa) )","Prayagraj , Bahraich, Bara Banki, Basti, Deoria, Gonda, Gorakhpur, Jaunpur, Lucknow, Sitapur, Sultanpur , Unnao",Uttar Pradesh,,,0.0,0.0,0.0,0.0,,IMD,1982.0,8.0,0.0
1982-01-09,1982-07-09,7.0,"moderate(bhagirathi,bhairab rivers)","Malda,Murshidabad",West Bengal,,,0.0,0.0,0.0,0.0,Number of villages affected,IMD,1982.0,1.0,0.0
1983-08-08,1983-11-08,4.0,severe (godavari),Adilabad,Andhra Pradesh,,,4.0,0.0,0.0,23.0,"(i)154 villages affected (ii)About 10770 people evacuated to safer places (iii)2150 houses damaged, loss of property estimated to be worth Rs. 320 lakh(iv)Crop in 1,67,930 acres flooded (v) 600 metre rail line between Mudkhed-Adilabad, breached",IMD,1983.0,8.0,4.0
1983-08-08,1983-11-08,4.0,severe (godavari),East Godavari,Andhra Pradesh,,,0.0,0.0,0.0,0.0,50000 hectares of crop-land submerged,IMD,1983.0,8.0,0.0
1983-08-08,1983-11-08,4.0,severe (godavari),Karimnagar,Andhra Pradesh,,,27.0,0.0,0.0,5700.0,"(i)Wet crop over 33,000 acres,dry crop over 73,000 acres damaged (ii)83 minor,medium irrigation sources completely breached (iv)6000 houses collapsed (v) Loss due to damages of roads in Karimnagar town municipal area estimated to be Rs.100 lakh, while loss to Panchayat Raj estimated to be Rs. 350 lakh (vi)Loss to Electricity Board Rs. 15 Lakh, to Roads,Buildings Rs. 65.84 lakhs,to Irrigation System Rs.111.12 Lakh Total loss estimated about Rs. 20 Crore",IMD,1983.0,8.0,27.0
1983-08-08,1983-11-08,4.0,severe (godavari),Khammam,Andhra Pradesh,,,0.0,0.0,0.0,0.0,"(i)Bhadracharan,Kothakodam division affected (ii)5770 houses damaged (iii)Crop in 8530 hectare area damaged; loss estimated to be Rs.  70 lakh (iv)Loss to private property estimated to be Rs. 1.2 crore while that of public property to be Rs. 1 crore ",IMD,1983.0,8.0,0.0
1983-08-08,1983-11-08,4.0,severe (godavari),Nizamabad,Andhra Pradesh,,,0.0,0.0,0.0,0.0,(i)Crop in one lakh acre either flooded or sandcast. Many agriculture pump sets washed away. Total loss to agriculture estimated as Rs. 10 Crore (ii)Loss to electric installations estimated Rs. 10 lakh (iii)Road communications to about 50 villages cut off. Nizamabad town cut off for 4 days due to breaches in national highways,IMD,1983.0,8.0,0.0
1983-08-08,1983-11-08,4.0,severe (godavari),"Warangal, Warangal, Warangal, Warangal",Andhra Pradesh,,,0.0,0.0,0.0,0.0,"(i)Standing crops in about 2200 acre completely damaged. Estimated loss Rs. 8 lakh (ii)954 houses completely damaged,600 partially damaged in Eturunagaram taluk (iii)86 irrigation tanks breached in 7 taluks (iv)4 main roads damaged",IMD,1983.0,8.0,0.0
1983-08-08,1983-11-08,4.0,severe (godavari),West Godavari,Andhra Pradesh,,,6.0,0.0,0.0,0.0,"(i)Godavari water flooded parts of Polavarm town (ii)30,000 hectares of sugar cane,paddy crops affeected",IMD,1983.0,8.0,6.0
1983-01-10,1983-07-10,7.0,severe (godavari),"Adilabad, East Godavari, Karimnagar, Khammam, Krishna, Medak, Nalgonda,Srikakulam, Vizianagaram, Visakhapatnam, Warangal, Warangal, Warangal, Warangal, West Godavari",Andhra Pradesh,,,0.0,0.0,0.0,0.0,"(i)Wet crop in 3,15,000 hectare completely or partially damaged. Loss estimated to be Rs. 160 crore, while dry crop in 36,000 hectares of land fully,in 2,50,000 hectares of land partially damaged.Loss estimated to be Rs. 34 crore (ii)About 7,000 minor irrigation tanks breached, Total damage to major, medium,minor irrigation sources, drainage,flood banks estimated to be Rs.25 crore (iii)Flood water damaged roads of about 2000 km in length,loss estimated Rs.120 crore.",IMD,1983.0,1.0,0.0
1983-08-05,,16.0,"severe(brahmaputra,its tributaries)","Cachar,Sivasagar",Assam,,,0.0,0.0,0.0,0.0,"(i)Flood water of Jhanji river breached its embankment,inundated its vast area affecting about 5000 families in Teok. (ii)Standing Ahu crop (summer paddy) in a vast area damaged (iii)Over 500 people shifted to relief camp at Neelam Bazar in Karimganj (iv)The road communication at Teok,Simalguri, disrupted",IMD,1983.0,8.0,0.0
1983-01-07,1983-07-07,7.0,"severe(brahmaputra, Baksa,their tributaries)","Dibrugarh, Lakhimpur,  Sivasagar,Nagaon",Assam,,,0.0,6.0,0.0,0.0,"(i)Flood water eroded extensive area  in Silighat rendering 150 people homeless (ii)Number of persons marooned in Lakhimpur dist due to flood in Dikrong river (iii)Flood water of Brahmaputra inundated over 30 villages in Dibrugarh (iv)About 2000 people affected in Jorhat due to flooding of the Disang,Dikhow",IMD,1983.0,1.0,6.0
1983-08-09,,7.0,"severe(brahmaputra,its tributaries)",Goalpara,Assam,,,22.0,0.0,0.0,0.0,"(i)2500 villages covering an area of 4.43 lakh hectare,with a population of 13. 4 lakh people, affected (ii)Standing crops in 58,000 hectare damaged (iii)Tributary Arie of Brahmaputra breached a portion of railway track between Bijnor,Chapra stations disrupting train services on Gauhati-New Bongaigaon section of NE frontier railway (iv)National Highway  between Bijnor,Chapra,Ata  submerged under flood water.",IMD,1983.0,8.0,22.0
1983-01-07,1983-07-07,7.0,"severe (mahananda, ganga,kosi)",Katihar,Bihar,,,0.0,0.0,0.0,0.0,"(i)12 villages inundated (ii)154 km long protection embankment of Mahananda river in Charamari village,Topra-Chooukia-Paharpur embankment of Ganga, threatened by breaching, posing danger to a population of 14 lakh people (iii)44 embankments at Baharkhal breached.",IMD,1983.0,1.0,0.0
1983-08-07,,7.0,"(severe (mahananda, ankan,their tributaries )",Purnia,Bihar,,,0.0,0.0,0.0,0.0,"(i)Vast areas in Krishnaganj, Bahadurganj,Dighanbank of Krishnaganj Sub division submerged (ii)Jute crop damaged (iii)Road link the sub divisional town with 5 block HQ was in Danger due to breaches",IMD,1983.0,8.0,0.0
1983-01-08,1983-07-08,7.0,"severe(ganga,its tributaries)",Munger,Bihar,,,0.0,0.0,0.0,0.0,The Ganga threatened the Khagaria-Narainpur embankment posing a danger to 20 villages,IMD,1983.0,1.0,0.0
1983-01-08,1983-07-08,7.0,severe (bagmati),Purbi Champaran,Bihar,,,0.0,0.0,0.0,0.0,"(i)7000 meter embankment of river bagmati near Devpur-Balughat approach road at 2 points (ii) 70,000 people in Pathi, Pakridyal,Madhuban block affected.",IMD,1983.0,1.0,0.0
1983-08-09,,14.0,"severe (ganga, mahananda,their tributaries)","Katihar,Munger, Saran,Vaishali",Bihar,,,0.0,10.0,0.0,0.0,"(i)30 villages inMunger dist. inundated by flood (ii) 25 villages in Hajipur, Raghopur Diara,Sonpur in Vaishali dist. affected (iii)15 villages in Saran dist affected (iv)600 families rendered homeless due to flood in Mahananda in Katihar dist.",IMD,1983.0,8.0,10.0
1983-04-07,1983-05-07,2.0,heavy rains,"Jhajjar, Gurugram, Faridabad, Mahendragarh, Rewari, Nuh, Palwal, Charki Dadri, Yamunanagar, Kurukshetra, Kaithal, Sirsa, Karnal, Jind, Fatehabad, Hisar, Panipat, Sonipat, Bhiwani, Rohtak, Panchkula, Ambala",Haryana,,,0.0,0.0,0.0,0.0,"(i)Number of hosues collapsed (ii)Water supply, electricity, telecommunications service disrupted (iii)Vehicular traffic,train traffic delayed or held up.",IMD,1983.0,4.0,0.0
1983-05-09,1983-10-09,6.0,severe(flash flooding),"Kangra,Kullu",Himachal Pradesh,,,2.0,9.0,0.0,0.0,"(i)A railway bridge near Jasur washed away disrupting rail traffic between Pathankot,Jogindernagat (ii)A petrol pump,some shops in Jasur town washed away (iii)More than 2000 boxes of apple washed away. Total loss estimated to be Rs. 80 lakh (iv)The loss to the soil conservation wing of the state forest dept. estimated to be Rs. 80 lakh (v) Kulu-Manali road damaged at several places ",IMD,1983.0,5.0,11.0
1983-12-10,,5.0,heavy rains,Rajouri,Jammu and Kashmir,,,3.0,0.0,0.0,0.0,(i)300 houses collapsed (ii)Number of wooden slippers washed away from the bank of flooded Chenab river ,IMD,1983.0,12.0,3.0
1983-03-07,1983-03-07,1.0,cloud burst,Anantnag,Jammu and Kashmir,,,2.0,0.0,0.0,0.0,,IMD,1983.0,3.0,2.0
1983-09-08,1983-09-08,1.0,heavy rains,Baramulla,Jammu and Kashmir,,,0.0,0.0,0.0,15.0,24 houses damaged,IMD,1983.0,9.0,0.0
1983-01-09,1983-02-09,2.0,heavy rains due to cloud burst,"Jammu, Poonch, Srinagar",Jammu and Kashmir,,,12.0,0.0,0.0,11.0,"(i)2 houses washed away (ii) 1 bridge,a portion of nearby road damaged (iii)1 house washed away",IMD,1983.0,1.0,12.0
1983-08-08,,7.0,moderate(bhima),Koppal,Karnataka,,,0.0,0.0,0.0,0.0,"(i)The road link between Bijapur, Kalaburagi disrupted (ii)People from Mashal, Manhur,Madiyal shifted to safer places",IMD,1983.0,8.0,0.0
1983-10-09,1983-10-09,1.0,heavy rains,Bengaluru Rural,Karnataka,,,4.0,0.0,0.0,0.0,,IMD,1983.0,10.0,4.0
1983-10-08,,8.0,incessant rains,Ernakulam,Kerala,,,0.0,0.0,0.0,0.0,Paddy crop in 1600 hectares area submerged,IMD,1983.0,10.0,0.0
1983-02-11,1983-02-11,1.0,heavy rains,Palakkad,Kerala,,,0.0,0.0,0.0,0.0,22 houses washed away,IMD,1983.0,2.0,0.0
1983-05-09,1983-05-09,1.0,moderate(berna),Raisen,Madhya Pradesh,,,28.0,11.0,0.0,0.0,,IMD,1983.0,5.0,39.0
1983-08-09,1983-08-09,1.0,"severe(berna, bina, ghasan,sunar)",Sagar,Madhya Pradesh,,,0.0,0.0,0.0,12.0,(i)20 villages submerged (ii)Crops in 700 hectare damaged. The loss estimated Rs. 35 lakh (iii)700 houses collapsed (iv)The loss to PHE Dept estimated to be Rs. 14 lakh while that to PWD to be Rs. 10 lakh. The total loss to public property estimated to be Rs. 3 Crore,IMD,1983.0,8.0,0.0
1983-08-09,1983-09-09,2.0,heavy rains,"Bhind, Guna, Gwalior, Chhatarpur,Narmadapuram, Jabalpur,Sagar",Madhya Pradesh,,,22.0,0.0,0.0,0.0,"(i) 614 houses completely,864 patially damaged (ii)Govt property worth Rs 83 lakh lost",IMD,1983.0,8.0,22.0
1983-09-09,1983-09-09,1.0,moderate (tamus),Rewa,Madhya Pradesh,,,0.0,25.0,0.0,0.0,,IMD,1983.0,9.0,25.0
1983-11-09,1983-11-09,1.0,"severe (betwa,kunwari)","Guna,Morena",Madhya Pradesh,,,60.0,0.0,0.0,0.0,500 labourers marooned in Guna dist.,IMD,1983.0,11.0,60.0
1983-12-09,1983-12-09,1.0,heavy rains,Datia,Madhya Pradesh,,,3.0,0.0,0.0,0.0,,IMD,1983.0,12.0,3.0
1983-11-08,,7.0,"severe(godavari, krishna, bhima, pravara, koyna, manjura, manwad, lendi, kayadu, penganga,warna)","Aurangabad, Dharashiv, Jalna, Beed, Latur, Nanded, Hingoli,Parbhani, Solapur,Amravati, Akola, Bhandara, Buldhana, Chandrapur, Gadchiroli, Gondia, Nagpur, Wardha, Washim,Yavatmal",Maharashtra,,,106.0,26.0,0.0,0.0,"(i)Hundreds of villages in 19 districts badly affected (ii)Several houses either collapsed or damaged (iii)Extensive damage to crop,property (iv)Road traffic disrupted (v) 70 villages affected (vi) Hundreds of people in Bilol,Hadgaon taluks spent 3 successive days on trees,roof toops (vii)Number of farm labourers from Kundalwadi, Mashri, Shelgaon,Babli marooned on a bridge on Godavari (viii) Large number of houses,bridges destroyed (ix) Large number of people started starving due to lack of food,drinking water (x)8 villages in Malshiras, Madha,Mangalvedha taluks,3 village in Mohol taluk flooded",IMD,1983.0,11.0,132.0
1983-05-10,1983-07-10,3.0,"severe (godavari, manjira, lendi,manya)",Nanded,Maharashtra,,,5.0,0.0,0.0,0.0,"(i)35 villages marooned (ii) Over 4000 people evacuated (iii)Road traffic from Nanded to Aurangabad, Akola, Hyderabad, Parbhani,Delgur cut off due to submersion fo various bridges",IMD,1983.0,5.0,5.0
1983-09-10,1983-09-10,1.0,severe(mula-mutha),Pune,Maharashtra,,,0.0,0.0,0.0,0.0,Flash flood caused damage to the tune of Rs 2.5 crores,IMD,1983.0,9.0,0.0
1983-01-07,1983-07-07,7.0,heavy rains,Siang,Meghalaya,,,4.0,0.0,0.0,0.0,,IMD,1983.0,1.0,4.0
1983-08-07,1983-10-07,3.0,"moderate(kolab,indravati)",Koraput,Odisha,,,3.0,0.0,0.0,0.0,"(i)About 5000 farmers in 10 blocks of the dist. affected (ii)Several hundred of people rendered homeless, when flood water washed away their mud houses (iii)2 houses at the upper Kolah hydro project washed away when  a confer dam at the project site gave away under the pressure of flood water (iv)Number of wooden bridges damaged,connecting roads breached (v)Widespread damage caused to crop",IMD,1983.0,8.0,3.0
1983-07-09,1983-10-09,4.0,"moderate(brahmi,baitarni)",Bhubaneshwar,Odisha,,,5.0,0.0,0.0,0.0,,IMD,1983.0,7.0,5.0
1983-04-07,1983-05-07,2.0,heavy rains,Amritsar,Punjab,,,1.0,0.0,0.0,0.0,"(i)Number of houses collapsed (ii) Water supply, electricity,telecommunication services disrupted (iii)Vehicular traffic,train services delayed or held up",IMD,1983.0,4.0,1.0
1983-01-07,1983-07-07,7.0,heavy rains,"Jalore, Pali,Sirohi",Rajasthan,,,10.0,0.0,0.0,0.0,(i) Hundreds of people rendered homeless (ii)Rewatara village in Jalor dist inundated (iii) Extensive damage to property,IMD,1983.0,1.0,10.0
1983-10-09,1983-10-09,1.0,heavy rains,"Alwar,Bharatpur",Rajasthan,,,0.0,0.0,0.0,0.0,"Alwar,Bharatpur towns threatened due to leaks in Ramgarh lake in Jaipur",IMD,1983.0,10.0,0.0
1983-12-09,,2.0,severe (flash floods),"Gangtok, Mangan",Sikkim,,,113.0,0.0,0.0,0.0,"(i)East District-Chunotanle highway breached due to flash flood (ii) 27 landslides( 4 of the massive ) Marooned number of people in Mangan town,its surroundings",IMD,1983.0,12.0,113.0
1983-07-09,,8.0,"severe(flash flooding in palar,mahakamanta)",Vellore,Tamil Nadu,,,3.0,0.0,0.0,0.0,"(i)In Gudiyathan, 42 huts washed away due to flash floods in Mahakamanta river (ii)Flood water entered in  a secondary high school",IMD,1983.0,7.0,3.0
1983-03-05,1983-03-05,1.0,severe (flash flooding),North Tripura,Tripura,,,12.0,0.0,0.0,0.0,H.Q town North Tripura cut off from rest of the state for 5 days,IMD,1983.0,3.0,12.0
1983-04-07,1983-06-07,3.0,"moderate(manu,khowai)","North Tripura, Dhalai, Sepahijala, Gomati, Khowai, West Tripura, South Tripura, Unakoti",Tripura,,,0.0,0.0,0.0,0.0,"(i)4000 people rendered homeless (ii)Vast area including some parts of West Tripura submerged under water (ii)North Tripura, HQ of North Tripura Dist cut off from the rest of the state",IMD,1983.0,4.0,0.0
1983-08-08,,14.0,severe(all the major rivers),"North Tripura, Dhalai, Sepahijala, Gomati, Khowai, West Tripura, South Tripura, Unakoti",Tripura,,,34.0,0.0,0.0,0.0,"Loss to crop,property reported",IMD,1983.0,8.0,34.0
1983-06-07,1983-06-07,1.0,heavy rains,"Jhansi,Moradabad",Uttar Pradesh,,,0.0,0.0,0.0,0.0,(i)Several houses collapsed (ii)Vehicular traffic disrupted due to road breaches ,IMD,1983.0,6.0,0.0
1983-05-08,,27.0,"severe (ganga, yamuna,their tributaries)","Meerut, Bulandshahr, Gautam Buddha Nagar, Ghaziabad, Hapur, Baghpat, Saharanpur, Muzaffarnagar",Uttar Pradesh,,,118.0,0.0,0.0,3000.0,"(i)28 lakh people in 8500 villages in 22 dists affected (ii)13000 houses collapsed (iii)Crop in 2 lakh hectare damaged (iv)Entire Mathura city submerged in flood waters from 15-17 August. About 200 temples inaccessible Gobardhan  town,Gobardhan-Prakasam remained under 3 feet of water. Waterlogging caused malaria epidemic.",IMD,1983.0,5.0,118.0
1983-09-09,,16.0,"severe(ganga , yamuna, ken shandrawal, rapti, sarju, gadri,ghagra )","Amroha, Hapur, Bareilly, Pilibhit, Bulandshahr, Gautam Buddha Nagar, Kheri, Budaun, Bahraich, Shahjahanpur, Aligarh, Kasganj, Mathura, SShrawasti, Sitapur, Hathras, Etah, Hardoi, Farrukhabad, Firozabad, Siddharthnagar, Mainpuri, Mahrajganj, Agra, Gonda, Bara Banki, Kushinagar, Kannauj, Lucknow, Basti, Gorakhpur, Sant Kabir Nagar, Unnao, Etawah, Kanpur nagar Nagar, Auraiya, Ayodhya, Kanpur nagar Dehat, Deoria, Sultanpur, Ambedkar Nagar, Rae Bareli, Jalaun, Azamgarh, Mau, Fatehpur, Ballia, Jaunpur, Jhansi, Banda, Ghazipurr, Kaushambi, Prayagraj, Varanasi, Chitrakoot, Chandauli, Bhadohi, Mirzapur, Lalitpur, Sonbhadra, Amethi, Ghaziabad, Sambhal, Mahoba, Saharanpur, Bijnor, Muzaffarnagar, Baghpat, Meerut, Moradabad, Rampur, Shamli, Balrampur, Hamirpur, Pratapgarh",Uttar Pradesh,,,216.0,0.0,0.0,0.0,"(i)About 85 lakh people in 49 dists,over 13,200 villages affected (ii)About 21 lakh hectare land submerged (iii)78000 houses damaged (iv)Many bunds,culverts damaged disrupting vehicular traffic at several places. (v)Train services delayed on many days (vi)A railway engine,3 bogies swept away on the Gonda-Mailani section of NE railway",IMD,1983.0,9.0,216.0
1983-01-07,1983-07-07,7.0,"moderate(tiata, torsa, raidak. mansi,dalong)",Cooch Behar,West Bengal,,,0.0,1.0,0.0,0.0,"(i)12450 peopel affected in Mathabhanga subdivision due to flooding in Mansi river (ii)1600 people shifted to safer places as the flood water of Tista, Poyasthi,Dhaprahat villages ",IMD,1983.0,1.0,1.0
1983-12-09,,3.0,moderate (kajihi),"Cooch Behar,Jalpaiguri",West Bengal,,,13.0,0.0,0.0,0.0,"(i)10,000 people in Alipurduar affected (ii)Damage caused to private,public property",IMD,1983.0,12.0,13.0
1983-10-09,,5.0,heavy rains,"Upper Lower Subansiri, Anjaw, Changlang, Tawang, Papum Pare, Tirap, East Siang, Lohit, Kurung Kumey, Lower Lower Subansiri, East Kameng, West Kameng, West Kameng, West Kameng, Kra Daadi, Namsai, Longding, Upper Siang, Lower Siang, Dibang Valley, Lower Dibang Valley, Siang, Shi Yomi, Pakke Kessang, West Siang, Leparada, Kamle",Arunachal Pradesh,,,0.0,0.0,0.0,0.0,Heavy landslide disrupted road raffic in many places,IMD,1983.0,10.0,0.0
1983-04-07,1983-05-07,2.0,heavy rains,"Gurdaspur, Hoshiarpur, Amritsar, Jalandhar, Tarn Taran, Rupnagar, Shahid Bhagat Singh Nagar, Fazilka, Moga, Ludhiana, S.A.S Nagar*, Faridkot, Fatehgarh Sahib, Sri Sri Muktsar Sahib Sahib, Sangrur, Barnala, Bathinda, Patiala, Mansa, Ferozepur, Pathankot, Kapurthala",Punjab,,,0.0,0.0,0.0,0.0,"(i)Number of houses collapsed (ii)water supply, electricity,telecommunication services disrupted (iii)Vehicular,train delayed or held up",IMD,1983.0,4.0,0.0
1984-10-09,1984-10-09,1.0,heavy rains,Visakhapatnam,Andhra Pradesh,,,0.0,4.0,0.0,0.0,Several thatched houses damaged,IMD,1984.0,10.0,4.0
1984-08-06,,7.0,severe,"Cachar, Dibrugarh, Jorhat, Lakhimpur,Darrang",Assam,,,0.0,0.0,0.0,0.0,"i)Standing crops in large tract of low lying reverine areas damaged ii)Many villages in Upper Assam submerged under flood water iii)Some parts of Kaziranga National park in Jorhat district inundaated by flood waters,animals forced to take shelter to safer places",IMD,1984.0,8.0,0.0
1984-08-07,,7.0,severe,"Darrang, Goalpara, Dhubri, Dibrugarh, Lakhimpur,Nagaon",Assam,,,8.0,3.0,0.0,0.0,"i)1 lakh people in 200 villages affected. The worst affected districts were Dhubri, Goalpara,Lakhimpur ii)In Dhubri district 140 villages badly affected iii)More than 50 houses washed away iv)Standing paddy,jute crop damaged v)Road communication completely disrupted",IMD,1984.0,8.0,11.0
1984-08-09,,14.0,severe,"Barpeta, Darrang, Dibrugarh, Goalpara, Jorhat, Kamrup,Lakhimpur",Assam,,,43.0,0.0,0.0,0.0,"i)In Lakhimpur district 119 villages with population more than 1 lakh affected while in Barpeta district 1.5 lakh people affected. In Goalpara district 250 villages with population more than 2 lakh affected. In Kamrup district about 20,000 families in Nalbari,Rangiya sub-division affected. Total number of persons affected : About 2 million ii)3000 families rendered homeless,thousands marooned iii)Paddy crop in 600 sq.km.area completely damaged while Sali crop badly damaged iv)Entire north-eastern region cut off for 2 days ( 16 & 17 September) from the rest of the country v)Flood water breached roads, railway tracks,embankments dirupted road/railway communication vi)Several houses washed away",IMD,1984.0,8.0,43.0
1984-08-06,,7.0,severe,"Bhagalpur, Darbhanga, Purbi Champaran, Pashchim Champaran,Munger",Bihar,,,14.0,0.0,0.0,0.0,"i)3 million people in 1200 villages affected; 300 families rendered homeless. ii)Worst affected district was Darbhanga, A population over 1.5 lakh from this district affected iii)Crop worth Rs. 15 crore damaged iv)15,000 houses destroyed v)3km long embankment of Gandak breached, affecting 49,000 people in 30 villages of Madhuban,Thakarha block vi)3 km stretch of Piprasi-Pipraghat embankment washed away by swollen Gandak along Bihar-Uttar Pradesh border vii)Road communication disrupted due to change in course of river Chanan in Bhagalpur district. Bhagalpur-Dumka road inundated",IMD,1984.0,8.0,14.0
1984-02-07,1984-07-08,28.0,severe,"Bhagalpur, Purbi Champaran, Pashchim Champaran, Katihar, Madhubani, Munger, Samastipur, Siwan, Muzaffarpur, Saran, Patna, Darbhanga, Sitamarhi, Saharsa, Begusarai, Khagaria,Bhojpur",Bihar,,,22.0,0.0,0.0,0.0,"i)Over 6000 villages affected ii)9 million persons affected, 50,000 persons marooned,shifted to safer places iii)45,000 houses collapsed iv)Standing crop in 1.46 million hectare area submerged under flood water. Loss estimated to be worth Rs. 90 crore v)Madhubani district cut off from the rest of the State as the flood water submerged more than ten periphery roads, suspending the vehicular traffic vi)80 villages in Pashchim Champaran district affected due to breaches at various points in Gandak embankment vii)The Chanan river in Bhagalpur district changed its course breaching Babua embankment, inundating entire Jagdishpur block viii)In Madhubani district 5 lakh people affecting/while in Katihar 300 sq.km. area submerged under flood water affected 4 lakh people ix)Vehicular,railway services disrupted on N.E.Railway as Sitamarhi-Darbhanga section submerged under flood water. Muzzaffarpur-Buxar National Highway breached at two places",IMD,1984.0,2.0,22.0
1984-01-09,1984-07-09,7.0,severe,"Saharsa, Saran, Sitamarhi,Vaishali",Bihar,,,4.0,0.0,0.0,0.0,"i)In Saran,Vaishali districts 3 lakh people affected. In Vaishali district flood water of Ganga submerged 130 villages in 5 blocks ii)In Saharsa district the turbulent Kosi river inundated more than 80 villages, 20 villages under Nauhatla block worst affected iii)Crop worth Rs. 1 crore damaged iv)3 km. long stretch of Sonpur-Chapra main road submerged under flood water, disrupting vehicular traffic v)Kosi river breached its eastern embankment submerging approachable road,1 km stretch of rail track",IMD,1984.0,1.0,4.0
1984-08-09,1984-08-09,1.0,severe,"Gaya, Katihar",Bihar,,,45.0,0.0,0.0,0.0,Flood water entered Katihar town due to a breached right embankment of river Mahanands,IMD,1984.0,8.0,45.0
1984-01-07,1984-07-07,7.0,severe,"Amreli,  Ahmedabad,Porbandar,  Botad, Gir Somnath, Surendranagar, Rajkot, Bhavnagar, Junagadh, Jamnagar, Devbhumi Dwarka Dwarka, Morbi",Gujarat,,,6.0,3.0,0.0,0.0,,IMD,1984.0,1.0,9.0
1984-08-07,,7.0,severe,"Valsad, Dangs,Surat",Gujarat,,,17.0,0.0,0.0,0.0,"i)All these three districts cut off from other parts of the state. ii)51 km stretch of a road between Vaghai,Saputara submerged under flooded nullah near Baj village disrupted vehicular traffic to Maharashtra. Baj bridge suffered extensive damage iii)45 km stretch of a road between Ahwa,Saputara damaged dueto landslide. Extensive damage to atleast 5 bridges reported, causing a loss of several lakhs of rupees iv)Estimated damage of Rs. 1 crore to public property including culverts, bridges,roads reported in The Dangs district alone. v)Standing crop washed away. Many houses damaged",IMD,1984.0,8.0,17.0
1984-01-08,1984-07-08,7.0,severe,"Banas Kantha, Junagadh, Mahesana",Gujarat,,,3.0,3.0,0.0,0.0,"i)Heavy loss of property from Mahesana district reported ii)6  houses collapsed iii)A car swept away on Ahmadabad-Delhi National highway near Mahesana iv)Railway,road traffic disrupted",IMD,1984.0,1.0,6.0
1984-08-08,,7.0,severe,"Ahmedabad, Bharuch, Panch Mahals,Vadodara",Gujarat,,,0.0,0.0,0.0,0.0,"i)Flood water entered low lying area of Bharuch,Ankaleshwar towns along south bank of the river ii)People from many villages along the Narmada embankment shifted to safer places iii)People living in slums along the bank of Sabarmati in Ahmadabad shifted to safer places",IMD,1984.0,8.0,0.0
1984-08-09,,7.0,severe,"Amreli,  Ahmedabad,Porbandar,  Botad, Gir Somnath, Surendranagar, Rajkot, Bhavnagar, Junagadh, Jamnagar, Devbhumi Dwarka Dwarka, Morbi",Gujarat,,,0.0,0.0,0.0,0.0,i)180 villages threatened due to flash flood as 18 irrigation dams overflown ii)All the low lying areas in Junagadh town submerged,IMD,1984.0,8.0,0.0
1984-10-08,1984-10-08,1.0,cloud burst,Kargil,Jammu and Kashmir,,,0.0,0.0,0.0,0.0,"Srinagar - Leh National highway breached between Kargil,Mulbekh",IMD,1984.0,10.0,0.0
1984-01-09,1984-01-09,1.0,cloud burst,Poonch,Jammu and Kashmir,,,6.0,0.0,0.0,0.0,i)Number of houses damaged ii)Main water supply point to Srinagar city badly damaged disrupting water supply to Srinagar city,IMD,1984.0,1.0,6.0
1984-02-07,1984-03-07,2.0,heavy rains,"Chikkamagaluru, Shivamogga",Karnataka,,,15.0,0.0,0.0,0.0,,IMD,1984.0,2.0,15.0
1984-08-07,,7.0,severe,"Chikkaballapura, Kodagu,Shivamogga",Karnataka,,,1.0,0.0,0.0,0.0,"i)Vast stretch of Paddy field flooded ii)Vehicular traffic between Chikkaballapura,Shivamogga disrupted",IMD,1984.0,8.0,1.0
1984-01-10,1984-01-10,1.0,heavy rains,Bengaluru Rural,Karnataka,,,1.0,0.0,0.0,0.0,Several huts collapsed,IMD,1984.0,1.0,1.0
1984-01-07,1984-03-07,3.0,heavy rains,Wayanad,Kerala,,,16.0,0.0,0.0,0.0,"i)50 hectares of land burried under the debris as huge mass of rock,earth crushing down from the hill on 2nd ii)80 houses destroyed in Kelpatta,Vengapally iii)Plantation crop in 41 hectares submerged in Mundakayil estate",IMD,1984.0,1.0,16.0
1984-05-10,1984-05-10,1.0,heavy rains,Alappuzha,Kerala,,,2.0,0.0,0.0,0.0,,IMD,1984.0,5.0,2.0
1984-06-10,1984-08-10,3.0,heavy rains,Kozhikode,Kerala,,,17.0,0.0,0.0,0.0,"i)Many huts collapsed ii)Widespread damage to roads,crops reported",IMD,1984.0,6.0,17.0
1984-03-08,1984-03-08,1.0,heavy rains,"Indore, Ujjain",Madhya Pradesh,,,0.0,0.0,0.0,0.0,Many houses collapsed,IMD,1984.0,3.0,0.0
1984-05-08,1984-05-08,1.0,heavy rains,"Balaghat, Ratlam, Ujjain",Madhya Pradesh,,,5.0,0.0,0.0,0.0,,IMD,1984.0,5.0,5.0
1984-11-08,1984-11-08,1.0,"heavy rains, severe","Bhopal, Rewa, Vidisha",Madhya Pradesh,,,12.0,0.0,0.0,0.0,"i)State capital cut off from all the important towns ii)The road connecting to Indore, Gwalior,Sagar,Jabalpur submerged under water disrupting vehicular traffic , i)Vidisha town cut off from Sironj,Vadodara,Sagar,Gyaraspur ii)Betwa bridge near Vidisha submerged under 0.6 metre of water",IMD,1984.0,11.0,12.0
1984-12-08,1984-12-08,1.0,heavy rains,"Dewas, Ratlam",Madhya Pradesh,,,1.0,1.0,0.0,0.0,12 houses collapsed,IMD,1984.0,12.0,2.0
1984-09-06,1984-09-06,1.0,heavy rains,Pune,Maharashtra,,,12.0,0.0,0.0,0.0,,IMD,1984.0,9.0,12.0
1984-01-07,1984-04-07,4.0,heavy rains,Pune,Maharashtra,,,16.0,0.0,0.0,0.0,All the low lying areas in Pune city inundated,IMD,1984.0,1.0,16.0
1984-03-07,1984-04-07,2.0,heavy rains,Mumbai,Maharashtra,,,6.0,0.0,0.0,0.0,"i)All low lying areas inundated ii)Long distance train from Mumbai ran indefinitely late,some trains cancelled. Thousands of passengers stranded iii)9000 telephones reported dead due to 36 cable faults",IMD,1984.0,3.0,6.0
1984-02-08,1984-02-08,1.0,heavy rains,Amravati,Maharashtra,,,0.0,0.0,0.0,0.0,"i)21 houses,7 shops washed away ii)Normal life in Amravati city completely paralysed",IMD,1984.0,2.0,0.0
1984-03-08,1984-03-08,1.0,heavy rains,Nagpur,Maharashtra,,,0.0,0.0,0.0,0.0,Costly equipments including giant cranes of the 'Central National Project Construction Corporation' at 'Pench Hydroelectricity Projrct about 80 km. from Nagpur washed away. Loss estimated to be worth several lakh rupees.,IMD,1984.0,3.0,0.0
1984-06-08,1984-06-08,1.0,moderate,Nashik,Maharashtra,,,0.0,0.0,0.0,0.0,"i)Many low lying areas in Nashik city submerged under water. Residents of these areas evacuated to safer places ii)Culvert connecting Nashik,Panchwati submerged under water",IMD,1984.0,6.0,0.0
1984-09-09,1984-12-09,4.0,heavy rains,Jalna,Maharashtra,,,1.0,1.0,0.0,0.0,,IMD,1984.0,9.0,2.0
1984-11-09,1984-11-09,1.0,heavy rains,Pune,Maharashtra,,,2.0,0.0,0.0,0.0,,IMD,1984.0,11.0,2.0
1984-12-09,1984-12-09,1.0,heavy rains,Mumbai,Maharashtra,,,0.0,1.0,0.0,0.0,i)Several low lying areas flooded ii)50 drams containing chemicals cought fire at Haji Bunder iii)Several cases of Short-circuits reported,IMD,1984.0,12.0,1.0
1984-08-10,1984-08-10,1.0,heavy rains,Pune,Maharashtra,,,1.0,2.0,0.0,0.0,,IMD,1984.0,8.0,3.0
1984-12-06,,2.0,heavy rains,Koraput,Odisha,,,0.0,0.0,0.0,0.0,800 people evacuated to safer place,IMD,1984.0,12.0,0.0
1984-08-08,1984-07-09,31.0,severe,"Baleshwar, Cuttack, Dhenkanal, Ganjam, Kendujhar, Puri,Boudh,Kandhamal",Odisha,,,27.0,0.0,0.0,459.0,"i)35,11,177 people in 6137 villages affected ii)Paddy, vegetables,oilseed crops badly damaged. 3,52,448 hectares cultivated land damaged iii)7908 hectares of land sandcast iv)37 houses swept away while 3,709 completely,15,648 partially collapsed. 9,700 school,college building affected by flood v)4,740 km stretch of road damaged vi)4,756 telecommuniction lines affected",IMD,1984.0,8.0,27.0
1984-01-09,1984-01-09,1.0,heavy rains,"Jalandhar,Amritsar",Punjab,,,0.0,0.0,0.0,0.0,"i)Standing paddy crop in these districts badly damaged ii)Rail,road traffic disrupted iii)9 metre stretch of KapurthalaSultanpur Lodhi road near Fathidhinga village submerged",IMD,1984.0,1.0,0.0
1984-04-03,1984-06-03,3.0,heavy rains,Tirunelveli,Tamil Nadu,,,12.0,0.0,0.0,0.0,,IMD,1984.0,4.0,12.0
1984-04-03,1984-07-03,4.0,severe,"Madurai,Vellore",Tamil Nadu,,,0.0,0.0,0.0,0.0,"i)Several huts on either side of Vaigai river in Madurai city washed away ii)Standing Paddy,groundnut crop in 32,000 hectares area damaged",IMD,1984.0,4.0,0.0
1984-06-03,1984-06-03,1.0,heavy rains,Tiruchirappalli,Tamil Nadu,,,3.0,40.0,0.0,0.0,,IMD,1984.0,6.0,43.0
1984-03-10,1984-04-10,2.0,severe,Coimbatore,Tamil Nadu,,,9.0,0.0,0.0,0.0,"i)4000 people rendered homeless ii)About 1000 huts locked in low lying areas,on the bank of river washed away. Many buildings collapsed iii)Flood water entered huts,houses in Sanganur, Rathnapuri, Sivananda colony,Podannur",IMD,1984.0,3.0,9.0
1984-02-07,1984-02-07,1.0,heavy rains,Almora,Uttarakhand,,,9.0,0.0,0.0,0.0,3 houses damaged,IMD,1984.0,2.0,9.0
1984-11-07,1984-11-07,1.0,severe,Deoria,Uttar Pradesh,,,0.0,0.0,0.0,0.0,About 84 villages marooned,IMD,1984.0,11.0,0.0
1984-01-08,,21.0,severe,"Azamgarh, Ballia, Deoria, Gorakhpur,Kheri",Uttar Pradesh,,,9.0,0.0,0.0,0.0,"i)Army called in Gorakhpur district for flood relief following a breach in Sohagaura Nalauni embankment ii)Suheli,Mohana river in Kheri district cut off Dudwa National Park",IMD,1984.0,1.0,9.0
1984-05-09,1984-11-09,7.0,severe,"Bahraich, Mirzapur,Varanasi",Uttar Pradesh,,,33.0,0.0,0.0,0.0,i)Vast stretch of low lying areas submerged under flood water ii)Road communication snapped a many places iii)Sudden discharge of water from Abraura embankment caused flash flood in Mirzapur district iv)500 houses damaged in Mirzapur district,IMD,1984.0,5.0,33.0
1984-08-09,1984-08-09,1.0,heavy rains,Basti,Uttar Pradesh,,,0.0,0.0,0.0,0.0,"i)All connecting roads submeged under water ii)A local Women Hospital closed,the patients asked to leave due to waterlogging",IMD,1984.0,8.0,0.0
1984-03-06,1984-06-06,4.0,heavy rains,"Kolkata, Howrah, North 24 Parganas",West Bengal,,,19.0,10.0,0.0,0.0,"i)9,000 people marooned in North Kolkata ii)2 lakh people in Kolkata, Howrah,24 Pargan districts affected. 10,000 people resucued to safer places iii)Train,air services completely disrupted iv)30,000 telephone sets went out of gear v)Extensive damage was caused by the flooding of Metero Railways tunnel due to heavy rains during 1st week of June 1984",IMD,1984.0,3.0,29.0
1984-08-06,,21.0,severe,"Bankura, Birbhum, Purba bardhaman, Cooch Behar, Darjeeling, Jalpaiguri, Howrah, Hooghly, Malda, Paschim Purba Medinipur,Purba Purba Medinipur, Nadia, North 24 Parganas",West Bengal,,,61.0,0.0,0.0,0.0,"i)1 lakh people marooned,100 villages submerged in Birbhum district ii)In Maldah district 3.35 lakh people in an area of 270 sq. km. affected. Aman,Boro crops in 10,121 hectares of land damaged. Loss to crop,property estimated to be worth Rs. 10 crore. 12,000 people rendered homeless iii)7 lakh people in Arambagh sub-division of Hooghly district affected,2000 houses collapsed Crop worth rs. 1.25 crore damaged iv)In Midnapur district, one million people affected,7000 sq.km. area submeged . 21,000 houses destroyed while crops on 75,000 hectares of land damaged. Loss estimated to be Rs. 14 crore v)Agriculture products worth Rs. 70 crore damaged. Aman,Aus seedbeds, Jute,Betel vines over an area about 2 lakh hectare destroyed. Crop wise break-up as follows, Aman, Aus, Jute, Betel vines, Vegetables, (Area in thousand hectares)72, 41, 32, 2, 4 respectively, vi)Many places within Durgapur Steel Plant including coke oven, foundry,power plant submerged under water vii)Ghatal town in Midnapur district cut off from the district as Silavati river inundated 5 causeways on the Ghatal-Chandrakona road viii)Dantan town in Midnapur district isolated as a culvert on a road nea Nekurshini, 60 km from Midnapur town, breached ix)Entire Juliadanga village in Burdwan district engulfed by swollen Bagmati river x)Rainfall recorded between 23,25 June in Birbhum district was reported highest in the past 100 years xi)Army,Airforce helicopters employed for rescue operations xii)A railway bridge, 13km from Siliguri on Tista river, threatened by flood xiii)Rail traffic connecting north Bengal with other adjacent State disrupted",IMD,1984.0,8.0,61.0
1984-08-07,1984-08-07,1.0,heavy rains,Kolkata,West Bengal,,,0.0,0.0,0.0,0.0,"i)Large number of low lying areas sub-merged under water ii)City bus,tram service disrupted",IMD,1984.0,8.0,0.0
1984-09-07,1984-09-07,1.0,heavy rains,Darjeeling,West Bengal,,,0.0,0.0,0.0,0.0,"i)Hillcart road linking Siliguri,Darjiling blocked due to landslide disrupting road communication between Darjiling,Siliguri ii)Vehicular traffic between Siliguri,Ganktok disrupted ue to landslide at Lekhubhir in Kalimpong area",IMD,1984.0,9.0,0.0
1984-08-07,,14.0,severe,"Dakshin Dinajpur, Malda,Paschim Purba Medinipur",West Bengal,,,0.0,0.0,0.0,0.0,"i)1.5 lakh people affected, 15,000 marooned people rescued ii)300 sq.km. area covering 8 blocks of Maldah district completely submerged rendering more than 2 lakh people homeless iii)Railway bridges near Kumedpur damaged disrupting railway service beyond Maldah",IMD,1984.0,8.0,0.0
1984-01-08,1984-07-09,38.0,severe,"Bankura, Birbhum, Purba bardhaman, Howrah, Hooghly, Malda, Paschim Purba Medinipur,Purba Purba Medinipur, Murshidabad, North 24 Parganas",West Bengal,,,19.0,0.0,0.0,0.0,"i)6 lakh people marooned,about 10 lakh people rendered homeless in rendered Midnapur district ii)More than 3 lakh people affected in Hooghly district iii)Midnapur-Ghatal,Midnapur-Keshpur roads submerged under water disrupting vehicular traffic iv)Kangsavati river breached its embankment at 11 places v)1 million people rendered homeless",IMD,1984.0,1.0,19.0
1984-08-09,,7.0,severe,"Cooch Behar,Jalpaiguri",West Bengal,,,1.0,0.0,0.0,50000.0,"i)Paddy crop worth Rs. 2.3 crore, vegetables worth Rs. 13.72 crore,Jute worth Rs. 45 lakh damaged ii)2000 families rendered homeless while 9000 people evacuated to safer places iii)Train service between Haldibari in Cooch Behar,New Jalpaiguri,Siliguri disrupted iv)15 metre stretch of road in Kolabari washed away by Diana river",IMD,1984.0,8.0,1.0
1984-01-09,1984-01-09,1.0,heavy rains,"North, North East, West, East, South West, Central, New New Delhi, South, Shahdara, South East, North West",Delhi,,,3.0,3.0,0.0,0.0,"i)Residents of hutment colonies affected. ii)Many vehicles marooned iii)10,000 telephones snapped,25 fires due to short-circuit reported iv)Power supply to many areas disrupted",IMD,1984.0,1.0,6.0
1984-01-07,1984-02-07,2.0,heavy rains,North Goa,"Goa, Daman,Diu",,,0.0,0.0,0.0,0.0,"i)Low lying areas in Bicholim,Saquelim flooded ii)200 commercial establishments in Saquelim,Bicholim bazar affected iii)Several huts collapsed iv)Several trees/electric poles uproooted",IMD,1984.0,1.0,0.0
1984-01-08,1984-02-08,2.0,heavy rains,North Goa,"Goa, Daman,Diu",,,0.0,0.0,0.0,0.0,"Railway,vehicular traffic disrupted",IMD,1984.0,1.0,0.0
1985-05-10,1985-05-10,1.0,heavy rains,Hyderabad,Andhra Pradesh,,,1.0,0.0,0.0,0.0,,IMD,1985.0,5.0,1.0
1985-11-11,1985-12-11,2.0,heavy rains,Sri Potti Sriramulu Nellore,Andhra Pradesh,,,6.0,0.0,0.0,0.0,"i)72 tankss breached ii)Banks of Challakalra, Swarnamukti,Kalengi rivers breached at several places iii)Property worth Rs. 1 crore lost",IMD,1985.0,11.0,6.0
1985-01-06,,14.0,severe,"Cachar, Darrang, Dibrugarh, Karimganj, Lakhimpur, Nagaon",Assam,,,6.0,0.0,0.0,0.0,"i)30,000 hectares of paddy field in 400 villages submerged under flood water ii)500 houses inundated iii)Cachar,Karimganj district cut off from rest of the state as Jowai-Bedarpur section of National Highway No. 44 closed down due to landslide ne Sonapur iv)Rail communication to these districts disruted following collapse of two railway bridges on Lumding-Badarpur metre-gauge section of Northeast Frontier Railway v)Road traffic to Tripura closed as Assam-West Tripura road submerged by flood water at several places near Patharkandi",IMD,1985.0,1.0,6.0
1985-01-07,,31.0,severe,"Cachar, Darrang, Dhubri, Goalpara, Kamrup, Karimganj, Kokrajhar, Lakhimpur, Nagaon, Sonitpur,Sivasagar",Assam,,,15.0,0.0,0.0,0.0,"i)Lakhs of people rendered homeless ii)Rail,road communication completely disrupted",IMD,1985.0,1.0,15.0
1985-02-07,1985-03-07,2.0,flash floods,Lakhimpur,Assam,,,3.0,0.0,0.0,0.0,,IMD,1985.0,2.0,3.0
1985-03-07,1985-03-07,1.0,severe,Munger,Bihar,,,7.0,0.0,0.0,0.0,i)5000 people affected ii)Newly constructed Badua dam costing Rs.2 crore breached at two places,IMD,1985.0,3.0,7.0
1985-08-09,,21.0,severe,"Purbi Champaran, Madhubani, Muzaffarpur,Sitamarhi",Bihar,,,40.0,0.0,0.0,0.0,"i)Worst affected districts being East Chamaran where 3532 villages with a population of 37 lakh affected,12,363 houses damaged ii)In Muzaffarpur district, 4 lakh people affected iii)Crop worth Rs. 20 crore damaged iv)Public utility services worth Rs.1.18 crore lost",IMD,1985.0,8.0,40.0
1985-06-10,1985-06-10,1.0,severe,Begusarai,Bihar,,,0.0,0.0,0.0,0.0,"i)70,000 people in Twenty Four villages affected ii)Standing crop worth about Rs. 25 lakh damaged",IMD,1985.0,6.0,0.0
1985-06-08,1985-08-08,3.0,heavy rains,"Ahmedabad, Panch Mahals, Vadodara",Gujarat,,,11.0,0.0,0.0,0.0,,IMD,1985.0,6.0,11.0
1985-05-08,,12.0,severe,"Ambala, Hisar, Jind, Karnal, Rohtak, Sirsa",Haryana,,,21.0,0.0,0.0,300.0,"i)In all these districts, 1.5 lakh people rendered homeless while cotton,Kharif crop worth Rs. 60 crore damaged ii)Jind,Sirsa districts-affected iii)In all 40,000 houses (of which 1000 in Jind,Sirsa districts) collapsed iv)In Jind district, standing crop in 13,000 hectaresof land damaged. Two goods train derailed due to sinking of railway track v)In Hirsa district, 4043 out of 5010 villages affected. Crop worth Rs. 8.2 crore damaged. vi)In Sirsa district, 15,000 hectares of cultivated land washed away while crops in 8000 hectares severely damaged vii)In Rohtak district, 4047 hectares of cultivated land affected due to waterlogging.",IMD,1985.0,5.0,21.0
1985-05-08,1985-05-08,1.0,heavy rains,"Hamirpur,Una",Himachal Pradesh,,,2.0,0.0,0.0,0.0,Vehicular traffic disrupted due to landslide in Hamirpur district,IMD,1985.0,5.0,2.0
1985-06-08,1985-07-08,2.0,heavy rains,Una,Himachal Pradesh,,,0.0,0.0,0.0,0.0,Property worth Rs. 6 crore damaged,IMD,1985.0,6.0,0.0
1985-11-08,1985-11-08,1.0,heavy rains,Kangra,Himachal Pradesh,,,0.0,0.0,0.0,0.0,"i)Power supply,telecommunication link snapped ii)Vehicular traffic affected due to landslide",IMD,1985.0,11.0,0.0
1985-04-08,1985-04-08,1.0,cloud burst,Baramulla,Jammu and Kashmir,,,5.0,0.0,0.0,0.0,i)Srinagar-Jammu National Highway blocked due to landslide,IMD,1985.0,4.0,5.0
1985-12-05,1985-12-05,1.0,heavy rains,Hassan,Karnataka,,,5.0,17.0,0.0,0.0,,IMD,1985.0,12.0,22.0
1985-04-08,1985-05-08,2.0,severe,Rewa,Madhya Pradesh,,,0.0,0.0,0.0,0.0,"i)Vehicular traffic from Satna, Shahdol,Sidhi cut eff. Vehicular traffic on National Highway No. 7 completely closed ii)400 families residing in low lying areas in the Rewa city removed to safer places",IMD,1985.0,4.0,0.0
1985-06-08,1985-10-08,5.0,heavy rains,Bhopal,Madhya Pradesh,,,0.0,0.0,0.0,0.0,"i)Bhopal city cut off from rest of the state ii)Normal life in the city completely paralysed iii)12 houses collapsed iv)Many trees/electric poles uprooted disrupting power supply,telecommunication system v)All low lying areas submerged",IMD,1985.0,6.0,0.0
1985-06-08,1985-09-08,4.0,heavy rains,Vidisha,Madhya Pradesh,,,0.0,0.0,0.0,0.0,i)Vidisha town cut off as the road transport service completely paralysed ii)Bridge on Betwa river submerged under water,IMD,1985.0,6.0,0.0
1985-07-08,1985-08-08,2.0,heavy rains,Sagar,Madhya Pradesh,,,3.0,0.0,0.0,0.0,i)6 houses collapsed ii)Life in Sagar city completely paralysed iii)Rain water entered into a cinema hall,IMD,1985.0,7.0,3.0
1985-04-06,1985-04-06,1.0,heavy rains,Nagpur,Maharashtra,,,4.0,0.0,0.0,0.0,,IMD,1985.0,4.0,4.0
1985-11-06,1985-11-06,1.0,heavy rains,Mumbai,Maharashtra,,,0.0,0.0,0.0,0.0,"i)City life completely paralysed ii)Rail,road communication completely disrupted iii)Low lying areas submerged",IMD,1985.0,11.0,0.0
1985-12-08,1985-12-08,1.0,heavy rains,Akola,Maharashtra,,,0.0,8.0,0.0,0.0,,IMD,1985.0,12.0,8.0
1985-01-08,1985-07-08,7.0,severe,"Cuttack, Baleshwar, Kendujhar, Mayurbhanj, Bargarh, Ganjam",Odisha,,,0.0,0.0,0.0,0.0,i)Hundreds of villages marooned ii)Large tracts of cultivated land submeged under flood water,IMD,1985.0,1.0,0.0
1985-10-09,1985-10-09,1.0,severe,Bargarh,Odisha,,,0.0,0.0,0.0,0.0,"i)Large number of villages,cultivated land submerged under flood water ii)Majot breach on Bargarh-Saintala road washed away disconnecting Titlagarh,Pusra tehsil from the dist. H.Q. iii)Flood water entered into large number of houses in Titlagarh,Kantabanji towns iv)Many irrigation projects severely affected",IMD,1985.0,10.0,0.0
1985-05-08,,12.0,severe,"Gurdaspur, Hoshiarpur, Amritsar, Jalandhar, Tarn Taran, Rupnagar, Shahid Bhagat Singh Nagar, Fazilka, Moga, Ludhiana, S.A.S Nagar*, Faridkot, Fatehgarh Sahib, Sri Sri Muktsar Sahib Sahib, Sangrur, Barnala, Bathinda, Patiala, Mansa, Ferozepur, Pathankot, Kapurthala",Punjab,,,23.0,0.0,0.0,0.0,"i)In all 743 villages affected ii)75,000 houses damaged rendering 2 lakh people homeless iii)In Kapurthala district, thousands of house collpased, loss estimated around Rs. 37 crore iv)In Jullundar district, 75,000 bags of wheat,3000 bags of sugar in F.C.I. godowns damaged v)In Bathinda district, crops in one lakh hectares area damaged vi)In Faridkot district, 60% of the villages affected 2200 houses damaged, Loss estimated around Rs. 5 crores vii)In Ropar district, a railway bridge, near Lohand canal, damaged due to slit vii)Property worth crores of rupees damaged in Gurdaspur,Sangrur districts ix)Amritsar-Gurdaspur road damaged",IMD,1985.0,5.0,23.0
1985-01-11,,14.0,severe,"Thiruvallur, Chennai, Krishnagiri, Tiruvannamalai, Dharmapuri, Salem, Erode, The Nilgiris, Namakkal, Perambalur, Coimbatore, Tiruchirappalli, Ariyalur, Tiruppur, Thanjavur, Karur, Thiruvarur, Dindigul, Madurai, Theni, Virudhunagar, Thoothukkudi, Kanniyakumariumari, Viluppuram, Cuddalore, Pudukkottai, Sivaganga, Ramanathapuram, Nagapattinam, Kallakurichi, Tenkasi, Tirunelveli, Vellore, Ranipet, Tirupathur, Kancheepuram, Chengalpattu",Tamil Nadu,,,80.0,0.0,0.0,0.0,"i)Chengleput, Madras, Cuddalore, Kallakurichi, Viluppuram,Tanjavour districts worst affected ii)1 lakh people affected iii)80,000 hectares of standing crop submerged iv)Many culverts,one major railway bridge in Chengleput district totally washed away v)Road,rail traffic between Madras city,Southern districts of the state completely cut off vi)Many houses damaged vii)Estimated loss to railways due to washing away of railway bridge,culverts worth Rs. 8 crores viii)Electricity/telephone/telecommunication installations extensively damaged ix)Roads breached at many place",IMD,1985.0,1.0,80.0
1985-08-06,,7.0,severe,"North Tripura, Dhalai, Sepahijala, Gomati, Khowai, West Tripura, South Tripura, Unakoti",Tripura,,,0.0,0.0,0.0,0.0,"i)Surface communication between the state,the rest of the country cut off, as the approach road to a major bridge on Assam-West Tripura National Highway washed away ii)More than 60,000 people affected. Large areas in Kailashar,Kamalpur sub-divisions,in Kanchanpur, submerged under flood water",IMD,1985.0,8.0,0.0
1985-08-08,,14.0,severe,"Ballia, Deoria, Ghazipurr, Moradabad, Nainital","Uttar Pradesh, Uttarakhand",,,24.0,7.0,0.0,0.0,"i)About 2200 mud houses,8000 pucca houses collapsed ii)350 villages in Moradabad district,,12 villages in Deoria district affected iii)Several villages inundated by flood water iv)Hassanpuram bund breached",IMD,1985.0,8.0,31.0
1985-08-09,,21.0,severe,"Agra, Prayagraj, Azamgarh, Bahraich, Ballia, Bara Banki, Bareilly, Basti, Budaun, Bulandshahr, Deoria, Etah, Etawah, Ayodhya, Farrukhabad, Fatehpur, Garhwal, Gonda, Gorakhpur, Hamirpur, Jaunpur, Kanpur nagar Nagar,Kanpur nagar Dehat, Kheri, Lucknow, Mainpuri, Mathura, Meerut, Mirzapur, Moradabad, Muzaffarnagar, Pilibhit, Pratapgarh, Rae Bareli, Saharanpur, Sitapur, Sultanpur, Unnao,Varanasi",Uttar Pradesh,,,220.0,0.0,0.0,467.0,"i)8,63 million population in 11256 villages of 42 districts of the stae, affected ii)1.9 million hectares of land (including 1.2 million hectares of cropped area) submerged under flood water iii)58,676 houses either collapsed or damaged iv)In Janupur district, 326 villages with a population 1.55 lakh marooned v)Food packets air-dropped in affected villages of Bara Banki district vi)Varanasi-Jaunpur road submerged under 1.5 m (5 ft) deep flood water",IMD,1985.0,8.0,220.0
1985-09-10,1985-10-10,2.0,heavy rains,Lucknow,Uttar Pradesh,,,7.0,0.0,0.0,0.0,,IMD,1985.0,9.0,7.0
1985-10-10,1985-11-10,2.0,heavy rains,Kanpur nagar,Uttar Pradesh,,,16.0,0.0,0.0,0.0,,IMD,1985.0,10.0,16.0
1985-04-08,1985-04-08,1.0,heavy rains,Kolkata,West Bengal,,,0.0,0.0,0.0,0.0,"i)Normal city life paralysed ii)Train services on Eastern Railaway, (Howrah-Sialdah section) disrupted iii)1 km. long stretch of railway track near Howrah station waterlogged iv)North,Central Kolkata worst affected v)Low lying area remained under waist deep water",IMD,1985.0,4.0,0.0
1985-08-07,,7.0,moderate,"Lohit, Lower Lower Subansiri, West Siang, East Siang",Arunachal Pradesh,,,1.0,0.0,0.0,0.0,"i)Ziro, the district HQ of Lower Subansiri completely cut off due to landslide iiezu ii)Tezu, the district HQ of Lohit, completely cut off",IMD,1985.0,8.0,1.0
1985-11-07,1985-11-07,1.0,heavy rains,"North, North East, West, East, South West, Central, New New Delhi, South, Shahdara, South East, North West",Delhi,,,2.0,0.0,0.0,0.0,,IMD,1985.0,11.0,2.0
1985-01-11,,14.0,heavy rains,Pondicherry,Puducherry,,,0.0,0.0,0.0,0.0,"i)9,000 people affected ii)75% of the crop in Karaikal submerged iii)Puducherry- Madras road traffic suspended",IMD,1985.0,1.0,0.0
1986-10-02,1986-10-02,1.0,heavy rains,"Warangal, Warangal, Warangal, Warangal",Andhra Pradesh,,,0.0,0.0,0.0,0.0,"i)Chilli crop in 300 acres of land damaged. A plantain grove razed to ground at Atmakur revenue mandal. ii)400 huts damaged. Roof-top of a high school building in Niruhula village damaged. Loss estimated around Rs. 15,000/- iii)In Warangal Rural, Warangal Rural, Warangal Rural, Warangal Urban town, teephone/electric wires snapped disrupting telephone,electric supply ",IMD,1986.0,10.0,0.0
1986-11-08,1986-12-08,2.0,flash floods,"East Godavari, Guntur, Krishna,Kurnool",Andhra Pradesh,,,18.0,0.0,0.0,0.0,i)Large number of houses collapsed ii)Low lying areas flooded iii)Vehicular/railway traffic completely disrupted,IMD,1986.0,11.0,18.0
1986-08-09,,7.0,severe,"Upper Lower Subansiri, Anjaw, Changlang, Tawang, Papum Pare, Tirap, East Siang, Lohit, Kurung Kumey, Lower Lower Subansiri, East Kameng, West Kameng, West Kameng, West Kameng, Kra Daadi, Namsai, Longding, Upper Siang, Lower Siang, Dibang Valley, Lower Dibang Valley, Siang, Shi Yomi, Pakke Kessang, West Siang, Leparada, Kamle",Arunachal Pradesh,,,0.0,0.0,0.0,0.0,Road blocked at several places following landslides,IMD,1986.0,8.0,0.0
1986-01-10,,14.0,severe,"Cachar, Goalpara, Jorhat, Kamrup,Karimganj,Nagaon",Assam,,,20.0,0.0,0.0,0.0,"i)Gwalghat sub-division in Jorhat district worst affected. 3lakhs people in 300 villages affected ii)Standing crop in 30,000 hectares of land affected iii)In Kamrup district, 200 villages marooned. Breaches in a river embankment in Nagaon district, inundated extensive area from Jagiroad to Sonapur town in   Kamrup district iv)Nagaon,Silchar town completely cut off from rest of the state v)Train service along N-E Rly between Silchar,Badarpur suspended indefinitely vi)Road link between upper,lower Assam completely cut off",IMD,1986.0,1.0,20.0
1986-08-09,,7.0,severe,"Purbi Champaran,Buxar,Pashchim Champaran",Bihar,,,0.0,0.0,0.0,0.0,"i)1.5 lakh people in 70 villages affected ii)Flood water entered Buxar town iii)In Motihari town, low lying areas inundated iv)Road,railway link in Motihari,Buxar districts completely disrupted",IMD,1986.0,8.0,0.0
1986-02-08,1986-02-08,1.0,heavy rains,Rajkot,Gujarat,,,6.0,0.0,0.0,0.0,,IMD,1986.0,2.0,6.0
1986-08-08,,7.0,severe,Bharuch,Gujarat,,,25.0,50.0,0.0,0.0,"i)Bharuch district worst affected ii)2156 people,1361 cattle residing along the bank of river evacuated to safer places iii)17 villages in 5 tehsils of Bharuch district marooned iv)Flood water entered the low lying areas of Bharuch town",IMD,1986.0,8.0,75.0
1986-01-07,1986-03-07,3.0,heavy rains,Sirsa,Haryana,,,1.0,0.0,0.0,0.0,i)Many houses collapsed in Desu Jodha tehsil ii)Crops in 5000 acres damaged ,IMD,1986.0,1.0,1.0
1986-01-08,1986-07-08,7.0,heavy rains,Bilaspur,Himachal Pradesh,,,3.0,0.0,0.0,0.0,,IMD,1986.0,1.0,3.0
1986-01-08,1986-01-08,1.0,heavy rains,"Kupwara, Bandipora, Baramulla, Ganderbal, Anantnag, Kishtwar, Srinagar, Budgam, Pulwama, Poonch, Shopian, Kulgam, Rajouri, Ramban, Reasi, Doda, Jammu, Kathua, Udhampur, Samba, Muzaffarabad, Mirpur",Jammu and Kashmir,,,5.0,0.0,0.0,0.0,i)25 houses collapsed ii)Normal life in the State virtually paralysed,IMD,1986.0,1.0,5.0
1986-03-08,1986-03-08,1.0,heavy rains,Jammu,Jammu and Kashmir,,,11.0,0.0,0.0,0.0,,IMD,1986.0,3.0,11.0
1986-04-08,1986-04-08,1.0,heavy rains,"Jammu, Leh ladakh, Kargil,Srinagar",Jammu and Kashmir,,,10.0,0.0,0.0,0.0,Several houses damaged,IMD,1986.0,4.0,10.0
1986-05-08,1986-05-08,1.0,heavy rains,Jammu,Jammu and Kashmir,,,2.0,0.0,0.0,0.0,500 Houses destroyed,IMD,1986.0,5.0,2.0
1986-03-06,1986-03-06,1.0,heay rains,Bijapur,Karnataka,,,2.0,0.0,0.0,0.0,,IMD,1986.0,3.0,2.0
1986-01-08,,14.0,severe,"Chikkaballapura, Surendranagar, Mandya,Uttar Kashia Kannada",Karnataka,,,9.0,0.0,0.0,0.0,"i)In Chikkaballapura district, 12 houses collapsed. A private bus capsized in flood waters. A school building collapsed at Lingadahalli village, 60 km from Chikkaballapura town ii)Flood water of Tunga river inundated Shivamogga-Thirthahalli road at Mandagadde village by 3 feet. Vehicular traffic completely disrupted iii)Vehicular traffic on the national highway between Bengaluru Rural,Mangalore suspended due to landslide",IMD,1986.0,1.0,9.0
1986-04-05,1986-04-05,1.0,heavy rains,"Kozhikode,Thiruvananthapuram",Kerala,,,0.0,0.0,0.0,0.0,i)Low lying areas of Pallikhandi village in Kozhikode district flooded ii)Standing crop in Aryanad village of Thiruvananthapuram district damaged,IMD,1986.0,4.0,0.0
1986-12-03,1986-12-03,1.0,heavy rains,Thiruvananthapuram,Kerala,,,3.0,0.0,0.0,0.0,,IMD,1986.0,12.0,3.0
1986-01-08,,14.0,severe,"Alappuzha,Kannur, Ernakulam, Idukki, Kottayam,Kollam",Kerala,,,28.0,100.0,0.0,0.0,"i)Alappuzha,Ernakulam districts worst affected ii)Paddy crop in 21,700 acres completely,25,650 acres partially damaged iii)19,000 people in Alappuzha district shifted to safer place iv)1750 houses collapsed,9000 damaged v)Heavy loss of rubber plantation,coconut cultivation in Cannore district reported",IMD,1986.0,1.0,128.0
1986-06-07,1986-06-07,1.0,heavy rains,Surguja,Chhattisgarh,,,0.0,0.0,0.0,0.0,Machinery worth Rs. 10 crore damaged at Bhishrampur mines of 'South-Eastern' Coalfields Ltd.,IMD,1986.0,6.0,0.0
1986-08-08,,14.0,severe,"Balaghat, Bastar, Bhopal, Chhindwara, Dhar, Narmadapuram, Indore, Jabalpur, Jhabua, Chhindwara, Mandla, Narsimhapur, Sehore, Seoni",Madhya Pradesh,,,18.0,0.0,0.0,0.0,"i)4 villages in Bhopalpatnam tehsil of Bastar district washed away ii)In Bastar district, 700 houses either collpased or severely damaged iii)Low lying areas of Indore city inundated. Nearly 2000 people removed to safer places iv)A bridge over Ajnal river between Ashta,Sehore overflown, disrupting road traffic v)Road communication between Indore,Bhopal completely disrupted vi)Total loss estimated around Rs. 50 crore",IMD,1986.0,8.0,18.0
1986-04-06,1986-09-06,6.0,heavy rains,Marathwada,Maharashtra,,,14.0,0.0,0.0,0.0,i)Aurangabad district worst affected; 82 school building damaged ii)Low lying area flooded iii)Total damage estimated worth Rs. 11 lakhs,IMD,1986.0,4.0,14.0
1986-08-06,1986-08-06,1.0,heavy rains,Kolhapur,Maharashtra,,,17.0,0.0,0.0,0.0,"i)Property worth Rs. 50,000 damaged in Radhanagari tehsil ii)Large number of trees uprooted,several roof-tops blown off iii)Vehicular traffic completely disrupted",IMD,1986.0,8.0,17.0
1986-11-06,1986-11-06,1.0,heavy rains,Buldhana,Maharashtra,,,0.0,0.0,0.0,0.0,"Roof-top of Maharashtra State Warehousing Corporation building, 1.5 km away from Mehkar village, collapsed, loss estimated around Rs. 2 lakhs",IMD,1986.0,11.0,0.0
1986-01-08,,14.0,severe,"Amravati, Akola, Bhandara, Buldhana, Chandrapur, Gadchiroli, Gondia, Nagpur, Wardha, Washim, Yavatmal",Maharashtra,,,32.0,0.0,0.0,575.0,"i)Chandrapur,Gadhchiroli districts worst affected ii)2,35,000 people of over 1835 villages affected iii)10,000 houses swept away,6000 houses damaged. In Chandrapur district 1000 houses collapsed iv)Crop in 2000 hectares in Hinganghat,Samandarpur tehsils in Wardha district swept away v)Estimated loss of property worth Rs. 10 crore reported in Chandrapur district while Rs. 61 lakhs,Rs. 5lakhs reported in Yavatmal,Wardha districts respectively. The total loss estimated worth Rs. 16 crore vi)A bridge near Ashti village connecting Aheri to Chandrapur washed away vii)In Nagpur city, a two storeyed building in Sitabuldi area razed to ground viii)Road traffic in Chandrapur,Gadhchiroli district completely disrupted ix)In Amravati district, 14 villages in Chandur,Dhamangaon tehsils badly affected. 46 houses collapsed,402 houses partially damaged x)Telecommunication network completely broke down even Police wireless system became ineffective xi)IAF helicopters airdropped food packets",IMD,1986.0,1.0,32.0
1986-07-08,1986-07-08,1.0,"heavy rains, severe","Mumbai, Ratnagiri, Sindhudurg,Thane",Maharashtra,,,2.0,0.0,0.0,0.0,"i)Railway service along central railway (main,harbour lines) totally disrupted ii)Railway track between Kurla-Vidyavihar, Bhandup-Kanjurmarg,Chunabhatti-Kurla stations submerged under knee-drop water iii)Fire brigade attended 5 minor landslide incidents iv)All south-bound long distance trains cancelled due tolandslides in Khandala ghat ssection v)Bus services from Mumbai ran 2-3 hours late vi)IA flights from Mumbai delayed , All the rivers flowing through these districts in spate , disrupting road traffic , In Thane city, more than 250 huts washed away rendering many people homeless i)Firemen rescued 250 persons from Shrirang Society Housing Complex ii)Low lying areas flooded with Chest-deep water iii)Property worth Rs. 18.72 lakhs damaged",IMD,1986.0,7.0,2.0
1986-07-08,1986-10-08,4.0,severe,Kolhapur,Maharashtra,,,1.0,0.0,0.0,1.0,"i)Several houses collapsed ii)Many trees uprooted iii)Low lying area of the Kolhapur city flooded disrupting vehicular traffic iv)State transport bus services suspended from Kolhapur to Goa, Sawantwadi,Kanavali v)Radhanagari,Tulsi dams overflown",IMD,1986.0,7.0,1.0
1986-01-06,,30.0,severe,"Bargarh, Cuttack, Dhenkanal, Kalahandi, Kandhamal, Puri,Sambalpur",Odisha,,,3.0,0.0,0.0,154.0,"i)16 lakhs people affected ii)The loss of houses,public property estimated to be worth Rs. 20 crore",IMD,1986.0,1.0,3.0
1986-01-07,,31.0,severe,"Cuttack, Dhenkanal, Kandhamal,Puri",Odisha,,,8.0,0.0,0.0,29.0,"i)9.9 lakhs people afeected ii)The loss of crop houses,public utility estimated to be worth several lakhs of rupees",IMD,1986.0,1.0,8.0
1986-08-08,,7.0,severe,Koraput,Odisha,,,2.0,0.0,0.0,0.0,"i)63 villages of Jeypore,Nowrangpur sub-division marooned ii)5000 people affected iii)Several thousand houses either collapsed or damaged iv)16,000 hectares of crop land covered by sand v)3000 villages in Koraput district affected vi)Kisagummuda block along the bank of Indravati river worst affected",IMD,1986.0,8.0,2.0
1986-01-10,,31.0,severe,Ganjam,Odisha,,,3.0,0.0,0.0,10.0,"Loss to crop, houses,public utilities estimated worth rupees several lakhs",IMD,1986.0,1.0,3.0
1986-01-11,,30.0,severe,"Baleshwar, Cuttack, Ganjam,Puri",Odisha,,,5.0,0.0,0.0,480.0,"i)Loss to crop, houses,public utilities estimated worth rupees several lakhs ii)40% of the standing paddy crop in Ganjam district damaged iii)National highway No. 5 cut off at two places iv)500 Kachchha houses near Chilka lake damaged",IMD,1986.0,1.0,5.0
1986-12-08,,2.0,heavy rains,Rupnagar,Punjab,,,0.0,0.0,0.0,0.0,"Approach road,bridge of SAS Nagar township damaged",IMD,1986.0,12.0,0.0
1986-03-11,1986-03-11,1.0,flash floods,Tiruchirappalli,Tamil Nadu,,,0.0,0.0,0.0,0.0,i)Low lying areas badly affected ii)Vehicular traffic completely disrupted in Hanganurodai near Venganur,IMD,1986.0,3.0,0.0
1986-05-11,1986-06-11,2.0,heavy rains,"Chengalpattu, Chennai, Cuddalore, Kallakurichi, Viluppuram, Tiruchirappalli",Tamil Nadu,,,20.0,0.0,0.0,0.0,No. of huts in low lying areas of Madras city submerged under rain water,IMD,1986.0,5.0,20.0
1986-10-07,1986-10-07,1.0,heavy rains,Etah,Uttar Pradesh,,,1.0,0.0,0.0,4.0,1 house collapsed,IMD,1986.0,10.0,1.0
1986-05-08,1986-09-08,5.0,severe,Malda,Uttar Pradesh,,,2.0,0.0,0.0,0.0,"55000 people rendered homeless in 300 villages in Manickchalk,Kaliachack area",IMD,1986.0,5.0,2.0
1986-01-09,,61.0,severe,"Birbhum, Kolkata, Hooghly, Howrah, Malda, Purba Purba Medinipur, Murshidabad, Nadia,South 24 Parganas,North 24 Parganas",Uttar Pradesh,,,29.0,0.0,0.0,2852.0,"i)17,131.99 sq km area with population 121.40 lakhs in 15,191 villages affected ii)5,16,000 hectares of agriculture land affected. Loss of crop estimated around Rs. 13,910 lakhs iii)2,05,718 houses dully,3,86,157 partially damaged. Loss estimated to be worth Rs. 1800.92 lakhs",IMD,1986.0,1.0,29.0
1986-08-08,,7.0,severe,"Pondicherry, Karaikal, Mahe, Yanam",Puducherry,,,0.0,0.0,0.0,0.0,"Yanam, an enclave of the Union Territory completely cut off from rest of the country",IMD,1986.0,8.0,0.0
1987-08-07,1987-08-07,1.0,heavy rains/tank burnt,Adilabad,Andhra Pradesh,,,53.0,0.0,0.0,0.0,,IMD,1987.0,8.0,53.0
1987-01-06,,30.0,severe,"Tinsukia, Dhemaji, Dibrugarh, Lakhimpur, Sivasagar, Jorhat, Sonitpur, Golaghat, Udalguri, Chirang, Baksa, Nagaon, Kokrajhar, Darrang, Barpeta, Nalbari, Marigaon, Kamrup, Bongaigaon, Dhubri, Kamrup Metro, Goalpara, Dima Hasao, Cachar, Karimganj, Hailakandi, Charaideo, Majuli, Biswanath, Hojai, South Salmara Mancachar, Karbi Anglong, West Karbi Anglong",Assam,,,10.0,0.0,0.0,0.0,"i)1.2 million people affected ii)Barpeta,Nalbari districts worst affected iii)1 lakh people marooned in Dhubri,Kamrup districts iv)Paddy crop in 50,000 hectares, jute crop in 5000 hectares,Sali seedlings in 2000 hectares of land submerged under flood water v)In Nalbari district, a railway track at Ghagrapara damaged, suspended railway services vi)In Barpeta district, national highway at Sorbhog closed for traffic vii)Atleast a dozen embankments,several roads breached",IMD,1987.0,1.0,10.0
1987-01-07,,31.0,severe,"Barpeta, Darrang, Dibrugarh, Goalpara, Jorhat, Kamrup, Kokrajhar, Lakhimpur, Nagaon, Nalbari, Sivasagar,Sonitpur",Assam,,,12.0,0.0,0.0,5000.0,"i)800km long Brahmaputra valley from Sadiya to Dhubri affected ii)Dibrugarh, Lakhimpur, Nagaon, Sivasagar,,Sonitpur districts worst affected iii)Standing crop in 4.25 lakh hectares destroyed iv)300m long embankment along Subansiri river washed away at Baithakana in Lakhimpur district v)In Sivasagar district, national highway No. 36 closed for traffic due to damage of Deopani bridge vi)70% of 450 sq. km. area of Kaziranga National Park, sub-merged. The wild animals took shelter in higher reaches vii)Large number of roads,river embankment damaged disrupting road link between upper,lower Assam",IMD,1987.0,1.0,12.0
1987-01-08,,31.0,severe,"Darrang, Dhubri, Dibrugarh, Goalpara, Jorhat, Kamrup, Nagaon, Nalbari, Sivasagar amd Sonitpur",Assam,,,47.0,0.0,0.0,39852.0,"i)1.63 lakh hectares of cropped area damaged ii)38,660 houses damaged iii)Railway services in Lakhimpur district disrupted for 16 consecutive days",IMD,1987.0,1.0,47.0
1987-01-09,,30.0,severe,"Dhubri, Jorhat, Nalbari, Sivasagar,Sonitpur",Assam,,,0.0,0.0,0.0,0.0,"i)90 villages in Jorhat,Sonitpur district affected ii)Flood water inundated vast area of cropped land iii)Extensive land-erosion reported in Sonitpur district iv)1 wooden bridge over Kalabari-Subansiri, breached",IMD,1987.0,1.0,0.0
1987-01-10,1987-07-10,7.0,severe,"Darrang, Goalpara, Jorhat, Kamrup, Lakhimpur, Nagaon, Sivasagar,Sonitpur",Assam,,,1.0,0.0,0.0,0.0,"i)Jorhat,Lakhimpur district worst affected ii)1.4 lakh people in 233 villages affected",IMD,1987.0,1.0,1.0
1987-08-04,1987-09-04,2.0,heavy rains,"Bilaspur, Hamirpur, Kangra",Himachal Pradesh,,,0.0,0.0,0.0,0.0,i)Normal life in far-flung  areas paralysed ii)Vehicular traffic completely disrupted,IMD,1987.0,8.0,0.0
1987-12-08,1987-12-08,1.0,cloud burst,Shimla,Himachal Pradesh,,,12.0,0.0,0.0,0.0,"Large number of houses,bridges washed away",IMD,1987.0,12.0,12.0
1987-07-05,1987-11-05,5.0,heavy rains,"Baramulla,Poonch",Jammu and Kashmir,,,25.0,0.0,0.0,0.0,,IMD,1987.0,7.0,25.0
1987-01-06,,14.0,severe,"Kupwara, Bandipora, Baramulla, Ganderbal, Anantnag, Kishtwar, Srinagar, Budgam, Pulwama, Poonch, Shopian, Kulgam, Rajouri, Ramban, Reasi, Doda, Jammu, Kathua, Udhampur, Samba, Muzaffarabad, Mirpur",Jammu and Kashmir,,,12.0,0.0,0.0,0.0,"i)Anantnag,Srinagar districts worst affected ii)80,000 people affected iii)Hundreds of houses damaged iv)60-70% of the cultivable area is Kashmir valley submerged under flood water v)Dal lake inundated Rainawari Habak, Bishembernagar,Muniwara localities vi)Postal,telegraph services completely disrupted vii)11 relief camps set up",IMD,1987.0,1.0,12.0
1987-03-10,1987-03-10,1.0,cloud burst,Anantnag,Jammu and Kashmir,,,0.0,0.0,0.0,0.0,,IMD,1987.0,3.0,0.0
1987-10-10,,9.0,incessant rains,"Doda,Udhampur",Jammu and Kashmir,,,0.0,0.0,0.0,0.0,"i)Maize crop totally,fruit orchards partially damaged ii)Jammu-Srinagar national highway closed for vehicular traffic due to landslides between  Bandipore,Ramban iii)Hundreds of passengers stranded near Udhampur iv)334 km long Srinagar-Leh road closed for traffic for 8 days",IMD,1987.0,10.0,0.0
1987-10-05,1987-10-05,1.0,heavy rains,Belagavi,Karnataka,,,4.0,2.0,0.0,0.0,,IMD,1987.0,10.0,6.0
1987-02-10,1987-02-10,1.0,heavy rains,Chitradurga,Karnataka,,,41.0,0.0,0.0,0.0,,IMD,1987.0,2.0,41.0
1987-07-10,1987-07-10,1.0,heavy rains,Bengaluru Rural,Karnataka,,,0.0,0.0,0.0,0.0,"A railway bridge between Ramanagaram,Bidadi in Bengaluru Rural-Mysuru section collapsed",IMD,1987.0,7.0,0.0
1987-08-10,1987-08-10,1.0,heavy rains,Bengaluru Rural,Karnataka,,,2.0,0.0,0.0,0.0,2 houses collapsed,IMD,1987.0,8.0,2.0
1987-09-11,1987-09-11,1.0,heavy rains,Kozhikode,Kerala,,,2.0,0.0,0.0,0.0,,IMD,1987.0,9.0,2.0
1987-01-12,1987-01-12,1.0,heavy rains,Thrissur,Kerala,,,0.0,0.0,0.0,0.0,Loss of agriculture products reported,IMD,1987.0,1.0,0.0
1987-05-12,1987-05-12,1.0,heavy rains,Thiruvananthapuram,Kerala,,,0.0,0.0,0.0,0.0,"Extensive damage to property,house reported",IMD,1987.0,5.0,0.0
1987-07-07,1987-07-07,1.0,heavy rains,Nashik,Maharashtra,,,0.0,2.0,0.0,0.0,A two-storeyed building collapsed in Nashik city,IMD,1987.0,7.0,2.0
1987-08-05,1987-08-05,1.0,flash floods,Gurdaspur,Punjab,,,1.0,0.0,0.0,0.0,24 villages situated across Dhusai bund along Ravi river submerged,IMD,1987.0,8.0,1.0
1987-06-12,1987-07-12,2.0,heavy rains,"Pudukkottai, Thanjavur, Tiruchirappalli",Tamil Nadu,,,11.0,0.0,0.0,0.0,Large number of houses damaged,IMD,1987.0,6.0,11.0
1987-04-05,1987-08-05,5.0,heavy rains,Aligarh,Uttar Pradesh,,,5.0,0.0,0.0,0.0,i)Hundreds of people rendered homeless ii)Several Kachchha houses collapsed,IMD,1987.0,4.0,5.0
1987-01-08,,45.0,severe,"Prayagraj, Gorakhpur, Lucknow, Mirzapur,Varanasi",Uttar Pradesh,,,163.0,0.0,0.0,0.0,i)Large number of houses collapsed ii)Vast areas submerged iii)Large number of passengers stranded at Varanasi station due to cancellation of trains iv)Breaches on Grand Trunk road reported,IMD,1987.0,1.0,163.0
1987-01-07,,31.0,severe,Dakshin Dinajpur,West Bengal,,,4.0,0.0,0.0,0.0,"i)5 lakh people affected ii)1 lakh people rendered homeless iii)15,000 Kachchha houses collpased iv)1000 sq. km. area submerged under flood water",IMD,1987.0,1.0,4.0
1987-10-08,1987-10-08,1.0,heavy rains,Darjeeling,West Bengal,,,0.0,0.0,0.0,0.0,80 families rendered homeless due to landslides ii)A PWD godown damaged,IMD,1987.0,10.0,0.0
1987-01-08,1987-07-09,38.0,severe,Dakshin Dinajpur,West Bengal,,,60.0,0.0,0.0,0.0,"i)1000 villages with a population of 5 lakh, affected ii)1000 sq. km. cultivable land submerged under flood water iii)30,000 houses washed away,10,000 houses damaged iv)60,000 people rendered homeless v)Large number of rail bridges damaged, disrupting rail services for several days",IMD,1987.0,1.0,60.0
1987-08-08,1987-07-09,31.0,severe,"Cooch Behar,Jalpaiguri",West Bengal,,,56.0,0.0,0.0,0.0,"i)4 lakh people affected ii)Several railway bridges washed away iii)500 sq. km. area submerged under flood water iv)Crop in 20,000 hectares submerged v)40,000 people rescued",IMD,1987.0,8.0,56.0
1988-01-07,1988-07-08,38.0,severe,"Adilabad, East,West Godavari, Guntur, Karimnagar, Khammam, Krishna, Mahabubnagar,Warangal, Warangal, Warangal, Warangal",Andhra Pradesh,,,109.0,0.0,0.0,4233.0,"i)6886 houses completely,4108 houses partially damaged ii)Paddy crop in 3 lakh hectares completely damaged",IMD,1988.0,1.0,109.0
1988-08-07,,21.0,severe,"Cachar, Darrang,  Dibrugarh, Goalpara, Jorhat, Kamrup, Karbi Anglong, Kokrajhar, Lakhimpur, Nagaon,Sivasagar",Assam,,,24.0,0.0,0.0,0.0,"i)4000 villages with a population of 8 lakhs affected ii)3000 houses damaged iii)Standing crops in 1 lakh hectares damaged iv)Road communication between upper,lower Assam completely disrupted v)National highway No. 37 submerged at 5 different points between Raha,Nellie vi)500 relief camps set up vii)Army called to rescue marooned people",IMD,1988.0,8.0,24.0
1988-01-10,,14.0,severe,Dhemaji,Assam,,,0.0,0.0,0.0,0.0,"i)379 villages covering 50,240 hectares with a population of about 27,000 innundated ii)P.W.D. road between Machkhowa,Dhakuakhana breached",IMD,1988.0,1.0,0.0
1988-11-08,1988-11-08,1.0,heavy rains,Unknown,Bihar,,,10.0,0.0,0.0,0.0,,IMD,1988.0,11.0,10.0
1988-08-07,,21.0,severe,"Amreli, Banas Kantha, Bhavnagar, Valsad, Jamnagar, Junagadh, Kachchh, Rajkot, Surat,Vadodara",Gujarat,,,130.0,0.0,0.0,7000.0,"i)2500 houses razed to ground, 22,000 dwelling damaged ii)Standing crops on thousands of hectares washed away iii)In Saurashtra region 26 dams flooded iv)In Jamnagar district 17 villages marooned v)Bhuj in Kuchchh district 2,000 employees of Gujarat Mineral Development Corporation Ltd.,Gujarat Electricity Board at Panandro marooned for 3 days vi)In Junagadh district, 1 lakh people in 75 villages marooned vii)In Surat district 26,000 people stranded,5000 rendered homeless",IMD,1988.0,8.0,130.0
1988-02-07,1988-02-07,1.0,heavy rains,Ambala,Haryana,,,1.0,0.0,0.0,0.0,Low lying areas of the cities inundated due to breachment of Tangri rivulet,IMD,1988.0,2.0,1.0
1988-07-07,1988-07-07,1.0,heavy rains,"Ambala, Kurukshetra,Sonipat",Haryana,,,0.0,0.0,0.0,0.0,i)Normal life completely paralysed ii)Many low lying areas inundated iii)Telecommunication services badly affected,IMD,1988.0,7.0,0.0
1988-09-08,1988-10-08,2.0,severe,"Ambala, Faridabad, Hisar, Jind, Karnal, Kurukshetra, Sirsa, Sonipat",Haryana,,,15.0,0.0,0.0,0.0,"i)More than 65,000 people,1,10,899 hectares of land effected ii)Crops worth Rs. 50 crore in 85,000 hectares destroyed iii)645 roads damaged iv)Vehicular traffic on Ambala-Shimla highway disrupted following landslide at many places v)Surajpur-Jhajar bridge sank when two of its span washe away",IMD,1988.0,9.0,15.0
1988-01-07,,45.0,severe,"Lahul And Spiti, Chamba, Kangra, Kullu, Mandi, Kinnaur, Una, Shimla, Solan, Sirmaur, Hamirpur, Bilaspur",Himachal Pradesh,,,38.0,0.0,0.0,719.0,"i)1,511 houses damaged while 250 houses washed away ii)Public property worth Rs. 14.60 crore damaged iii)In Hamirpur 60% Maize crop destroyed iv)Kulu, Mandi,Shimla completely cut-off from the rest of the country v)Extensive damage to roads reported vi)Railway,vehicular traffic suspended. Hundreds of vehicles stranded at various places vii)Railway traffic in Shimla-Kalka section remained suspended due to washing away of a bridge in Guma-Koti section viii)Some equipment of Chamba Project washed away ix)3 luxury buses,1 jeep in the workshop of Tourist Dept. washed away. Loss estimated Rs. 30 lakhs ",IMD,1988.0,1.0,38.0
1988-02-06,1988-02-06,1.0,heavy rains,Jammu,Jammu and Kashmir,,,2.0,7.0,0.0,0.0,,IMD,1988.0,2.0,9.0
1988-01-08,1988-01-08,1.0,flash floods,Kargil,Jammu and Kashmir,,,17.0,0.0,0.0,0.0,i)Several houses collapsed ii)Kashmir valley cut-off from the rest of the country,IMD,1988.0,1.0,17.0
1988-08-08,1988-08-08,1.0,flash floods,Poonch,Jammu and Kashmir,,,34.0,0.0,0.0,0.0,,IMD,1988.0,8.0,34.0
1988-05-07,1988-05-07,1.0,heavy rains,Bengaluru Rural,Karnataka,,,6.0,0.0,0.0,0.0,"i)Several Kachchha houses collapsed affecting hundreds of people ii)Several people evacuated in low lying areas of Padarayanapura,  Byaparayanapura, Frazer,Gouripadaya towns",IMD,1988.0,5.0,6.0
1988-07-08,1988-09-08,3.0,heavy rains,Belagavi,Karnataka,,,5.0,0.0,0.0,0.0,"A bridge in Amodghat section collapsed,another bridge submerged under flood water disrupting vehicular traffic",IMD,1988.0,7.0,5.0
1988-09-09,1988-09-09,1.0,heavy rains,Bengaluru Rural,Karnataka,,,10.0,0.0,0.0,0.0,i)Normal life in the city completely paralysed ii)Low lying area innundated,IMD,1988.0,9.0,10.0
1988-11-09,1988-11-09,1.0,heavy rains,"Bengaluru Rural, Bijapur,Tumakuru",Karnataka,,,25.0,25.0,0.0,0.0,"In Bengaluru Rural 5,000 families rendered homeless",IMD,1988.0,11.0,50.0
1988-05-06,1988-05-06,1.0,heavy rains,Malappuram,Kerala,,,0.0,0.0,0.0,0.0,Damaged to crops at Kallikkau village reported,IMD,1988.0,5.0,0.0
1988-02-07,1988-03-07,2.0,heavy rains,Nagpur,Maharashtra,,,3.0,5.0,0.0,0.0,,IMD,1988.0,2.0,8.0
1988-03-07,1988-03-07,1.0,heavy rains,Thane,Maharashtra,,,1.0,7.0,0.0,0.0,,IMD,1988.0,3.0,8.0
1988-09-07,1988-11-07,3.0,heavy rains,Akola,Maharashtra,,,3.0,0.0,0.0,0.0,,IMD,1988.0,9.0,3.0
1988-11-09,1988-11-09,1.0,heavy rains,"Beed,Pune",Maharashtra,,,29.0,0.0,0.0,0.0,,IMD,1988.0,11.0,29.0
1988-08-09,,21.0,severe,"Aurangabad, Jalna, Nanded, Dharashiv,Parbhani",Maharashtra,,,15.0,14.0,0.0,0.0,"i)Beed city worst affected ii)36 villages in Nanded district,20 in Parbhani district affected iii)Damaged to property worth lakhs of rupees reported iv)In Parbhani, schools remained closed",IMD,1988.0,8.0,29.0
1988-02-10,1988-03-10,2.0,heavy rains,"Akola, Amravati, Buldhana,Yavatmal",Maharashtra,,,12.0,0.0,0.0,0.0,i)In Buldana district property worth Rs. 1.35 crore damaged ii)100 persons shifted to safer places iii)Standing crops worth million of rupees destroyed,IMD,1988.0,2.0,12.0
1988-03-10,1988-03-10,1.0,heavy rains,"Ahmednagar, Mumbai",Maharashtra,,,12.0,18.0,0.0,0.0,"i)70 bunds washed away in Sangamner taluka ii)Paddy crop suffered heavy loss , i)City life completely paralysed ii)19 hutmens damaged iii)Road, railway,air traffic completely disrupted",IMD,1988.0,3.0,30.0
1988-06-10,1988-06-10,1.0,heavy rains,Akola,Maharashtra,,,1.0,0.0,0.0,0.0,5 villages including Gandhigram submerged under flood water disrupting vehicular traffic,IMD,1988.0,6.0,1.0
1988-10-10,1988-10-10,1.0,heavy rains,Bhandara,Maharashtra,,,13.0,0.0,0.0,0.0,,IMD,1988.0,10.0,13.0
1988-03-08,1988-03-08,1.0,heavy rains,Sambalpur,Odisha,,,0.0,0.0,0.0,0.0,"i)Road link at several places washed away ii)Power supply,telecommunication services completely disrupted",IMD,1988.0,3.0,0.0
1988-11-03,,4.0,flash floods,Gurdaspur,Punjab,,,1.0,0.0,0.0,0.0,"i)40 villages inundated by flood water while 15 villages remained cut-off from rest of the state for 3 consecutive days ii)Large number of people took shelter on tree-tops iii)180 metre long Dhussi Bundh washed away near Kamalpur village damaging standing crops in 50,000 acres",IMD,1988.0,11.0,1.0
1988-03-07,1988-03-07,1.0,heavy rains,Patiala,Punjab,,,5.0,0.0,0.0,0.0,"i)1/3rd of the city submerged under flood water ii)20,000 people rendered homeless iii)12 buildings collapsed iv)Loss estimated worth crores of rupees",IMD,1988.0,3.0,5.0
1988-07-07,1988-07-07,1.0,heavy rains,"Hoshiarpur, Jalandhar",Punjab,,,1.0,0.0,0.0,0.0,i)Canal link washed away at many places ii)Work on Sutlaj/Jamuna link canal affected,IMD,1988.0,7.0,1.0
1988-08-07,,38.0,severe,"Amritsar, Bathinda, Ferozepur, Gurdaspur, Hoshiarpur, Jalandhar, Kapurthala, Ludhiana, Patiala,Sangrur",Punjab,,,38.0,0.0,0.0,208.0,"i)70 villages in Patiala,60 villages in Gurdaspur district affected ii)Crops worth crores of rupees damaged to 200 villages iii)8,900 houses destroyed while 1000 tube wells damaged iv)In Sangrur district 30,000 acres in 26 villages completely submerged v)Total loss of crop,property estimaed worth Rs. 1346.38 lakhs vi)Heavy damage to roads reported vii)Vehicular traffic on Mansa-Sardulgarh road suspended due to breaches in Ghaggra river viii)24 km long Dhussi Bundh in Amritsar,Gurdaspur districts breached at couple of places ix)Some parts of Mukerian Hydle canal washed away. Loss estimated Rs. 4 crore x)Hundred feet long Chandigarh-Hoshiarpur highway washed away",IMD,1988.0,8.0,38.0
1988-06-11,1988-06-11,1.0,heavy rains,Chennai,Tamil Nadu,,,3.0,4.0,0.0,0.0,,IMD,1988.0,6.0,7.0
1988-08-07,,21.0,severe,"North Tripura, Dhalai, Sepahijala, Gomati, Khowai, West Tripura, South Tripura, Unakoti",Tripura,,,7.0,0.0,0.0,0.0,"i)Several thousand persons affected ii)2,000 acres of paddy field submerged",IMD,1988.0,8.0,7.0
1988-08-07,,69.0,severe,29 districts affected,Uttar Pradesh,,,611.0,0.0,0.0,0.0,"i)2.05 million people in 3441 villages affected ii)15,10 lakh hetares of land innundated iii)Crops in 2,28,000 hectares destroyed iv)5,10,000 people,44,000 cattleheads rescued to safer place",IMD,1988.0,8.0,611.0
1988-12-06,1988-12-06,1.0,heavy rains,Kolkata,West Bengal,,,2.0,0.0,0.0,0.0,i)Normal city life completely paralysed ii)Low lying area submerged iii)A private car damaged,IMD,1988.0,12.0,2.0
1988-12-06,,2.0,heavy rains,"Hooghly, Purba Purba Medinipur,South 24 Parganas,North 24 Parganas",West Bengal,,,4.0,30.0,0.0,0.0,"i)4 barges,3 launches capsized near Haldia in Hugli district ii)Embankment across river Ganga breached at several places iii)300 Kachchha houses collapsed in Purba Medinipur district",IMD,1988.0,12.0,34.0
1988-06-07,1988-06-07,1.0,heavy rains,Kolkata,West Bengal,,,0.0,0.0,0.0,0.0,i)Various parts of the city submerged ii)Normal life completely paralysed iii)Vehicular traffic almost suspended,IMD,1988.0,6.0,0.0
1988-01-08,,61.0,severe,"Birbhum, Cooch Behar, Jalpaiguri, Malda, Murshidabad, Nadia,Dakshin Dinajpur",West Bengal,,,53.0,0.0,0.0,195.0,"i)Maldah,Dakshin Dinajpur worst affected ii)1.2 million people in 4559 villages affected iii)7561 sq.km. area submerged under flood water iv)1,16,968 houses fully,1,72,797 partially damaged v)Crops in 3,32,956 hectares worth Rs. 6,297.90 lakh damaged vi)Two National Highways damaged. Nagpur bridge over National Highway No. 34 near rajganj, damaged vii)In Nadia district, 50 villages inundated under flood water viii)No. 2,3 spar of Farakka barage washed away,number 12,14 partly affected",IMD,1988.0,1.0,53.0
1989-01-07,,31.0,severe,"Ananthapuramuamu,  Y.S.R., East Godavari, Karimnagar, Khammam, Nalgonda, Nizamabad, Prakasam, Warangal, Warangal, Warangal, Warangal,West Godavari",Andhra Pradesh,,,226.0,0.0,0.0,0.0,"i)1 lakh houses collapsed ii)Crop in 2 lakh hectares of wetland,1.8 lakh hectares of dryland affected iii)the loss estimated to be worth Rs. 297crores iv)17 minor irrigation tanks breached v)IAF helicopter deployed for relief,rescue operation",IMD,1989.0,1.0,226.0
1989-08-06,,14.0,severe,"Barpeta, Darrang, Dibrugarh, Kamrup,Sonitpur",Assam,,,0.0,0.0,0.0,0.0,"i)Due to breaches of the embankment of river Puthimari in Kamalpur circle of Kamrup district. 5000 hectares of land inundated rendering 24,000 people homeless ii)Standing 'Ahu' paddy 'Sali' paddy seedling,jute crop extensively damaged iii)In Sonitpur district. 20 houses washed away affecting 400 families.",IMD,1989.0,8.0,0.0
1989-01-07,,52.0,severe,"Cachar, Dhubri, Dibrugarh, Goalpara, Jorhat, Kamrup, Karbi Anglong, Karimganj, Lakhimpur, Nagaon, Sivasagar,Sonitpur",Assam,,,28.0,0.0,0.0,0.0,"i)3,230 villages covering the land area of 6,38,240 hectares affected. ii)Crops in the area of 3,68,741 hectares damaged. iii)23,97,076 people affected iv)30,457 huts damaged v)Railway,road link between upper,lower Assam completely disrupted.",IMD,1989.0,1.0,28.0
1989-08-10,,7.0,severe,South Assam,Assam,,,0.0,0.0,0.0,0.0,i)Vast area of south Assam inundated by flood water rendering large number of families homeless. ii)Standing crop in Cachar district badly damaged,IMD,1989.0,8.0,0.0
1989-01-10,1989-07-10,7.0,severe,"Katihar,Purnia",Bihar,,,0.0,0.0,0.0,0.0,"i)600 families affected ii)50 families rendered homeless at Maderichak,Lokhsmipur villages in Manibari block of Katihar district. iii)Vast area of standing crop submerged iv)Katihar-Jogbani metre gauge section of North Eastern Frontier Railway suspended v)Train communication on Katihar-Saharsa section suspended due to inundation of about 300 feet track",IMD,1989.0,1.0,0.0
1989-08-07,1989-08-07,1.0,heavy rains,Surat,Gujarat,,,0.0,0.0,0.0,2.0,,IMD,1989.0,8.0,0.0
1989-12-07,,3.0,heavy rains,"Kangra,Hamirpur",Himachal Pradesh,,,0.0,0.0,0.0,0.0,"i)Vehicular traffic disrupted due to landslide ii)Water supply,telecommunication services badly affected in Hamirpur district",IMD,1989.0,12.0,0.0
1989-07-06,1989-07-06,1.0,heavy rains,Baramulla,Jammu and Kashmir,,,0.0,30.0,0.0,0.0,,IMD,1989.0,7.0,30.0
1989-05-06,1989-05-06,1.0,flash flood,Beedar,Karnataka,,,7.0,0.0,0.0,0.0,,IMD,1989.0,5.0,7.0
1989-06-07,1989-07-07,2.0,heavy rains,Uttar Kashia Kannada,Karnataka,,,2.0,0.0,0.0,0.0,"i)Large number of trees uprooted disrupting power supply ii)Low lying areas flooded iii)Vehicular traffic,telecommunication services disrupted",IMD,1989.0,6.0,2.0
1989-12-07,1989-12-07,1.0,heavy rains,Dharwad,Karnataka,,,1.0,0.0,0.0,0.0,"i)30 houses washed away in Beladadi,Sajjapur villages in Gadag taluka ii)2 hay stocks washed away in Mundargi iii)A tank in Kadaramandalagi village in Ranebennur taluka breached iv)Vehicular traffic between Mundargi,Gadag completely disrupted",IMD,1989.0,12.0,1.0
1989-08-06,,7.0,heavy rains,"Alappuzha,Thrissur",Kerala,,,0.0,0.0,0.0,0.0,"i)400 houses damaged in Arattupuzha,Thrikkunnapuzha villages in Alappuzha while 35 houses damaged in Thrissur ii)Large number of people in Alappuzha shifted to safer places iii)Sea-erosion in Thrissur reported",IMD,1989.0,8.0,0.0
1989-09-06,1989-09-06,1.0,heavy rains,Kasaragod,Kerala,,,0.0,0.0,0.0,0.0,"Damage to property,agriculture reported",IMD,1989.0,9.0,0.0
1989-11-06,1989-11-06,1.0,heavy rains,Kasaragod,Kerala,,,0.0,0.0,0.0,0.0,"i)Large number of houses collapsed ii)Banana plantation,coconut plums destroyed iii)Road along hilly ranges washed away in several places",IMD,1989.0,11.0,0.0
1989-11-06,1989-12-06,2.0,heavy rains,"Idukki,Kottayam",Kerala,,,1.0,0.0,0.0,0.0,"Extensive damage to property,agriculture reported",IMD,1989.0,11.0,1.0
1989-07-06,1989-07-06,1.0,heavy rains,Nagpur,Maharashtra,,,0.0,1.0,0.0,0.0,,IMD,1989.0,7.0,1.0
1989-01-08,1989-07-08,7.0,severe,"Kamjong, Senapati, Tamenglong, Imphal West, Kakching, Bishnupur, Chandel, Churachandpur, Imphal East, Jiribam, Kangpokpi, Thoubal, Tengnoupal, Ukhrul, Noney, Pherzawl",Manipur,,,0.0,0.0,0.0,0.0,"i)7 lakh people affected ii)50,000 people rendered homeless",IMD,1989.0,1.0,0.0
1989-12-07,,9.0,severe,"Baleshwar, Cuttack, Puri",Odisha,,,0.0,0.0,0.0,0.0,"i)158 villages with about 2.5 lakhs population affected ii)20,796 hectares of agricultural land submerged iii)42 houses totally/partially damaged iv)Road/embankment breached at 11 places , i)163 villages with 1.89 lakhs population affected ii)9,421 hectares of cultivated land submerged , i)94 villages with population of 7,270 affected ii)29,554 hectares of cultivated land submerged iii) 1,301 houses totally/partially damaged. 109 school buildings damaged. iv)Roads/embankment breached at 88 places. 31 culverts damaged.",IMD,1989.0,12.0,0.0
1989-02-08,1989-06-08,5.0,severe,"Baleshwar, Cuttack, Kendujhar,Mayurbhanj",Odisha,,,2.0,0.0,0.0,0.0,"i)More than 4 lakh people affected in Baleshwar,Cuttack district ii)Standing crops in large track of low lying riverine areas damaged iii)Many roads either washed away or submerged disrupting vehicular traffic iv)About 1 lakh of people in Cuttack district shifted to safer places",IMD,1989.0,2.0,2.0
1989-11-09,1989-12-09,2.0,heavy rains,Cuttack,Odisha,,,0.0,0.0,0.0,0.0,i)Normal life paralysed ii)Low lying areas flooded,IMD,1989.0,11.0,0.0
1989-02-07,1989-02-07,1.0,heavy rains,Ganganagar,Rajasthan,,,0.0,0.0,0.0,0.0,i)About 100 houses collapsed ii)Low lying areas water logged,IMD,1989.0,2.0,0.0
1989-01-07,,62.0,severe,"Bahraich, Gonda, Basti, Gorakhpur, Deoria, Ballia, Azamgarh, Ayodhya, Sultanpur, Jaunpur, Ghazipurr, Varanasi, Mirzapur, Prayagraj,Pratapgarh",Uttar Pradesh,,,160.0,0.0,0.0,0.0,i)7801 villages with population 44.93 lakh affected ii)94.53 lakh hectares of land including 5.94 lakh hectares of agricultural land affected,IMD,1989.0,1.0,160.0
1989-01-08,1989-01-08,1.0,heavy rains,Murshidabad,West Bengal,,,0.0,0.0,0.0,0.0,Embankment of Kuya river breached,IMD,1989.0,1.0,0.0
1989-06-08,1989-06-08,1.0,severe,"Paschim Purba Bardhaman, Purba Purba Bardhaman, Hooghly",West Bengal,,,0.0,0.0,0.0,0.0,"i)25,000 people rendered homeless ii)100s of villages of Kandi subdivision submerged under flood water , i)3 lakh people rendered homeless. ii)4 blocks in Arambagh subdivision badly affected",IMD,1989.0,6.0,0.0
1990-01-08,,31.0,severe,"Adilabad, East Godavari, Khammam, Medak, Nizamabad,West Godavari",Andhra Pradesh,,,36.0,0.0,0.0,0.0,"i)9,33,714 people in 1409 villages affected ii)2956 houses completely,4809 partially dmaged",IMD,1990.0,1.0,36.0
1990-01-06,1990-07-06,7.0,severe,Itanagar,Arunachal Pradesh,,,1.0,0.0,0.0,0.0,i)Itanagar cut-off from rest of the country as the bridge near Bandartwa washed away ii)National Highway No. 52 breached,IMD,1990.0,1.0,1.0
1990-08-07,1990-08-07,1.0,heavy rains,Itanagar,Arunachal Pradesh,,,0.0,0.0,0.0,0.0,State capital cut-off from rest of the country,IMD,1990.0,8.0,0.0
1990-10-07,1990-10-07,1.0,heavy rains,"West Kameng, West Kameng",Arunachal Pradesh,,,8.0,0.0,0.0,0.0,,IMD,1990.0,10.0,8.0
1990-08-08,,14.0,severe,"East Siang,West Siang",Arunachal Pradesh,,,0.0,0.0,0.0,0.0,"i)Standing crop worth Rs. 8 lakhs damaged ii)7 microhydel projects affected iii)Road communication between plain Zero Sangram Koloriang,Nyapin Subansiri disrupted iv)Itanagar cut-off from rest of the country",IMD,1990.0,8.0,0.0
1990-08-06,,54.0,severe,"Barpeta, Cachar, Dhubri, Dibrugarh, Jorhat, Kamrup, Karimganj, Lakhimpur, Nalbari, Sivasagar,Sonitpur",Assam,,,118.0,0.0,0.0,0.0,"i)5,76,953 people in 1,085 villages affected ii)In Sivasagar, 1,03,954 people in 167 villages,40 villages in Nalbari district worst affected iii)2,000 houses including several Govt. offices damaged iv)Paddy, Jute,other crops in 72,000 hectares of land damaged v)Hundreds of people rendered homeless",IMD,1990.0,8.0,118.0
1990-08-08,,14.0,severe,"Barpeta, Cachar, Dhubri, Dibrugarh, Jorhat, Kamrup, Karimganj, Lakhimpur, Nalbari, Sivasagar,Sonitpur",Assam,,,7.0,0.0,0.0,0.0,"i)8 lakh people in 1,300 villages affected ii)13,500 houses damaged iii)Standing crop in 48,000 hectares of land destroyed",IMD,1990.0,8.0,7.0
1990-01-10,,19.0,severe,"Barpeta, Dibrugarh, Dhemaji, Dhubri, Goalpara, Jorhat, Lakhimpur, Nalbari,Sonitpur",Assam,,,15.0,0.0,0.0,0.0,"i)In Dhubri district, 28,850 people in 63 villages affected ii)Thousands of acres of paddy field submerged iii)Hundreds of dwelling damaged iv)Road communication between upper,lower Assam completely suspended v)Several roads,bridges damaged vi)Thousands of people took shelter in relief camps",IMD,1990.0,1.0,15.0
1990-01-07,1990-07-08,38.0,severe,"Begusarai, Bhagalpur, Darbhanga, Gopalganj, Katihar, Khagaria, Madhepura, Madhubani, Nalanda, Pashchim Champaran, Patna, Saharsa, Samastipur, Sitamarhi,Vaishali",Bihar,,,4.0,0.0,0.0,0.0,"i)3 million people in 2,000 villages affected ii)Standing crop in 1.5 lakh hectares of land, worth 6.5 crores damged iii)Road communication completely cut-off",IMD,1990.0,1.0,4.0
1990-01-07,1990-07-07,7.0,severe,"Valsad, Amreli, Dangs, Banas Kantha, Patan, Mahesana, Gandhinagar, Ahmedabad, Panch Mahals, Dahod, Vadodara, Bharuch, Porbandar, Narmada, Surat, Tapi, Arvalli, Botad, Chota Udaipur, Mahisagar, Gir Somnath, Sabar Kantha, Kachchh, Surendranagar, Rajkot, Kheda, Anand, Bhavnagar, Junagadh, Jamnagar, Devbhumi Dwarka Dwarka, Morbi, Navsari",Gujarat,,,38.0,0.0,0.0,0.0,,IMD,1990.0,1.0,38.0
1990-01-07,1990-05-07,5.0,heavy rains,Sirsa,Haryana,,,12.0,0.0,0.0,0.0,"i)100 villages badly affected ii)5,000 houses damaged iii)Cotton crop in thousands of acres of land damaged",IMD,1990.0,1.0,12.0
1990-01-07,1990-05-07,5.0,heavy rains,Kangra,Himachal Pradesh,,,1.0,0.0,0.0,0.0,,IMD,1990.0,1.0,1.0
1990-06-07,1990-10-07,5.0,heavy rains,"Chamba, Hamirpur, Kangra, Mandi,Shimla",Himachal Pradesh,,,18.0,0.0,0.0,0.0,"i)Property worth Rs. 2.5 crores lost in Mandi district ii)Tribal Bharmaur in Chamba district,parts of Kinnaur district cut-off from rest of the country iii)Mandi-Kataul bridge,sholding bridge on Hindusthan-Tibet National Highway washed away iv)Road communication disrupted due to landslide at several places",IMD,1990.0,6.0,18.0
1990-05-08,1990-07-08,3.0,heavy rains,"Lahul And Spiti, Chamba, Kangra, Kullu, Mandi, Kinnaur, Una, Shimla, Solan, Sirmaur, Hamirpur, Bilaspur",Himachal Pradesh,,,26.0,0.0,0.0,0.0,"i)Extensive damage to standing crop reported ii)Shimla,surrounding area submerged under water",IMD,1990.0,5.0,26.0
1990-07-09,1990-10-09,4.0,heavy rains,"Hamirpur,Una",Himachal Pradesh,,,2.0,0.0,0.0,0.0,i)Normal life paralysed ii)Road link cut-off,IMD,1990.0,7.0,2.0
1990-07-08,1990-07-08,1.0,heavy rains,Jammu,Jammu and Kashmir,,,3.0,0.0,0.0,0.0,Vehicular traffic on National Highway disrupted,IMD,1990.0,7.0,3.0
1990-07-09,1990-09-09,3.0,heavy rains,"Jammu, Kathua",Jammu and Kashmir,,,21.0,20.0,0.0,0.0,i)20 houses collpased in various parts of Jammu ii)Crop worth lakhs of rupees damaged iii)300 km. Jammu-Srinagar National Highway closed for vehicular traffic,IMD,1990.0,7.0,41.0
1990-03-07,1990-03-07,1.0,heavy rains,"Kannur,Kozhikode",Kerala,,,0.0,0.0,0.0,0.0,"i)43 houses completely,50 others partially collapsed in Kozhikode ii)Communication,vehicular services completely disrupted in Cannanore",IMD,1990.0,3.0,0.0
1990-03-11,1990-03-11,1.0,heavy rains,Thiruvananthapuram,Kerala,,,0.0,0.0,0.0,0.0,"60 houses completely,2,600 partially damaged",IMD,1990.0,3.0,0.0
1990-07-09,1990-08-09,2.0,heavy rains,Rewa,Madhya Pradesh,,,0.0,0.0,0.0,0.0,60 houses collapsed at Nagod tehsil,IMD,1990.0,7.0,0.0
1990-05-05,1990-05-05,1.0,heavy rains,Beed,Maharashtra,,,0.0,0.0,0.0,0.0,,IMD,1990.0,5.0,0.0
1990-10-10,1990-12-10,3.0,severe,"Ahmednagar, Aurangabad, Jalna, Latur,Nanded",Maharashtra,,,6.0,0.0,0.0,0.0,"i)In Aurangabad district, Kavasan, Telwadi, Navagaon, Chandawadi,Patagaon villages marooned ii)10,000 people rendered homeless in Ahmadnagar district iii)14,000 houses in Aurangabad, 50,000 in Latur,28,000 in Nanded destroyed iv)Cotton, Jowar, Bajra, Sunflower,Tur crop in 55,000 hectares of land destroyed v)Aurangabad-Ahmadnagar-Pune National Highway closed for vehicular traffic",IMD,1990.0,10.0,6.0
1990-10-07,1990-10-07,1.0,severe,"Imphal West, Imphal East,Thoubal",Manipur,,,0.0,0.0,0.0,200.0,"i)1,500 people affected ii)50 houses destroyed,8 houses washed away iii)Embankment of Imphal river breached at two places",IMD,1990.0,10.0,0.0
1990-11-10,,9.0,severe,"East Garo Hills,West Garo Hills",Meghalaya,,,9.0,0.0,0.0,0.0,i)987 familes affected ii)Large number of houses damaged iii)Extensive damage to standing paddy crop reported iv)Estimated loss worth Rs. 2 crores,IMD,1990.0,11.0,9.0
1990-02-06,1990-02-06,1.0,heavy rains,Dhenkanal,Odisha,,,3.0,0.0,0.0,0.0,,IMD,1990.0,2.0,3.0
1990-05-09,1990-05-09,1.0,heavy rains,Baleshwar,Odisha,,,2.0,0.0,0.0,0.0,,IMD,1990.0,5.0,2.0
1990-06-09,1990-06-09,1.0,heavy rains,Cuttack,Odisha,,,0.0,0.0,0.0,0.0,i)6 villages in Cuttack district marooned by flood water of Mahanadi by flood water of Mahanadi ii)Road communication cut-off at several places,IMD,1990.0,6.0,0.0
1990-03-10,1990-06-10,4.0,heavy rains,Kalahandi,Odisha,,,0.0,0.0,0.0,0.0,"Extensive damage to standing crop,property reported",IMD,1990.0,3.0,0.0
1990-08-10,1990-09-10,2.0,severe,"Bargarh, Baleshwar, Kalahandi, Koraput,Mayurbhanj",Odisha,,,5.0,0.0,0.0,0.0,"i)22,222 people in 331 villages in 7 clocks of Bargarh district affected ii)25,000 acres of cultivated land in Baleshwar,Bargarh district submerged iii)Large number of Kachchhha houses damaged iv)Telecommunication,power suppy disrupted",IMD,1990.0,8.0,5.0
1990-12-10,1990-12-10,1.0,heavy rains,Puri,Odisha,,,0.0,0.0,0.0,0.0,i)Number of houses damaged ii)Paddy crop in thousands of acres of alnd submerged,IMD,1990.0,12.0,0.0
1990-03-11,1990-06-11,4.0,"heavy rains, flash flood","Cuttack, Ganjam,Puri",Odisha,,,77.0,0.0,0.0,28000.0,"i)6,685 villages in 41 blocks affected ii)492 houses completely,30,762 houses partially damged iiI)Roads, school buildings,embankment damaged , i)6.5 lakh people in 753 villages in 17 blocks affected ii)70,000 houses dmaged iii)80,000 hectares of crop damaged iv)700kms of road, 5 major bridges,88 culverts completely damaged",IMD,1990.0,3.0,77.0
1990-12-11,,2.0,flash flood,Ganjam,Odisha,,,159.0,0.0,0.0,0.0,"i)About 12 lakh people affected ii)Paddy,Sugar crop in the area of 80,000 hectares of land damaged iii)About 750 lift irrigation points damaged",IMD,1990.0,12.0,159.0
1990-01-07,1990-05-07,5.0,heavy rains,Bathinda,Punjab,,,2.0,0.0,0.0,0.0,Standing crop in more than 25 villages damaged,IMD,1990.0,1.0,2.0
1990-07-09,1990-10-09,4.0,heavy rains,"Amritsar, Bathinda, Ferozepur, Ludhiana,Patiala",Punjab,,,5.0,4.0,0.0,0.0,"i)Low lying areas flooded ii)Hundreds of houses damaged iii)Paddy crop badly damaged iv)Train services on Phagwara-Ludhiana section disrupted, as a portion of railway track sank",IMD,1990.0,7.0,9.0
1990-02-07,1990-07-07,6.0,severe,"Churu, Jhunjhunu, Jaisalmer, Sikar, Alwar, Jaipur, Jodhpur, Bharatpur, Nagaur, Dausa, Karauli, Dholpur, Barmer, Sawai Madhopur, Tonk, Pali, Bhilwara, Jalore, Bundi, Kota, Sirohi, Baran, Udaipur, Jhalawar, Dungarpur, Banswara, Ajmer, Rajsamand, Chittorgarh, Ganganagar, Hanumangarh, Bikaner, Pratapgarh",Rajasthan,,,90.0,0.0,0.0,0.0,"i)Churu, Jalor, Jodhpur,PAli districts worst affected ii)67 houses collapsed in Churu an Pali districts iii)Crops in thousands of hectares of land damaged iv)A passenger train with over 1,000 passengers stranded at Mokalasar railway station in Jalore due to damage in raolway track v)Road, railway,airline completely disrupted in Jodhpur division",IMD,1990.0,2.0,90.0
1990-04-08,1990-07-08,4.0,heavy rains,"Ajmer, Barmer, Bhilwara, Jodhpur, Pali,Sirohi",Rajasthan,,,17.0,0.0,0.0,0.0,200 houses at Badali village of Ajmer damaged,IMD,1990.0,4.0,17.0
1990-09-07,1990-09-07,1.0,heavy rains,Garhwal,Uttarakhand,,,70.0,0.0,0.0,0.0,,IMD,1990.0,9.0,70.0
1990-08-06,1990-08-06,1.0,heavy rains,"North Tripura, Dhalai, Sepahijala, Gomati, Khowai, West Tripura, South Tripura, Unakoti",Tripura,,,0.0,0.0,0.0,0.0,i)Hundreds of villages submerged ii)Barack valley completely cut-off from rest of the country iii)Road communication completely paralysed,IMD,1990.0,8.0,0.0
1990-05-06,1990-05-06,1.0,heavy rains,Kolkata,West Bengal,,,0.0,0.0,0.0,0.0,i)Normal life disrupted ii)Several streets in Central Kolkata including Chittaranjan avenue water logged iii)Vehicular traffic disrupted,IMD,1990.0,5.0,0.0
1990-01-07,1990-02-07,2.0,heavy rains,Kolkata,West Bengal,,,3.0,0.0,0.0,0.0,,IMD,1990.0,1.0,3.0
1990-04-07,1990-04-07,1.0,heavy rains,Howrah,West Bengal,,,4.0,3.0,0.0,0.0,,IMD,1990.0,4.0,7.0
1990-05-07,1990-05-07,1.0,heavy rains,"Kolkata, Purba Medinipur",West Bengal,,,4.0,0.0,0.0,0.0,"i)Vast stretches of low lying areas submerged in Ghatal,Chandrokona ii)Road link between Ghatal,Chandrokona completely cut-off",IMD,1990.0,5.0,4.0
1990-08-07,,7.0,heavy rains,Hooghly,West Bengal,,,3.0,0.0,0.0,0.0,57 huts washed away at Khanakul area,IMD,1990.0,8.0,3.0
1990-10-07,1990-10-07,1.0,heavy rains,Darjeeling,West Bengal,,,1.0,0.0,0.0,0.0,,IMD,1990.0,10.0,1.0
1990-11-07,1990-11-07,1.0,heavy rains,"Purba Medinipur, South 24 Parganas",West Bengal,,,12.0,0.0,0.0,0.0,,IMD,1990.0,11.0,12.0
1990-01-08,1990-01-08,1.0,severe,"Jalpaiguri,Murshidabad",West Bengal,,,0.0,0.0,0.0,0.0,"i)8,000 people rendered homeless in Murshidabad ii)A large portion of Segregating embankment between Teesta,Corola in Jalpaiguri district washed away",IMD,1990.0,1.0,0.0
1990-04-08,1990-04-08,1.0,severe,Hooghly,West Bengal,,,0.0,0.0,0.0,0.0,"i)More than 1 lakh people marooned ii)2,200 mud huts damaged iii)Crop worth Rs. 57 lakhs damged",IMD,1990.0,4.0,0.0
1990-02-09,1990-02-09,1.0,heavy rains,Kolkata,West Bengal,,,12.0,2.0,0.0,0.0,"Tram,bus services in the city completely disrupted",IMD,1990.0,2.0,14.0
1990-04-09,1990-04-09,1.0,severe,Purba Medinipur,West Bengal,,,0.0,0.0,0.0,0.0,i)Most part of the Medinipur district inundated by flood water ii)People of Kajli villages of Balda Police Station rendered homeless,IMD,1990.0,4.0,0.0
1990-10-09,1990-10-09,1.0,heavy rains,"Kolkata, Howrah",West Bengal,,,16.0,0.0,0.0,0.0,,IMD,1990.0,10.0,16.0
1990-04-10,1990-04-10,1.0,heavy rains,Purba Medinipur,West Bengal,,,2.0,2.0,0.0,0.0,,IMD,1990.0,4.0,4.0
1990-06-10,1990-10-10,5.0,severe,"Birbhum, Purba bardhaman, Hooghly, howrah, Malda, Paschim Purba Medinipur,Purba Purba Medinipur, Murshidabad, Murshidabad, Nadia,South 24 Parganas",West Bengal,,,8.0,2.0,0.0,0.0,"i)In Medinipur district 384 villages having population of 2,91,000 people affected. 12,000 people affected. 12,000 people marooned 6,000 houses collpased ii)In Burdwan district 1,60,000 people in 189 villages affected. 3,900 houses collapsed iii)In Nadia district 6,50,000 people in 938 villages affected. 13,247 persons marooned iv)In Hugli district 1,25,000 people affected. 2,400 houses collapsed v)In Howrah districts, 1,00,000 people in 40 villages affected vi)In Birbhum 746 houses collapsed vii)In Murshidabad district massive soil erosion occured along Ganga at Akhirganj  ",IMD,1990.0,6.0,10.0
1990-08-10,1990-08-10,1.0,heavy rains,Kolkata,West Bengal,,,0.0,0.0,0.0,0.0,"i)Normal life paralysed ii)Vast areas of city submerged,flooded",IMD,1990.0,8.0,0.0
1991-05-05,1991-05-05,1.0,heavy rains,"Upper Lower Subansiri, Anjaw, Changlang, Tawang, Papum Pare, Tirap, East Siang, Lohit, Kurung Kumey, Lower Lower Subansiri, East Kameng, West Kameng, West Kameng, West Kameng, Kra Daadi, Namsai, Longding, Upper Siang, Lower Siang, Dibang Valley, Lower Dibang Valley, Siang, Shi Yomi, Pakke Kessang, West Siang, Leparada, Kamle",Arunachal Pradesh,,,10.0,25.0,0.0,0.0,i)5 army barracks washed away ii)A portion of Tawang-Bomdila road washed away,IMD,1991.0,5.0,35.0
1991-07-05,1991-07-05,1.0,heavy rains,Tawang,Arunachal Pradesh,,,44.0,0.0,0.0,0.0,,IMD,1991.0,7.0,44.0
1991-09-05,1991-10-05,2.0,heavy rains,Lohit,Arunachal Pradesh,,,0.0,0.0,0.0,0.0,"i)Normal life completely paralysed ii)Several villages,vast stretches of low lying areas submerged iii)7,000 people rendered homeless in Namsai area",IMD,1991.0,9.0,0.0
1991-11-07,1991-11-07,1.0,flash flood,West Siang,Arunachal Pradesh,,,25.0,0.0,0.0,0.0,"One village washed away. Out of 22 houses, 19 destroyed",IMD,1991.0,11.0,25.0
1991-03-05,1991-03-05,1.0,heavy rains,"Cachar, Hailakandi, Kamrup,Karimganj",Assam,,,0.0,0.0,0.0,0.0,"i)J.N. College at Boko completely damaged. Loss estimated to worth Rs. 10 lakhs ii)Many houses,trees razed to the ground iii)Train services to,fro from Barrack valley disrupted due to landslide betwwen lower Haflong,Bagetar on Lumding-Bhadrapur section",IMD,1991.0,3.0,0.0
1991-05-05,1991-07-05,3.0,heavy rains,"Cachar, Hailakandi,Karimganj",Assam,,,0.0,0.0,0.0,0.0,"i)Vast area of human habitation,crop land flooded ii)Railway services between Bhadrapur,Lumding section of North Frontier railway disrupted iii)Vehicular reaffic on national highway No. 44 suspended",IMD,1991.0,5.0,0.0
1991-08-05,,15.0,severe floods,"Barpeta, Cachar, Darrang, Dhubri, Dibrugarh, Goalpara, Golaghat, Hailakandi, Jorhat, Kamrup, Karimganj, Lakhimpur, Nagaon, Nalbari, Sivasagar,Tinsukia",Assam,,,39.0,0.0,0.0,0.0,"i)2 million people affected ii)7 lakh people rendered homeless iii)Paddy,jute crop badly damaged iv)Rail,road communication completely disrupted",IMD,1991.0,8.0,39.0
1991-12-06,,19.0,severe floods,"Barpeta, Bongaigaon, Cachar, Darrang, Dhemaji, Dhubri, Dibrugarh, Goalpara, Golaghat, Hailakandi, Jorhat, Kamrup, Karimganj, Kokrajhar, Lakhimpur, Mancachar, Nagaon, Nalbari, Sivasagar, Sonitpur,Tinsukia",Assam,,,36.0,0.0,0.0,1400.0,"i)34,84,533 people in 3,998 villages affected ii)7,67,189 hectares of land,2,38,648 hectares of land,2,38,648 hectares of crop land submerged iii)5,732 houses damaged due to erosion iv)1,769 families affected due to erosion v)Standing ahu, paddy,jute crop extensively damaged vi)National Highway Nos. 52,53 submerged vii)Burchapari forest in Sonitpur district inundated ",IMD,1991.0,12.0,36.0
1991-03-08,1991-03-08,1.0,heavy rains,Kamrup,Assam,,,0.0,0.0,0.0,0.0,i)Normal life completely paralysed in Kamrup Metropolitan ii)Vast areas submerged iii)Vehicular traffic completely disrupted,IMD,1991.0,3.0,0.0
1991-12-08,1991-12-08,1.0,heavy rains,Kamrup,Assam,,,0.0,0.0,0.0,0.0,Several areas of Palasbari town submerged,IMD,1991.0,12.0,0.0
1991-09-09,1991-09-09,1.0,heavy rains,Barpeta,Assam,,,0.0,0.0,0.0,0.0,"A school building at paschim Khagra bari damaged. Loss estimated to worth Rs. 5,500/-",IMD,1991.0,9.0,0.0
1991-01-08,1991-01-09,32.0,severe flood,"Mahesana, Panch Mahals, Sabar Kantha, Vadodara",Gujarat,,,15.0,0.0,0.0,0.0,"i) Mangadh village of Idar tehsil, Sanchodar villages of Himatnagar tehsil,Baneri,Morasia villages of Bayad tehsil totally cut off from rest of the state ii)400 huts,houses in Umreth town in Mehasana district badly damaged iii)People took shelter in high buildings or tree tops in Rehdi, Kalki, Bhoi, Kanbar, Patalfalia, Mohanpali,Jadav villages in Halol tehsil of Panch Mahals district as these villages submerged under 5 to 6 feet of water",IMD,1991.0,1.0,15.0
1991-02-08,1991-02-08,1.0,heavy rains,Jind,Haryana,,,0.0,0.0,0.0,0.0,Jind city cut off from rest of the state,IMD,1991.0,2.0,0.0
1991-04-08,1991-04-08,1.0,heavy rains,Hamirpur,Himachal Pradesh,,,2.0,0.0,0.0,0.0,,IMD,1991.0,4.0,2.0
1991-05-09,1991-05-09,1.0,heavy rains,Hamirpur,Himachal Pradesh,,,0.0,0.0,0.0,0.0,i)Normal life completely paralysed ii)Most of teh rural areas submerged under flood water,IMD,1991.0,5.0,0.0
1991-11-04,,11.0,heavy rains,"Doda,Udhampur",Jammu and Kashmir,,,21.0,0.0,0.0,0.0,i)Several houses collapsed ii)Jammu-Srinagar national highway closed to vehicular traffic,IMD,1991.0,11.0,21.0
1991-04-05,1991-04-05,1.0,heavy rains,Mysuru,Karnataka,,,2.0,0.0,0.0,0.0,"Many houses,industrial shades inundated",IMD,1991.0,4.0,2.0
1991-09-05,1991-09-05,1.0,heavy rains,"Bengaluru Rural, Ballari,Tumakuru",Karnataka,,,8.0,4.0,0.0,0.0,Wall of one old house collapsed,IMD,1991.0,9.0,12.0
1991-05-06,1991-05-06,1.0,heavy rains,Chikkamagaluru,Karnataka,,,1.0,0.0,0.0,0.0,,IMD,1991.0,5.0,1.0
1991-06-07,1991-10-07,5.0,heavy rains,Mangalore,Karnataka,,,0.0,0.0,0.0,0.0,"2 buildings collapsed,6 huts damaged",IMD,1991.0,6.0,0.0
1991-08-07,1991-08-07,1.0,heavy rains,Unknown,Karnataka,,,0.0,0.0,0.0,0.0,i)Many parts of the Karwar town marooned ii)8 houses collapsed iii)Lrge number of trees/electric poles uprooted iv)Telecommunication services disrupted,IMD,1991.0,8.0,0.0
1991-08-07,1991-09-07,2.0,heavy rains,Uttar Kashia Kannada,Karnataka,,,2.0,0.0,0.0,0.0,i)Many villages in Honavar inundated ii)300 ouses marooned iii)Paddy field damaged in Belse village of Ankola tehsil,IMD,1991.0,8.0,2.0
1991-09-11,,8.0,severe flood,"Bengaluru Rural,Surendranagar",Karnataka,,,27.0,0.0,0.0,1100.0,"i)About 1.1 lakh houses either partially or fully damaged ii)Extensive damage to crop, public,private property reported iii)Thousands of people shifted to safer places iv)31,160 hectares of land area submerged",IMD,1991.0,9.0,27.0
1991-09-03,1991-09-03,1.0,heavy rains,Kollam,Kerala,,,0.0,0.0,0.0,0.0,Extensive damage to rubber plantation reported,IMD,1991.0,9.0,0.0
1991-03-06,1991-03-06,1.0,heavy rains,Ernakulam,Kerala,,,0.0,0.0,0.0,0.0,i)Century highest rainfall reported ii)Several trees uprooted iii)Train services badly affected iv)Indian Airlines flight to Cochi suspended,IMD,1991.0,3.0,0.0
1991-06-06,1991-06-06,1.0,heavy rains,"Alappuzha, Idukki, Kasaragod, Kollam, Kottayam, Kozhikode, Palakkad, Pathanamthitta, Thiruvananthapuram,Wayanad",Kerala,,,22.0,0.0,0.0,0.0,"i)Several houses collapsed ii)Agriculture crop,the property worth Rs. 100 crores destroyed",IMD,1991.0,6.0,22.0
1991-09-06,1991-09-06,1.0,heavy rains,"Alappuzha,Kozhikode",Kerala,,,8.0,0.0,0.0,0.0,,IMD,1991.0,9.0,8.0
1991-07-07,1991-07-07,1.0,heavy rains,"Kannur, Kollam, Palakkad,Thiruvananthapuram",Kerala,,,0.0,0.0,0.0,0.0,"Extensive damaged to crop,houses reported",IMD,1991.0,7.0,0.0
1991-08-06,1991-08-06,1.0,heavy rains,Bhopal,Madhya Pradesh,,,0.0,0.0,0.0,0.0,All telephone lines snapped,IMD,1991.0,8.0,0.0
1991-03-08,1991-03-08,1.0,heavy rains,"Dewas, Dhar, Indore,Ujjain",Madhya Pradesh,,,6.0,0.0,0.0,0.0,,IMD,1991.0,3.0,6.0
1991-02-06,1991-02-06,1.0,heavy rains,Pune,Maharashtra,,,3.0,0.0,0.0,0.0,,IMD,1991.0,2.0,3.0
1991-04-06,1991-04-06,1.0,heavy rains,Nagpur,Maharashtra,,,14.0,0.0,0.0,0.0,,IMD,1991.0,4.0,14.0
1991-06-06,1991-07-06,2.0,heavy rains,"Aurangabad, Pune",Maharashtra,,,0.0,0.0,0.0,0.0,"i)Normal life paralysed ii)Many low lying areas inundated iii)Large number of roof tops blown off iv)Sseveral walls collapsed v)Railway services disrupted , i)Lowlying area flooded ii)Hundreds of families in different slum areas shifted to safer places iii)5 trees uprooted iv)Railway traffic in Pune-Mumbai section disrupted v)Hyderabad-Pune-Ahmadabad,Pune-Mumbai Vayudoot-flights cancelled",IMD,1991.0,6.0,0.0
1991-07-06,1991-10-06,4.0,heavy rains,"Mumbai,Thane",Maharashtra,,,74.0,100.0,0.0,2550.0,"i)City life completely paralysed ii)66 trees uprooted iii)Train services for suburban,long distance disrupted both on central,western railway iv)Electric supply switched off in several areas due to short circuit v)Mumbai International Airport closed for 16 hours on 9th",IMD,1991.0,7.0,174.0
1991-08-06,1991-09-06,2.0,heavy rains,Kolhapur,Maharashtra,,,0.0,0.0,0.0,0.0,i)Low lying areas inundated ii)Vehicular traffic completely disrupted,IMD,1991.0,8.0,0.0
1991-03-08,1991-03-08,1.0,heavy rains,Amravati,Maharashtra,,,0.0,0.0,0.0,0.0,One primary school collapsed,IMD,1991.0,3.0,0.0
1991-12-08,,5.0,severe flood,"Amravati, Chandrapur, Gadchiroli, Nagpur,Yavatmal",Maharashtra,,,0.0,0.0,0.0,0.0,"i)Chandrapur,Gadchizholi districts worst affected ii)Vehicular traffic on NAgpur-Yavatmal route disrupted iii)Large number of long distance heavy vehicles stranded on national highway Nos 6,7 iv)State transport buses cancelled between Nagpur-Chandrapur,Nagpur-Gadchizholi v)People living on the downstream evacuated to safer places",IMD,1991.0,12.0,0.0
1991-04-05,1991-09-05,6.0,heavy rains,"Imphal West, Imphal East",Manipur,,,0.0,0.0,0.0,0.0,Several low lying areas inundated,IMD,1991.0,4.0,0.0
1991-03-11,1991-03-11,1.0,heavy rains,"Kamjong, Senapati, Tamenglong, Imphal West, Kakching, Bishnupur, Chandel, Churachandpur, Imphal East, Jiribam, Kangpokpi, Thoubal, Tengnoupal, Ukhrul, Noney, Pherzawl",Manipur,,,0.0,0.0,0.0,0.0,Manipur cut off from the rest of the country as the vehicular traffic on National highway No. 39 suspended due to landslide,IMD,1991.0,3.0,0.0
1991-11-05,1991-11-05,1.0,heavy rains,East Garo Hills,Meghalaya,,,0.0,0.0,0.0,0.0,"i)Large number of dwelling collapsed ii)Extensive damage to crop,other plantations reported iii)Loss estimated to worth Rs. 50 lakhs",IMD,1991.0,11.0,0.0
1991-11-07,1991-11-07,1.0,heavy rains,West Garo Hills,Meghalaya,,,0.0,0.0,0.0,0.0,i)Thousands of people rendered homeless ii)Standing crop worth Rs. 2.3 crore damaged,IMD,1991.0,11.0,0.0
1991-08-05,1991-08-05,1.0,severe flood,"Kolasib, Aizawl, Mamit, Champhai, Serchhip, Lunglei, Siaha, Lawngtlai",Mizoram,,,5.0,0.0,0.0,0.0,"i)1,000 people rendered homeless ii)Mizoram cut off from rest of the country",IMD,1991.0,8.0,5.0
1991-01-08,1991-01-08,1.0,heavy rains,Sambalpur,Odisha,,,0.0,0.0,0.0,0.0,"60 houses in low lying areas submerged,large number of families affected",IMD,1991.0,1.0,0.0
1991-04-08,1991-04-08,1.0,heavy rains,Patiala,Punjab,,,4.0,0.0,0.0,0.0,,IMD,1991.0,4.0,4.0
1991-01-09,1991-01-09,1.0,heavy rains,Alwar,Rajasthan,,,10.0,0.0,0.0,0.0,,IMD,1991.0,1.0,10.0
1991-08-05,1991-09-05,2.0,heavy rains,"North Tripura, Dhalai, Sepahijala, Gomati, Khowai, West Tripura, South Tripura, Unakoti",Tripura,,,7.0,0.0,0.0,0.0,i)Thousands of families rendered homeless ii)Tripura remain cut off from rest of the country,IMD,1991.0,8.0,7.0
1991-07-08,1991-07-08,1.0,severe flood,Ayodhya,Uttar Pradesh,,,3.0,0.0,0.0,0.0,"i)4,870 people in 114 villages affeected ii)22,201 hectares of land area,13,229 hectares of crop land submerged iii)2 houses damaged",IMD,1991.0,7.0,3.0
1991-08-08,1991-08-08,1.0,severe flood,Gonda,Uttar Pradesh,,,2.0,0.0,0.0,1.0,"i)99,098 people in 55 villages affected ii)33,674 hectares of land area,27,394 hectares of crop land submerged",IMD,1991.0,8.0,2.0
1991-02-09,1991-02-09,1.0,severe flood,Banda,Uttar Pradesh,,,2.0,0.0,0.0,6.0,"i)31,629 people in 168 villages affected ii)10,829 hectares of land area,5,866 hectares of cropped area submerged",IMD,1991.0,2.0,2.0
1991-04-09,1991-04-09,1.0,severe flood,Kheri,Uttar Pradesh,,,6.0,0.0,0.0,2.0,"i)2,61,000 people in 151 villages affected ii)68,371 hectares of land area submerged",IMD,1991.0,4.0,6.0
1991-05-09,1991-05-09,1.0,"severe flood, heavy rains","Deoria, Mathura",Uttar Pradesh,,,3.0,0.0,0.0,14.0,"i)34,316 people in 23 villages affected ii)4,621 hectares of land area,3,527 hectares of crop area submerged iii)9 houses partially damaged , i)1,99,600 people in 153 villages affected ii)1,44,747 hectares of land area,24,235 hectares of cropped area submerged iii)200 houses completely,8,000 partially damaged",IMD,1991.0,5.0,3.0
1991-07-09,1991-07-09,1.0,heavy rains,Jaunpur,Uttar Pradesh,,,18.0,0.0,0.0,9.0,"i)29,559 people in 106 villages affected ii)5,652 hectares of land area,2,542 hectares of cropped area submerged iii)3 houses partially damaged",IMD,1991.0,7.0,18.0
1991-11-09,1991-11-09,1.0,severe flood,Bara Banki,Uttar Pradesh,,,3.0,0.0,0.0,0.0,"i)33,233 people in 47 villages affected ii)15,234 hectares of land area,6,742 hectares of cropped area submerged iii)118 houses completely damaged",IMD,1991.0,11.0,3.0
1991-05-06,1991-05-06,1.0,heavy rains,Darjeeling,West Bengal,,,8.0,0.0,0.0,0.0,i)Several houses destroyed ii)Road communication completely disrupted,IMD,1991.0,5.0,8.0
1991-05-06,1991-06-06,1.0,heavy rains,Kolkata,West Bengal,,,0.0,0.0,0.0,0.0,"i)Low lying areas flooded ii)A portion of a building, housing 'Elgin Road Post Office' , collapsed iii)Tram services disrupted",IMD,1991.0,5.0,0.0
1991-07-06,1991-07-06,1.0,heavy rains,Purba Medinipur,West Bengal,,,1.0,6.0,0.0,0.0,,IMD,1991.0,7.0,7.0
1991-07-07,1991-07-07,1.0,heavy rains,Maldah,West Bengal,,,0.0,0.0,0.0,0.0,i)Low lying areas flooded ii)City telegraph/telephone exchange unserviceable due to water logging in the cable chamber,IMD,1991.0,7.0,0.0
1991-06-09,,9.0,severe flood,"Cooch Behar, Darjeeling, Hooghly, Jalpaiguri, Maldah, Murshidabad, Nadia,Dakshin Dinajpur",West Bengal,,,64.0,0.0,0.0,0.0,"i)Maldahh district worst affected ii)100 villages marooned in Maldahh district iii)36.2 lakh people affected iv)35,000 houses damaged v)Entire Belurghat town in Dakshin Dinajpur district submerged under 5 feet of water vi)20 km. stretch of state highway between Belurghat,Gangarampur submerged under flood water",IMD,1991.0,6.0,64.0
1991-08-09,1991-08-09,1.0,heavy rains,Kolkata,West Bengal,,,0.0,2.0,0.0,0.0,i)Low lying areas flooded ii)Vehicular traffic completely disrupted,IMD,1991.0,8.0,2.0
1992-04-04,1992-05-04,2.0,severe,Tinsukia,Assam,,,14.0,0.0,0.0,0.0,i)1.25 lakh people in 120 villages affected ii)Many houses washe daway iii)Extensive damage to standing crop reported,IMD,1992.0,4.0,14.0
1992-07-06,1992-07-06,1.0,heavy rains,Nalbari,Assam,,,0.0,0.0,0.0,0.0,Singara cattle market under Barama circle washed away,IMD,1992.0,7.0,0.0
1992-05-08,1992-05-08,1.0,severe,Golaghat,Assam,,,0.0,0.0,0.0,0.0,i)Bomeri village of Mahuramouza under Bokhat revenue circle completely submerged ii)32 families rendered homeless,IMD,1992.0,5.0,0.0
1992-09-08,1992-09-08,1.0,severe,Dhemaji,Assam,,,0.0,0.0,0.0,0.0,i)20 villages washed away ii)Vast area of cropped land submerged iii)National highway submerged disrupting road communication,IMD,1992.0,9.0,0.0
1992-02-09,1992-02-09,1.0,severe,"Barpeta,Bongaigaon",Assam,,,0.0,0.0,0.0,0.0,"Large number of villages in Bijni subdivision,Brnagar circle affected",IMD,1992.0,2.0,0.0
1992-03-09,1992-03-09,1.0,severe,Sitamarhi,Bihar,,,0.0,0.0,0.0,0.0,15 houses in Belwa village washed away,IMD,1992.0,3.0,0.0
1992-08-09,,6.0,severe,"Kupwara, Bandipora, Baramulla, Ganderbal, Anantnag, Kishtwar, Srinagar, Budgam, Pulwama, Poonch, Shopian, Kulgam, Rajouri, Ramban, Reasi, Doda, Jammu, Kathua, Udhampur, Samba, Muzaffarabad, Mirpur",Jammu and Kashmir,,,350.0,0.0,0.0,11185.0,"i)More than 6 lakh people marooned. Entire Ladakh region cut off from rest of the country as road Zojila washed away,8 bridges on Srinagar-Kargil road extensively damaged ii)Property worth Rs. 164 crores damaged iii)36,000 houses either totally or partially damaged iv)Damaged of standing crop estimated to worth Rs 45 crores v)230 bridge,culverts washed away vi)Salal hydel project power house flooded vii)Historic Kohinoor bridge washed away viii)Two third of 500 ft span of Akhnoor bridge connecting Jammu with Srinagar damaged",IMD,1992.0,8.0,350.0
1992-07-10,1992-07-10,1.0,heavy rains,Bengaluru Rural,Karnataka,,,3.0,0.0,0.0,0.0,500 houses submerged under rain water,IMD,1992.0,7.0,3.0
1992-08-06,1992-09-06,2.0,heavy rains,"Kasaragod, Wayanad, Kozhikode, Malappuram, Palakkad, Thrissur, Idukki, Ernakulam, Alappuzha, Kottayam, Pathanamthitta, Kollam, Thiruvananthapuram, Kannur",Kerala,,,7.0,0.0,0.0,0.0,"i)Low lying areas flooded ii)Extensive damage property,agriculture reported iii)Railway services disrupted due to flooding of railway tracks",IMD,1992.0,8.0,7.0
1992-02-07,1992-02-07,1.0,heavy rains,"Kasaragod, Wayanad, Kozhikode, Malappuram, Palakkad, Thrissur, Idukki, Ernakulam, Alappuzha, Kottayam, Pathanamthitta, Kollam, Thiruvananthapuram, Kannur",Kerala,,,55.0,0.0,0.0,0.0,Loss estimated to worth Rs. 56 lakh,IMD,1992.0,2.0,55.0
1992-02-08,1992-02-08,1.0,heavy rains,Kollam,Kerala,,,0.0,0.0,0.0,0.0,400 houses damaged at Anchuthengui,IMD,1992.0,2.0,0.0
1992-08-08,1992-08-08,1.0,heavy rains,"Kollam,Kozhikode",Kerala,,,4.0,2.0,0.0,0.0,,IMD,1992.0,8.0,6.0
1992-10-10,1992-11-10,2.0,heavy rains,"Alappuzha, Kollam, Pathanamthitta,Thiruvananthapuram",Kerala,,,79.0,0.0,0.0,0.0,"i)5,000 houses collapsed ii)Railway line submerged disrupting railway services",IMD,1992.0,10.0,79.0
1992-12-09,,2.0,heavy rains,"Chhatarpur,Panna",Madhya Pradesh,,,2.0,0.0,0.0,0.0,i)Several Kachchhcha houses collapsed ii)Road communication disrupted due to damage of road,IMD,1992.0,12.0,2.0
1992-04-08,1992-04-08,1.0,heavy rains,Mumbai,Maharashtra,,,2.0,0.0,0.0,0.0,i)Normal life completely paralysed ii)Low lying areas flooded iii)Suburbanan train services delayed,IMD,1992.0,4.0,2.0
1992-12-08,1992-12-08,1.0,heavy rains,Mumbai,Maharashtra,,,0.0,0.0,0.0,0.0,"i)Low lying areas flooded ii)120 trains on mainline,60 on harbour cancelled due to flooding of tracks,signal failures iii)Electric supply snapped at many places",IMD,1992.0,12.0,0.0
1992-02-09,1992-02-09,1.0,heavy rains,"Akola, Mumbai, Yavatmal",Maharashtra,,,2.0,2.0,0.0,0.0,i)Normal life paralysed ii)Low lying areas flooded iii)Local train on central railway were running behind schedule,IMD,1992.0,2.0,4.0
1992-09-08,1992-10-08,2.0,heavy rains,Aizawl,Mizoram,,,106.0,0.0,0.0,0.0,17 houses swept away,IMD,1992.0,9.0,106.0
1992-02-05,1992-02-05,1.0,heavy rains,"Baleshwar,Cuttack",Odisha,,,5.0,0.0,0.0,0.0,,IMD,1992.0,2.0,5.0
1992-06-08,1992-06-08,1.0,heavy rains,Ganganagar,Rajasthan,,,0.0,0.0,0.0,0.0,"i)400 houses at Suratgarh damaged ii)Wheatgrains,mustard crop extensively damaged",IMD,1992.0,6.0,0.0
1992-08-08,1992-08-08,1.0,heavy rains,"Jodhpur,Sawai Madhopur",Rajasthan,,,2.0,0.0,0.0,0.0,Panchara bund damaged,IMD,1992.0,8.0,2.0
1992-09-08,1992-09-08,1.0,heavy rains,Kota,Rajasthan,,,0.0,0.0,0.0,0.0,Telecommunication services badly affected,IMD,1992.0,9.0,0.0
1992-11-08,1992-12-08,2.0,heavy rains,"Jalore, Jodhpur,Udaipur",Rajasthan,,,0.0,0.0,0.0,0.0,i)150 houses damaged at Pali ii)Train services disrupted,IMD,1992.0,11.0,0.0
1992-03-09,1992-03-09,1.0,heavy rains,Ganganagar,Rajasthan,,,0.0,0.0,0.0,0.0,Several houses damaged,IMD,1992.0,3.0,0.0
1992-07-09,1992-07-09,1.0,heavy rains,Sirohi,Rajasthan,,,3.0,0.0,0.0,0.0,,IMD,1992.0,7.0,3.0
1992-08-09,1992-08-09,1.0,heavy rains,Ganganagar,Rajasthan,,,3.0,0.0,0.0,0.0,300 Kachchhcha houses damaged,IMD,1992.0,8.0,3.0
1992-05-07,1992-05-07,1.0,heavy rains,Gangtok,Sikkim,,,0.0,0.0,0.0,0.0,"i)East District remained cut off from rest of the state due to landslide ii)2.5 Megawat power house situated at a place between Rangpo,East District damaged ",IMD,1992.0,5.0,0.0
1992-09-10,1992-11-10,3.0,heavy rains,Kanniyakumariumari,Tamil Nadu,,,7.0,0.0,0.0,0.0,i)Hundreds of houses dmaged ii)Loss estimated to worth Rs. 565 lakh,IMD,1992.0,9.0,7.0
1992-03-09,,18.0,severe,"Prayagraj, Ballia, Banda, Chamoli, Fatehpur, Ghazipurr, Kanpur nagar Nagar,Kanpur nagar Dehat, Pithoragarh,Varanasi",Uttar Pradesh,,,107.0,0.0,0.0,0.0,"i)Ballia, Banda,Ghazipur worst affected districts ii)2.62 million people in 3,424 villages affected iii)Land area of 47.51 lakh hectares including 24.51 lakh hectares of cropped area affected iv)Total loss estimated to worth Rs. 340 crores v)In Banda district, 20,700 houses swept away,40,000 houses damaged vi)Several roads blocke due to landslide disrupting vehicular traffic",IMD,1992.0,3.0,107.0
1992-05-04,1992-05-04,1.0,heavy rains,South 24 Parganas*,West Bengal,,,1.0,0.0,0.0,0.0,"i)Vast areas in Antali grampanchayat under Gosaba block affected ii)Several houses,two school buildings damaged iii)Damage to rabi crop reported",IMD,1992.0,5.0,1.0
1992-10-07,1992-10-07,1.0,heavy rains,Kolkata,West Bengal,,,0.0,0.0,0.0,0.0,"i)Some of the major thoroughfares in the city inundated disrupting vehicular ii)A tree uprooted,fell upon the Mazerhat bridge snapping overhead Tram wires. Tram services suspended",IMD,1992.0,10.0,0.0
1992-12-07,1992-12-07,1.0,heavy rains,Darjeeling,West Bengal,,,0.0,0.0,0.0,0.0,"i)National highway No. 31 cut off Sikkim, from rest of the country due to heavy landslides ii)Landslides also reported at Pesok blocking vehicular traffic between Darjiling,Ghoom",IMD,1992.0,12.0,0.0
1992-01-08,1992-01-08,1.0,heavy rains,Purba Medinipur,West Bengal,,,0.0,0.0,0.0,0.0,i)Several houses dmaged ii)Protective wall of Digha bridge damaged st several places iii)Large number of electric poles uprooted disrupting telecommunication services,IMD,1992.0,1.0,0.0
1992-06-08,1992-06-08,1.0,heavy rains,"Kolkata,Hooghly",West Bengal,,,0.0,7.0,0.0,0.0,"i)Normal life paralysed ii)Most areas in the city remained waterlogged iii)One double storeyed building at Kommagar in Hooghly district,another at Belgharia collapsed iv)Tram services,other vehicular services severely affected",IMD,1992.0,6.0,7.0
1992-07-08,1992-07-08,1.0,heavy rains,Jalpaiguri,West Bengal,,,0.0,0.0,0.0,0.0,"i)25,000 people affected ii)Vast areas inudated iii)1 bridge washed away",IMD,1992.0,7.0,0.0
1993-07-10,1993-11-10,5.0,flash flood,"Hyderabad, Kurnool,Mahabubnagar",Andhra Pradesh,,,13.0,0.0,0.0,0.0,"(i) 2,265 houses fully,8,149 partially damaged. (ii) 109 villages affected. (iii) Extensive damage of standing crop reported.",IMD,1993.0,7.0,13.0
1993-07-06,1993-07-06,1.0,heavy rains,"Upper Lower Subansiri, Anjaw, Changlang, Tawang, Papum Pare, Tirap, East Siang, Lohit, Kurung Kumey, Lower Lower Subansiri, East Kameng, West Kameng, West Kameng, West Kameng, Kra Daadi, Namsai, Longding, Upper Siang, Lower Siang, Dibang Valley, Lower Dibang Valley, Siang, Shi Yomi, Pakke Kessang, West Siang, Leparada, Kamle",Arunachal Pradesh,,,0.0,0.0,0.0,0.0,,IMD,1993.0,7.0,0.0
1993-02-07,1993-07-07,6.0,severe flood (nea dihing),"Lohit,Lower Lower Subansiri",Arunachal Pradesh,,,0.0,0.0,0.0,0.0,(i) 4 houses washed away. (ii) 4 bridges on Yazadazero road washed away. (iii) Both the districts cut off from the rest of the country. (iv) 150 metre stretch of national highway near Krishnapur in Namsai circie flooded. (v) National highway No. 52 submerged at several places.,IMD,1993.0,2.0,0.0
1993-05-09,1993-05-09,1.0,flash flood,Tawang,Arunachal Pradesh,,,14.0,1.0,0.0,0.0,"10 houses washed away,",IMD,1993.0,5.0,15.0
1993-04-05,1993-12-05,9.0,"severe flood (brahmaputra,its tributaries)",Karimganj,Assam,,,2.0,0.0,0.0,0.0,"(i) 52 villages having population of 50,000 affected. (ii) Longlai river breached its embankment at six places causing extensive damage to paddy field. (iii) National highway No. 44 flooded disrupting v������������hicular traffic. (iv) On national highway, the road breached at Chand kheira disrupting road communication between Tripura,Assam.",IMD,1993.0,4.0,2.0
1993-05-06,,15.0,Unknown,"Barpeta, Cachar, Darrang, Dhemaji, Dhubri, Dibrugarh,Goalpara, Golaghat, Hailakandi, Jorhat, Kamrup, Karimganj,  Lakhimpur, Mancachar, Nagaon, Nalbari, Sivasagar, Sonitpur,Tinsukia",Assam,,,13.0,0.0,0.0,30.0,"(i) 22,99,523 people in 3,498 villages affected. (ii)4,62,433 hectares of land,1,34,956 hectares of cropped land submerged. (iii) 2,525 houses fully,2,563 panially damaged. (iv) Railway,road communication at several places disrupted. (v) 16 km. long national highway No. 52 submerged.",IMD,1993.0,5.0,13.0
1993-10-08,1993-04-09,26.0,"severe flood (brahmaputra,its tributaries)","Barpeta, Dhemaji, Dhubri, Golaghat, Jorhat, Karbi Anglong, Lakhimpur, Mancachar,Sivasagar",Assam,,,3.0,0.0,0.0,0.0,"(i) 6,30,822 people in 894 villages affected. (ii) 1,388 houscs damaged. (iii) 1,51,681 hectares of land area,43,019 hectares of cropped area flooded. ",IMD,1993.0,10.0,3.0
1993-01-08,,31.0,"severe flood  (ganga,its tributaries)","Begusarai, Bhagalpur, Darbhanga, Purbi Champaran, Gopalganj, Katihar, Khagaria, Madhepura,Madhubani, Muzaffarpur, Nalanda, Saharsa, Sitamarhi,Pashchim Champaran",Bihar,,,25.0,0.0,0.0,0.0,"(i) 46 lakh people affected. (ii) 200 pucca houses,2000 huts damaged. (iii) 2.5 lakh hectares of crop land flooded. Crop worth Rs. 133 crores damaged. (iv) 27 km. long road, 7 bridges,10 culverts damaged. (v) 35 school buildings,11 health centres damaged.",IMD,1993.0,1.0,25.0
1993-05-09,1993-05-09,1.0,heavy rains,Patna,Bihar,,,2.0,0.0,0.0,0.0,2 houses collapsed.,IMD,1993.0,5.0,2.0
1993-12-06,,3.0,heavy rains,Surat,Gujarat,,,1.0,6.0,0.0,0.0,(i) Low lying areas flooded. (ii) Many pucca roads in Randher area of the city inundated.,IMD,1993.0,12.0,7.0
1993-08-07,,7.0,"severe flood (narmada,its tributaries)","Ahmedabad, Bharuch, Sabar Kantha,Vadodara",Gujarat,,,45.0,0.0,0.0,0.0,(i) Normal life paralysed. (ii) Shoolpeneshwar Shiv temple submerged. ,IMD,1993.0,8.0,45.0
1993-08-07,,14.0,severe flood,"Jhajjar, Gurugram, Faridabad, Mahendragarh, Rewari, Nuh, Palwal, Charki Dadri, Yamunanagar, Kurukshetra, Kaithal, Sirsa, Karnal, Jind, Fatehabad, Hisar, Panipat, Sonipat, Bhiwani, Rohtak, Panchkula, Ambala",Haryana,,,51.0,0.0,0.0,0.0,"(i) 1.5 lakh people affected. (ii) 76,000 houses badly damaged. (iii) 5 lakh hectares of cropped area submerged. (iv) Crop worth Rs. 350 crores damaged. (v) Public utility worth Rs. 525 crores lost. (vi) Wheat stock worth over Rs. 15 crores damaged. (vii) The power station at Karnal, Kaitbal, Panipat,Sirsa extensively damaged. Electric installation worth Rs. 4 crores damaged. (viii) Panipat thermal power plant closed for a number of days. ",IMD,1993.0,8.0,51.0
1993-08-07,1993-12-07,5.0,severe flood,"Lahul And Spiti, Chamba, Kangra, Kullu, Mandi, Kinnaur, Una, Shimla, Solan, Sirmaur, Hamirpur, Bilaspur",Himachal Pradesh,,,58.0,0.0,0.0,12090.0,"() 4,557 houses completely damaged. (ii) 26,400 acres of agricultural land submerged. (ii) 26,400 acres of agriculum (iii) Several routes,bridges badly damaged. (iv) Public utilities worth Rs. 250 crores damaged.",IMD,1993.0,8.0,58.0
1993-09-07,,6.0,severe flood,"Jammu,Srinagar",Jammu and Kashmir,,,20.0,0.0,0.0,0.0,Road communication disrupted on all major highways.,IMD,1993.0,9.0,20.0
1993-09-10,1993-09-10,1.0,heavy rains,Raichur,Karnataka,,,5.0,0.0,0.0,0.0,(i) Hundreds of houses collapsed. (ii) 3000 families of slum dwellers rendered homeless.,IMD,1993.0,9.0,5.0
1993-11-10,,11.0,severe flood,"Belagavi, Ballari, Bijapur Surendranagar, Kalaburagi,Raichur",Karnataka,,,34.0,0.0,0.0,0.0,"(1) 296 houses completely,1,170 partially damaged. (ii) Standing crop in 40,325 hectares of land in 10 talukas of Belgaum district damaged. (iii) The total loss including loss of public utilities worth Rs. 11.35 crores reported in Belgaum district.",IMD,1993.0,11.0,34.0
1993-01-06,1993-01-06,1.0,heavy rains,"Alappuzha, Ernakulam, Idukki,  Kollam, Pathanamthitta, Thiruvananthapuram,Thrissur",Kerala,,,1.0,0.0,0.0,0.0,(i) Extensive damage to crop reported. (ii) Hundreds of houses damaged. (iii) Railway track inundated. .,IMD,1993.0,1.0,1.0
1993-03-07,1993-03-07,1.0,heavy rains,Kottayam,Kerala,,,0.0,0.0,0.0,0.0,500 people rendered homeless.,IMD,1993.0,3.0,0.0
1993-06-10,1993-06-10,1.0,heavy rains,Kottayam,Kerala,,,3.0,10.0,0.0,0.0,"(i) Extensive damage to agriculture reported. (ii) Electric,telephone services disrupted.",IMD,1993.0,6.0,13.0
1993-08-10,1993-08-10,1.0,heavy rains,Malappuram,Kerala,,,10.0,0.0,0.0,0.0,"(i) One bridge,several houses damaged. (ii) Extensive damage to agriculture reported.",IMD,1993.0,8.0,10.0
1993-09-10,1993-09-10,1.0,heavy rains,Palakkad,Kerala,,,0.0,0.0,0.0,0.0,(i) Thousands of plantation/coconut trees uprooted. (ii) Extensive damage to paddy crop reported.,IMD,1993.0,9.0,0.0
1993-11-10,1993-11-10,1.0,heavy rains,Alappuzha,Kerala,,,0.0,0.0,0.0,0.0,Extensive damage to paddy crop reported.,IMD,1993.0,11.0,0.0
1993-10-11,1993-11-11,2.0,heavy rains,"Idukki, Kollam,Thiruvananthapuram",Kerala,,,3.0,0.0,0.0,0.0,"(i) 500 houses completely,2,500 partially damaged. 16,000 people evacuated to safer places. (ii) Crop worth Rs. 7.5 lakhs damaged.",IMD,1993.0,10.0,3.0
1993-10-06,1993-10-06,1.0,heavy rains,Amravati,Maharashtra,,,1.0,11.0,0.0,0.0,Several trees uprooted.,IMD,1993.0,10.0,12.0
1993-03-07,1993-03-07,1.0,heavy rains,Pune,Maharashtra,,,0.0,0.0,0.0,0.0,(i) Low lying areas flooded. (ii) Normal life completely paralysed. (iii) 60 families marooned at Lobia Nagar slums at Hadapsar.,IMD,1993.0,3.0,0.0
1993-09-07,1993-09-07,1.0,heavy rains,Nagpur,Maharashtra,,,0.0,0.0,0.0,0.0,One house collapsed at Timki.,IMD,1993.0,9.0,0.0
1993-05-08,1993-05-08,1.0,heavy rains,Kolhapur,Maharashtra,,,6.0,0.0,0.0,0.0,,IMD,1993.0,5.0,6.0
1993-12-08,1993-12-08,1.0,heavy rains,"Nagpur,Yavatmal",Maharashtra,,,0.0,0.0,0.0,0.0,(i) Several houses damaged. (ii) Large stretch of cropped area submerged.,IMD,1993.0,12.0,0.0
1993-11-10,1993-11-10,1.0,heavy rains,Beed,Maharashtra,,,5.0,0.0,0.0,0.0,,IMD,1993.0,11.0,5.0
1993-07-06,,17.0,severe food,"Kolasib, Aizawl, Mamit, Champhai, Serchhip, Lunglei, Siaha, Lawngtlai",Mizoram,,,14.0,0.0,0.0,0.0,153 houses damaged.,IMD,1993.0,7.0,14.0
1993-08-07,1993-12-07,5.0,"severe flood (bias, satlaj,ravi)","Amritsar, Fatehgarh Sahib, Ferozepur, Gurdaspur, Hoshiarpur, Kapurthala, Ludhiana, Mansa, Patiala, Rupnagar,Sangrur",Punjab,,,320.0,0.0,0.0,6293.0,"(1) Fatehgarh Sahib, Gurdaspur, Patiala,Ropar districts worst affected. (ii) 30% of the total arca inundated. (iii) 25 lakh people in 4,741 villages,44 towns affected. (iv) Paddy,kharif crop in 15 lakh acres of land damaged. Loss estimated to worth Rs. 284 crores. (v) Property worth Rs. 477 crores damaged. (vi) Over 10,000 km. toad, 37 big,150 small bridges damaged. (vii) Train/power/telecommunication services disrupted.",IMD,1993.0,8.0,320.0
1993-11-07,,12.0,severe flood,"Ajmer, Bhilwara, Churu, Ganganagar, Kota, Jaisalmer,Jodhpur",Rajasthan,,,19.0,0.0,0.0,80.0,"(i) 220 villages affected. (ii) 16,154 houses partially or completely damaged. More than 300 houses in Bhilwara alone damaged. (iii) Vehicular traffic between Kota-Ajmer suspended. (iv) Railway link between Ajmer-Bhilwara,Churu-Sikar disrupted. (v) Lasaria dam at Bhilwara breached.",IMD,1993.0,11.0,19.0
1993-01-08,,31.0,severe flood,"Kota,Tonk",Rajasthan,,,5.0,0.0,0.0,9.0,"(i) 19 villages affected. (ii) 11,576 houses damaged. (iii) 7 dams breached.",IMD,1993.0,1.0,5.0
1993-06-08,1993-06-08,1.0,heavy rains,Dindigul,Tamil Nadu,,,3.0,4.0,0.0,0.0,,IMD,1993.0,6.0,7.0
1993-07-11,1993-11-11,5.0,heavy rains,"Coimbatore, The Nilgiris, Ramanathapuram,Thanjavur",Tamil Nadu,,,60.0,52.0,0.0,0.0,"(i) Low lying areas flooded. (ii) One fishing boat sank,39 others damaged. (iii) 1000 houses fully damaged. (iv) 1.4 lakh acres of cropped land submerged. (v) Public/private property worth Rs. 260 crores damaged. Road,other public utility worth Rs.180 crores damaged.",IMD,1993.0,7.0,112.0
1993-05-05,1993-12-05,8.0,severe flood,"North Tripura,West Tripura",Tripura,,,21.0,0.0,0.0,0.0,"(i) 16,225 families affected. (ii) 70 to 80% crop damaged. (iii) 2 bridges washed away.",IMD,1993.0,5.0,21.0
1993-07-06,1993-09-06,3.0,severe flood,"North Tripura,West Tripura",Tripura,,,4.0,0.0,0.0,0.0,"(i) 2 lakh people affected. (ii) More than 1 lakh people rendered homeless. (iii) Several roads,wooden bridges either damaged or washed away. (iv) Road link,railway services disrupted.",IMD,1993.0,7.0,4.0
1993-01-07,,31.0,"severe flood(ganga,its  tributaries)","Almora, Bijnor, Bahraich,  Dehradun, Garhwal, Ghaziabad, Gonda, Haridwar, Meerut, Mirzapur,Muzaffarnagar",Uttar Pradesh,,,35.0,0.0,0.0,407.0,"(i) 9.31 lakh people affected. (ii) 1.35 lakh hectares of land,0.31 lakh hectares of agricultural land flooded. (iii) 314 houses completely,3,067 partially damaged.",IMD,1993.0,1.0,35.0
1993-08-09,,14.0,"severe flood (ganga,its tributaries)","Amroha, Hapur, Bareilly, Pilibhit, Bulandshahr, Gautam Buddha Nagar, Kheri, Budaun, Bahraich, Shahjahanpur, Aligarh, Kasganj, Mathura, SShrawasti, Sitapur, Hathras, Etah, Hardoi, Farrukhabad, Firozabad, Siddharthnagar, Mainpuri, Mahrajganj, Agra, Gonda, Bara Banki, Kushinagar, Kannauj, Lucknow, Basti, Gorakhpur, Sant Kabir Nagar, Unnao, Etawah, Kanpur nagar Nagar, Auraiya, Ayodhya, Kanpur nagar Dehat, Deoria, Sultanpur, Ambedkar Nagar, Rae Bareli, Jalaun, Azamgarh, Mau, Fatehpur, Ballia, Jaunpur, Jhansi, Banda, Ghazipurr, Kaushambi, Prayagraj, Varanasi, Chitrakoot, Chandauli, Bhadohi, Mirzapur, Lalitpur, Sonbhadra, Amethi, Ghaziabad, Sambhal, Mahoba, Saharanpur, Bijnor, Muzaffarnagar, Baghpat, Meerut, Moradabad, Rampur, Shamli, Balrampur, Hamirpur, Pratapgarh",Uttar Pradesh,,,171.0,0.0,0.0,1940.0,"(i) Population of over 2 crores affected. (ii) 5,574 bouscs washed away,56,230 completely damaged. (iii) 4.5 lakh hectares of cropped area washed away. (iv) Road,railway link in Kumaon totally disrupted. . (v) Public utility worth Rs. 500 crores damaged. (vi) 25,000 Pilgrims,tourists stranded in the border area of Chamoli. ",IMD,1993.0,8.0,171.0
1993-01-07,1993-01-07,1.0,heavy rains,Darjeeling,West Bengal,,,18.0,0.0,0.0,0.0,Several houses damaged. ,IMD,1993.0,1.0,18.0
1993-02-07,1993-02-07,1.0,heavy rains,Purba Medinipur,West Bengal,,,4.0,6.0,0.0,0.0,,IMD,1993.0,2.0,10.0
1993-10-07,1993-10-07,1.0,heavy rains,Kolkata,West Bengal,,,0.0,0.0,0.0,0.0,(i) Normal life completely paralysed. (ii) Low lying areas flooded. (iii) Vehicular traffic completely disrupted. (iv) Thousands of commuters stranded.,IMD,1993.0,10.0,0.0
1993-03-08,1993-03-08,1.0,heavy rains,South 24 Parganas,West Bengal,,,0.0,0.0,0.0,0.0,(i) 20 mud houses collapsed. (ii) 200 people rendered homeless at Mausami island under Sundarban area.,IMD,1993.0,3.0,0.0
1993-07-08,1993-07-08,1.0,heavy rains,South 24 Parganas,West Bengal,,,5.0,0.0,0.0,0.0,,IMD,1993.0,7.0,5.0
1993-08-08,1993-08-08,1.0,heavy rains,"Cooch Behar, Darjeeling",West Bengal,,,72.0,0.0,0.0,0.0,,IMD,1993.0,8.0,72.0
1993-10-08,1993-10-08,1.0,heavy rains,Purba Medinipur,West Bengal,,,5.0,0.0,0.0,0.0,"(i) 1000 mud houses collapsed. (ii) 25,000 people affected. (iii) 200 people evacuated to safer places.",IMD,1993.0,10.0,5.0
1993-12-08,1993-12-08,1.0,heavy rains,Kolkata,West Bengal,,,3.0,6.0,0.0,0.0,,IMD,1993.0,12.0,9.0
1993-04-09,1993-04-09,1.0,heavy rains,Hooghly,West Bengal,,,4.0,3.0,0.0,0.0,,IMD,1993.0,4.0,7.0
1993-12-09,,5.0,heavy rains,"Kolkata, Hooghly, Paschim Purba Medinipur,Purba Purba Medinipur, Murshidabad,Nadia",West Bengal,,,5.0,10.0,0.0,0.0,"(i) 5.5 lakh people affected. (ii) 12,000 mud houses in Murshidabad (iii) In Medinipur district, 21 villages inundated. ",IMD,1993.0,12.0,15.0
1993-08-12,1993-12-12,5.0,severe flood,Chandigarh,Punjab,,,2.0,0.0,0.0,0.0,,IMD,1993.0,8.0,2.0
1993-07-07,1993-07-07,1.0,heavy rains,New Delhi,Delhi,,,1.0,3.0,0.0,0.0,,IMD,1993.0,7.0,4.0
1994-06-09,1994-10-09,5.0,severe,"East Godavari, Khammam,,West Godavari",Andhra Pradesh,,,16.0,0.0,0.0,0.0,"i)90 villages submerged ii)Extensive loss of standing crop reported iii)38,000 people shifted to safer places in Khammam district",IMD,1994.0,6.0,16.0
1994-04-10,1994-06-10,3.0,heavy rains,"Y.S.R., Hyderabad, Krishna, Kurnool, Mahabubnagar,Nalgonda",Andhra Pradesh,,,31.0,0.0,0.0,0.0,"i)Several low lying areas in Hyderabad city submerged ii)485 houses fully,2,703 partially damaged iii)Standing crop in 21,000 hectares affected iv)In Kurnool district, 150 families rendered homeless v)In Hyderabad town, 25 feet high wall supporting the railway overbridge collapsed causing traffic disruption",IMD,1994.0,4.0,31.0
1994-01-04,1994-07-04,7.0,severe flood,Lohit,Arunachal Pradesh,,,0.0,0.0,0.0,0.0,i)Tezu town cut off from rest of the state ii)A bridge over Telna on Nayaliang Bithu road washed away,IMD,1994.0,1.0,0.0
1994-07-07,1994-07-07,1.0,heavy rains,West Siang,Arunachal Pradesh,,,9.0,0.0,0.0,0.0,Several residential areas submerged ,IMD,1994.0,7.0,9.0
1994-11-08,1994-11-08,1.0,heavy rains,Tawang,Arunachal Pradesh,,,4.0,3.0,0.0,0.0,,IMD,1994.0,11.0,7.0
1994-01-06,,30.0,severe flood,"Barpeta, Dhemaji, Dibrugarh, Jorhat, Lakhimpur, Nalbari,Sivasagar",Assam,,,2.0,0.0,0.0,0.0,"i)In Barpeta district, 500 villages worst affected ii)In Dhemaji, 8 villages completely submerged iii)In Jorhat,Lakhimpur districts, 25 villages submerged iv)Road communication completely disrupted v)Thousands of people shifted to safer places vi)Telecommunication services disrupted",IMD,1994.0,1.0,2.0
1994-01-07,,16.0,severe flood,"Dhemaji, Jorhat, Mancachar, Nalbari,Sivasagar",Assam,,,8.0,0.0,0.0,0.0,"i)70,000 people in 150 villages of Dhemaji district affected ii)In Jorhat town, several Govt. Offices,Educational Institutions submerged iii)Wooden bridge over national highway No. 52 wahed away iv)Road communication between Dhemaji,rest of the country completely cut off",IMD,1994.0,1.0,8.0
1994-08-07,1994-08-07,1.0,heavy rains,Purbi West Singhbhum,Bihar,,,6.0,0.0,0.0,0.0,,IMD,1994.0,8.0,6.0
1994-08-07,,7.0,severe flood,Pashchimi West Singhbhum,Bihar,,,0.0,0.0,0.0,0.0,"i)10,000 people marooned ii)4,546 families in 52 villages affected iii)Road communication disrupted",IMD,1994.0,8.0,0.0
1994-08-08,,7.0,severe flood,"Bhagalpur, Bhojpur, Khagaria, Patna, Samastipur, Saran,Vaishali",Bihar,,,28.0,0.0,0.0,0.0,Thousands of villages submerged,IMD,1994.0,8.0,28.0
1994-08-06,,14.0,severe flood,"Bharuch, Dangs, Junagadh, Surat, Vadodara,Valsad",Gujarat,,,13.0,0.0,0.0,0.0,"i)8000 people marooned ii)40 houses swept away iii)A check-dam at Datipur village in Valia taluka of Bharuch district breached iv)Vehicular traffic completely disrupted due to waterlogging on state highways v)Rail traffic between Ankaleshwar,Rajpipla on narrow gauge section of Vadodara division disrupted as bridge at Gumandev village washed away vi)Kakrapar Atomic Power Station, near Surat flooded",IMD,1994.0,8.0,13.0
1994-08-07,,7.0,heavy rains,"Amreli, Bharuch, Bhavnagar, Junagadh, Rajkot, Surat,Valsad",Gujarat,,,85.0,0.0,0.0,0.0,"i)395 houses in19 villages of Una tehsil, damaged ii)Electric supply,road communication disrupted",IMD,1994.0,8.0,85.0
1994-02-08,1994-02-08,1.0,heavy rains,Sirsa,Haryana,,,3.0,0.0,0.0,0.0,,IMD,1994.0,2.0,3.0
1994-07-08,1994-08-08,2.0,heavy rains,Shimla,Himachal Pradesh,,,2.0,0.0,0.0,15.0,1 house completely collapsed due to landslides,IMD,1994.0,7.0,2.0
1994-11-07,1994-11-07,1.0,cloud burst,Kullu,Himachal Pradesh,,,70.0,0.0,0.0,0.0,,IMD,1994.0,11.0,70.0
1994-07-08,1994-07-08,1.0,heavy rains,Kullu,Himachal Pradesh,,,0.0,2.0,0.0,0.0,,IMD,1994.0,7.0,2.0
1994-10-08,1994-10-08,1.0,cloud burst,Kullu,Himachal Pradesh,,,15.0,0.0,0.0,0.0,"3 houses, 2 low sheds, 3 shops, 5 water mills,16 khokas washed away",IMD,1994.0,10.0,15.0
1994-11-08,1994-11-08,1.0,flash flood,Kullu,Himachal Pradesh,,,11.0,0.0,0.0,0.0,,IMD,1994.0,11.0,11.0
1994-05-09,1994-05-09,1.0,cloud burst,"Hamirpur,Mandi",Himachal Pradesh,,,15.0,10.0,0.0,0.0,Many houses collapsed,IMD,1994.0,5.0,25.0
1994-05-06,1994-05-06,1.0,heavy rains,Uttar Kashia Kannada,Karnataka,,,1.0,0.0,0.0,0.0,i)Loss of public utilities worth Rs. 1.15 crore reported ii)Road communication on National highway No. 14 disrupted iii)Several trees uprooted,IMD,1994.0,5.0,1.0
1994-08-07,,7.0,severe flood,"Belagavi, Ballari, Bijapur, Chikkamagaluru, Surendranagar, Dharwad,  Kalaburagi, Hassan, Kodagu, Kolar, Mandya,Mysuru",Karnataka,,,58.0,0.0,0.0,2268.0,"i)954 villages in 63 tehsils affected ii)Crop worth Rs. 8.92 crores in 51,194 acres of land lost iii)Property worth Rs. 8863 crores damaged",IMD,1994.0,8.0,58.0
1994-06-10,1994-06-10,1.0,flash flood,"Bijapur, Kalaburagi",Karnataka,,,8.0,0.0,0.0,6.0,,IMD,1994.0,6.0,8.0
1994-01-06,,14.0,severe flood,"Alappuzha, Ernakulam, Idukki, Kasaragod, Kollam, Kottayam, Kozhikode, Malappuram, Palakkad, Pathanamthitta, Thiruvananthapuram,Thrissur",Kerala,,,30.0,0.0,0.0,0.0,"i)429 houses completely collapsed,3,380 houses partially damaged ii)Crop worth Rs. 33 lakhs destroyed iii)Many coconut trees/electricity poles uprooted",IMD,1994.0,1.0,30.0
1994-11-07,1994-11-07,1.0,heavy rains,Kasaragod,Kerala,,,0.0,2.0,0.0,0.0,"5 houses completely,40 partially damaged",IMD,1994.0,11.0,2.0
1994-01-08,1994-01-08,1.0,heavy rains,"Alappuzha, Thiruvananthapuram,Thrissur",Kerala,,,0.0,0.0,0.0,0.0,"i)35 houses completely,623 houses partially damaged ii)12,000 families shifted to safer places iii)Extensive damage to vegetables reported",IMD,1994.0,1.0,0.0
1994-02-08,1994-02-08,1.0,heavy rains,"Ernakulam, Idukki, Kollam, Kottayam,Thiruvananthapuram",Kerala,,,3.0,0.0,0.0,0.0,"i)1,000 houses damaged ii)50 families shifted to safer places iii)Railway track between Ernakulam,Kottayam dislocated due to landslides iv)Extensive damage to vegetables reported",IMD,1994.0,2.0,3.0
1994-03-08,1994-09-08,7.0,heavy rains,"Alappuzha, Ernakulam, Idukki, Kannur, Kasaragod, Kollam, Kottayam, Pathanamthitta, Thiruvananthapuram,Thrissur",Kerala,,,0.0,0.0,0.0,0.0,i)90 houses damaged ii)Vast tracts of paddy field submerged iii)Extensive damaged to vegetables reported,IMD,1994.0,3.0,0.0
1994-03-10,1994-06-10,4.0,heav rains,"Kollam,Thiruvananthapuram",Kerala,,,10.0,0.0,0.0,0.0,25 houses completely damaged,IMD,1994.0,3.0,10.0
1994-11-10,1994-11-10,1.0,heavy rains,Idukki,Kerala,,,1.0,0.0,0.0,0.0,,IMD,1994.0,11.0,1.0
1994-12-07,,2.0,heavy rains,"Balaghat, Bastar, Durg, Narmadapuram, Jabalpur,Rajnandgaon",Madhya Pradesh,,,9.0,0.0,0.0,0.0,i)80 villages flooded ii)58 houses collapsed,IMD,1994.0,12.0,9.0
1994-05-08,1994-05-08,1.0,heavy rains,"Bilaspur,Tikamgarh",Madhya Pradesh,,,3.0,0.0,0.0,0.0,"i)Vehicular traffic,telecommunication services completely disrupted ii)50 houses damaged in Bilaspur",IMD,1994.0,5.0,3.0
1994-02-06,1994-02-06,1.0,heavy rains,Bhandara,Maharashtra,,,1.0,0.0,0.0,0.0,,IMD,1994.0,2.0,1.0
1994-04-06,1994-04-06,1.0,heavy rains,Pune,Maharashtra,,,0.0,5.0,0.0,0.0,i)Low lying areas flooded ii)Several trees uprooted iii)Power supply disrupted at several places,IMD,1994.0,4.0,5.0
1994-06-06,1994-06-06,1.0,heavy rains,Nagpur,Maharashtra,,,2.0,0.0,0.0,0.0,,IMD,1994.0,6.0,2.0
1994-06-06,1994-07-06,2.0,heavy rains,Pune,Maharashtra,,,2.0,0.0,0.0,0.0,"2 bicycle shops,three auto-rickshaws damaged. Estimated loss of Rs. 18 lakhs reported",IMD,1994.0,6.0,2.0
1994-04-07,1994-04-07,1.0,heavy rains,"Nagpur,Yavatmal",Maharashtra,,,5.0,0.0,0.0,0.0,1 building collapsed,IMD,1994.0,4.0,5.0
1994-08-07,,7.0,severe flood,"Kolhapur,Sangli",Maharashtra,,,8.0,8.0,0.0,0.0,"i)170 villages marooned. Low lying areas flooded 150 families shifted to safer places ii)Vehicular traffic completely disrupted iii)Several villages remained cut off from district head quarter iv)A ambassador car washed away in flooded Kadvi river v)1,200 houses,other structures damaged vi)Paddy,groundnut crop extensively damaged",IMD,1994.0,8.0,16.0
1994-09-07,1994-09-07,1.0,heavy rains,Akola,Maharashtra,,,1.0,0.0,0.0,0.0,,IMD,1994.0,9.0,1.0
1994-11-07,1994-12-07,2.0,heavy rains,Mumbai,Maharashtra,,,0.0,0.0,0.0,0.0,i)Large number of trees uprooted ii)Several incidents of short-circuits reported iii)30 trains on western railway cancelled due to flooding of the railway tracks,IMD,1994.0,11.0,0.0
1994-11-07,,3.0,heavy rains,"Amravati, Bhandara, Chandrapur, Gadchiroli, Nagpur, Wardha,Yavatmal",Maharashtra,,,45.0,0.0,0.0,0.0,"i)Normal life completely paralysed ii)20,000 people rendered homeless iii)Crop worth crores of rupees lost",IMD,1994.0,11.0,45.0
1994-11-07,,4.0,heavy rains,Nashik,Maharashtra,,,2.0,4.0,0.0,0.0,Normal life paralysed,IMD,1994.0,11.0,6.0
1994-12-07,1994-12-07,1.0,heavy rains,Mumbai,Maharashtra,,,2.0,5.0,0.0,0.0,15 trees uprooted,IMD,1994.0,12.0,7.0
1994-01-09,,14.0,severe flood,"Akola, Amravati, Bhandara, Buldhana, Chandrapur, Gadchiroli, Nagpur, Wardha,Yavatmal",Maharashtra,,,53.0,0.0,0.0,6.0,"i)Akola district worst affected ii)In Akola district alone 50,000 people rendered homeless,in Amravatio district 10,000 people rendered homeless iii)In Wardha district 3,500 people marooned iv)22 villages in Diwasa tehsil of Amravati district affected v)Vehicular traffic completely disrupted due to flooding of national/state highways vi)Crop worth Rs. 75 crore destroyed vii)In Buldana district, private property worth Rs, 25 crore damaged",IMD,1994.0,1.0,53.0
1994-02-09,1994-02-09,1.0,heavy rains,"Nashik, Thane",Maharashtra,,,7.0,0.0,0.0,0.0,,IMD,1994.0,2.0,7.0
1994-03-09,1994-03-09,1.0,heavy rains,"Mumbai, Thane",Maharashtra,,,10.0,0.0,0.0,0.0,,IMD,1994.0,3.0,10.0
1994-08-07,,7.0,severe flood,"Baleshwar, Bargarh, Cuttack, Kalahandi, Puri, Sambalpur,Sundargarh",Odisha,,,5.0,0.0,0.0,0.0,"i)10.2 lakh people in 1,100 villages affected ii)Standing crop in 94,000 hectares of land damaged iii)Vehicular traffic between Cuttack-Paradip, Bhubaneshwar-Banki,Jharsuguda-Sundergarh completely disrupted",IMD,1994.0,8.0,5.0
1994-01-09,,30.0,severe flood,"Bhadrak, Dhenkanal, Jajapur, Subarnapur, Nuapada, Balangir, Boudh, Cuttack, Kandhamal, Nayagarh, Khordha, Kalahandi, Jagatsinghapur, Puri, Nagpur, Rayagada, Koraput, Malkangiri, Anugul, Kendrapara, Ganjam, Gajapati, Mayurbhanj, Sundargarh, Kendujhar, Baleshwar, Jharsuguda, Bargarh, Deogarh, Sambalpur",Odisha,,,72.0,0.0,0.0,90.0,"i)More than 30 lakh people affected ii)In Koraput district, 100 houses collapsed. 10,000 hectares of paddy field submerged. Roads in 15 Gram Panchayats badly damaged Newly constructed bridges at Dumkuguda,Girlingumma washed away iii)In Puri district, thousands of people in 37 villages rendered homeless. 10,000 acres of cropped land submerged iv)In Cuttack district, 21,000 hectares of paddy land submerged. 137 villages affected. 300 houses collapsed",IMD,1994.0,1.0,72.0
1994-01-07,1994-02-07,2.0,heavy rains,"Bundi, Jhalawar,Kota",Rajasthan,,,9.0,0.0,0.0,0.0,Several houses collapsed,IMD,1994.0,1.0,9.0
1994-05-07,1994-05-07,1.0,heavy rains,"Bhilwara, Bundi,Pali",Rajasthan,,,0.0,0.0,0.0,0.0,44 dams either partially or fully damaged,IMD,1994.0,5.0,0.0
1994-12-07,1994-12-07,1.0,heavy rains,Bikaner,Rajasthan,,,4.0,0.0,0.0,0.0,,IMD,1994.0,12.0,4.0
1994-07-09,1994-07-09,1.0,heavy rains,Banswara,Rajasthan,,,4.0,0.0,0.0,0.0,,IMD,1994.0,7.0,4.0
1994-03-11,1994-04-11,2.0,heavy rains,"Chennai,Madurai",Tamil Nadu,,,0.0,0.0,0.0,0.0,i)16 Low lying areas submerged ii)1500 telephone lines affected iii)Train services partially suspended,IMD,1994.0,3.0,0.0
1994-07-11,1994-07-11,1.0,heavy rains,"Dindigul, Tiruchirappalli",Tamil Nadu,,,1.0,7.0,0.0,96.0,i)493 huts destroyed ii)Several roads breached,IMD,1994.0,7.0,8.0
1994-03-07,1994-03-07,1.0,heavy rains,"Dehradun, Tehri Garhwal,Uttar Kashi Kashi",Uttar Pradesh,,,8.0,0.0,0.0,0.0,More than thousand houses damaged,IMD,1994.0,3.0,8.0
1994-08-08,,7.0,severe flood,"Prayagraj, Banda, Fatehpur, Ghazipurr, Hamirpur, Kheri, Pilibhit, Tehri Garhwal,,Varanasi",Uttar Pradesh,,,15.0,0.0,0.0,0.0,Several houses collapsed,IMD,1994.0,8.0,15.0
1994-12-09,,8.0,heavy rains,Varanasi,Uttar Pradesh,,,16.0,0.0,0.0,0.0,,IMD,1994.0,12.0,16.0
1994-02-08,1994-02-08,1.0,heavy rains,Kolkata,West Bengal,,,0.0,0.0,0.0,0.0,i)Normal life completely paralysed ii)Vehicular traffic disrupted iii)Train services at Noongola of Howrah divisions disrupted,IMD,1994.0,2.0,0.0
1994-03-08,1994-03-08,1.0,heavy rains,Purba Medinipur,West Bengal,,,0.0,0.0,0.0,0.0,"95,000 people affected",IMD,1994.0,3.0,0.0
1994-06-08,1994-06-08,1.0,heavy rains,Kolkata,West Bengal,,,0.0,0.0,0.0,0.0,"i)Low lying areas of north,east Kolkata submerged ii)Trams,vehicular services completely disrupted iii)Train services in Sealdah,Howrah divisions disrupted",IMD,1994.0,6.0,0.0
1994-06-10,1994-08-10,3.0,heavy rains,Birbhum,West Bengal,,,0.0,0.0,0.0,0.0,i)Normal life paralysed ii)500 people shifted to safer places iii)Train services disrupted due to waterlogging at Rampurhat town,IMD,1994.0,6.0,0.0
1994-08-07,1994-08-07,1.0,heavy rains,Chandigarh,Punjab,,,2.0,0.0,0.0,0.0,,IMD,1994.0,8.0,2.0
1995-06-05,,9.0,severe flood,"Chittoor, East Godavari, Krishna, Guntur,  Sri Potti Sriramulu Nellore, Prakasam, Srikakulam, Vizianagaram,West Godavari",Andhra Pradesh,,,17.0,0.0,0.0,3524.0,"i)East Godavari,Krishna districts worst affected ii)8,803 houses completely,31,425 partially damaged iii)1.44 lakhs of hectares of paddy land damaged iv)Total loss estimated to worth Rs. 47,000 lakhs",IMD,1995.0,6.0,17.0
1995-01-09,1995-01-09,1.0,heavy rains,West Godavari,Andhra Pradesh,,,6.0,0.0,0.0,0.0,"i)10,000 acres of standing crop inundated ii)300 houses submerged,250 families evacuated to safer places iii)Number of tanks,drainage canals breached",IMD,1995.0,1.0,6.0
1995-04-09,1995-04-09,1.0,heavy rains,East Godavari,Andhra Pradesh,,,0.0,0.0,0.0,0.0,400 acres of crop land in low lying areas were submerged,IMD,1995.0,4.0,0.0
1995-01-10,,31.0,severe flood,"Srikakulam, Vizianagaram, Visakhapatnam, Krishna, Guntur, East Godavari, Prakasam, Kurnool, Ananthapuramuamu, Sri Potti Sriramulu Nellore, West Godavari, Y.S.R., Chittoor",Andhra Pradesh,,,119.0,0.0,0.0,3663.0,"i)6,64,746 hectares of crop land affected ii)36,371 houses fully,1,10,154 houses partially damaged iii)5,426 irrigation tanks breached iv)3,744 roads/bridges/culverts damaged v)The property worth Rs. 657 crores lost",IMD,1995.0,1.0,119.0
1995-07-07,1995-07-07,1.0,heavy rains,"Upper Lower Subansiri, Anjaw, Changlang, Tawang, Papum Pare, Tirap, East Siang, Lohit, Kurung Kumey, Lower Lower Subansiri, East Kameng, West Kameng, West Kameng, West Kameng, Kra Daadi, Namsai, Longding, Upper Siang, Lower Siang, Dibang Valley, Lower Dibang Valley, Siang, Shi Yomi, Pakke Kessang, West Siang, Leparada, Kamle",Arunachal Pradesh,,,0.0,0.0,0.0,0.0,"Road communication between West East Kameng, West Kameng, Upper Siang,West Siang, Lohit,Dibang valley completely disrupted",IMD,1995.0,7.0,0.0
1995-10-07,1995-10-07,1.0,heavy rains,"Upper Lower Subansiri, Anjaw, Changlang, Tawang, Papum Pare, Tirap, East Siang, Lohit, Kurung Kumey, Lower Lower Subansiri, East Kameng, West Kameng, West Kameng, West Kameng, Kra Daadi, Namsai, Longding, Upper Siang, Lower Siang, Dibang Valley, Lower Dibang Valley, Siang, Shi Yomi, Pakke Kessang, West Siang, Leparada, Kamle",Arunachal Pradesh,,,5.0,0.0,0.0,0.0,,IMD,1995.0,10.0,5.0
1995-12-08,1995-12-08,1.0,heavy rains,Changlang,Arunachal Pradesh,,,0.0,0.0,0.0,0.0,Few houses damaged,IMD,1995.0,12.0,0.0
1995-05-06,,22.0,severe flood,"Barpeta, Darrang, Dhemaji, Dibrugarh, Dhubri, Goalpara, Golaghat, Hailakandi, Kamrup, Jorhat, Karbi Anglong, Karimganj, Marigaon, Nagaon, Nalbari,Sivasagar",Assam,,,11.0,0.0,0.0,0.0,"i)2,10,606 hectares of area with 14,53,890 population affected ii)Crops in 87,771 hectares damaged iii)927 houses fully,1,020 houses partially damaged iv)Road communication completely disrupted",IMD,1995.0,5.0,11.0
1995-04-07,,15.0,severe flood,"Barpeta, Bongaigaon, Darrang, Dhemaji, Dhubri, Dibrugarh, Goalpara, Golaghat, Jorhat, Kamrup, Karimganj, Marigaon, Nagaon, Nalbari, Lakhimpur, Sivasagar, Sonitpur,Tinsukia",Assam,,,37.0,0.0,0.0,0.0,"i)7,00,267 hectares of area with population 36,09,901 affected ii)5,770 villages affected iii)Crop in 2,18,440 hectares of area either damaged or affected iv)14,894 house fully,21,809 houses partially damaged",IMD,1995.0,4.0,37.0
1995-01-10,1995-03-10,3.0,severe flood,"Bongaigaon, Darrang, Dhemaji, Dhubri, Dibrugarh, Kokrajhar, Marigaon, Nalbari, Sivasagar, Sonitpur,Tinsukia",Assam,,,0.0,0.0,0.0,0.0,"i)5,03,147 people in 1,34,324 hectares of area affeccted ii)864 villages affected iii)47,668 hectares of crop land submerged iv)3 houses damaged",IMD,1995.0,1.0,0.0
1995-08-07,,7.0,flash flood,"Purbi Champaran, Pashchim Champaran",Bihar,,,0.0,0.0,0.0,0.0,"i)Villages shifted to safer places ii)Gandak embankment between Damodarpur,Bathna breached iii)Considerable damage to Rabi crop reported",IMD,1995.0,8.0,0.0
1995-09-10,,7.0,severe flood,"Banka, Bhagalpur, Purbi West Singhbhum,Sahebganj",Bihar,,,101.0,0.0,0.0,1700.0,i)Large number of villages marooned ii)crop worth Rs. 0.21 crocre damaged iii)Barhatt bridge washed away,IMD,1995.0,9.0,101.0
1995-12-06,1995-12-06,1.0,heavy rains,Panipat,Haryana,,,3.0,0.0,0.0,0.0,,IMD,1995.0,12.0,3.0
1995-03-08,1995-03-08,1.0,heavy rains,Yamunanagar,Haryana,,,0.0,0.0,0.0,0.0,Crops worth lakhs of rupees destroyed,IMD,1995.0,3.0,0.0
1995-10-08,1995-10-08,1.0,heavy rains,"Jhajjar, Gurugram, Faridabad, Mahendragarh, Rewari, Nuh, Palwal, Charki Dadri, Yamunanagar, Kurukshetra, Kaithal, Sirsa, Karnal, Jind, Fatehabad, Hisar, Panipat, Sonipat, Bhiwani, Rohtak, Panchkula, Ambala",Haryana,,,1.0,4.0,0.0,0.0,"One,half dozen houses damaged",IMD,1995.0,10.0,5.0
1995-04-09,1995-05-09,2.0,severe flood,"Ambala, Bhiwani, Hisar, Kaithal, Karnal, Kurukshetra, Panipat, Rohtak,Sonipat",Haryana,,,64.0,0.0,0.0,0.0,"i)6.5 lakh people in 500 villages affected ii)9,000 houses damaged iii)Extensive damaged to standing crop reported iv)Road communication completely disrupted v)Four trains canvelled due to flooding at railway tracks",IMD,1995.0,4.0,64.0
1995-09-09,1995-10-09,2.0,flash flood,"Bhiwani, Hisar, Jind, Kaithal, Rohtak,Sirsa",Haryana,,,112.0,13.0,0.0,0.0,"i)15 cities,2,269 villages with a population of 23.86 lakhs affected ii)More than one lakh houses,1,556 roads damaged iii)12.18 lakh of acre crop land submerged iv)Majol area of Rohtak submerged under 4 to 12 ft. of water",IMD,1995.0,9.0,125.0
1995-05-07,1995-05-07,1.0,heavy rains,"Lahul And Spiti, Chamba, Kangra, Kullu, Mandi, Kinnaur, Una, Shimla, Solan, Sirmaur, Hamirpur, Bilaspur",Himachal Pradesh,,,2.0,0.0,0.0,6.0,15 houses destroyed,IMD,1995.0,5.0,2.0
1995-09-07,1995-12-07,4.0,heavy rains,"Lahul And Spiti, Chamba, Kangra, Kullu, Mandi, Kinnaur, Una, Shimla, Solan, Sirmaur, Hamirpur, Bilaspur",Himachal Pradesh,,,7.0,0.0,0.0,0.0,Vehicular traffic disrupted due to landslide on Kullu-Mandi highway,IMD,1995.0,9.0,7.0
1995-02-08,1995-03-08,2.0,heavy rains,"Lahul And Spiti, Chamba, Kangra, Kullu, Mandi, Kinnaur, Una, Shimla, Solan, Sirmaur, Hamirpur, Bilaspur",Himachal Pradesh,,,6.0,0.0,0.0,0.0,,IMD,1995.0,2.0,6.0
1995-06-08,1995-06-08,1.0,heavy rains,Shimla,Himachal Pradesh,,,0.0,0.0,0.0,0.0,i)Normal lide paralysed ii)Two fly overs over Ruppa river washed away,IMD,1995.0,6.0,0.0
1995-08-08,,7.0,severe flood,"Chamba, Kinnaur, Shimla,Solan",Himachal Pradesh,,,12.0,7.0,0.0,0.0,i)Large number of houses washed away ii)Loss of property worth Rs. 30 crore reported iii)Extensive damage to road reported iv)Air services disrupted,IMD,1995.0,8.0,19.0
1995-05-09,1995-05-09,1.0,heavy rains,"Lahul And Spiti, Chamba, Kangra, Kullu, Mandi, Kinnaur, Una, Shimla, Solan, Sirmaur, Hamirpur, Bilaspur",Himachal Pradesh,,,19.0,0.0,0.0,0.0,i)Several houses collapsed ii)Chamba district completely cut off following landslides on the Pathankot-Chamba highway,IMD,1995.0,5.0,19.0
1995-12-09,,3.0,severe flood,"Lahul And Spiti, Chamba, Kangra, Kullu, Mandi, Kinnaur, Una, Shimla, Solan, Sirmaur, Hamirpur, Bilaspur",Himachal Pradesh,,,100.0,0.0,0.0,3531.0,"i)Thousands of acres of apple orchard damaged in Kullu ii)32,000 houses dmaged iii)Property worth Rs. 265 crore damaged iv)Road communication completely suspended",IMD,1995.0,12.0,100.0
1995-07-05,1995-08-05,2.0,heavy rains,Kollam,Kerala,,,0.0,0.0,0.0,0.0,i)Low lying areas submerged ii)Electric supply disrupted,IMD,1995.0,7.0,0.0
1995-07-05,1995-09-05,3.0,heavy rains,"Ernakulam, Idukki, Thiruvananthapuram",Kerala,,,3.0,5.0,0.0,0.0,"i)Low lying areas submerged ii)250 huts partially damaged ,  16 houses completely,80 partially damaged , 17 houses completely,27 partially damaged",IMD,1995.0,7.0,8.0
1995-07-05,1995-10-05,4.0,heavy rains,"Alappuzha,Kottayam",Kerala,,,2.0,0.0,0.0,0.0,i)8 houses damaged ii)Agriculture property worth Rs. 20 lakh destroyed iii)191 houses in Kottayam district damaged,IMD,1995.0,7.0,2.0
1995-07-05,1995-11-05,5.0,heavy rains,"Kozhikode, Pathanamthitta",Kerala,,,0.0,0.0,0.0,0.0,"7 houses completely,35 partially damaged , i)2 houses completely,one house partially damaged ii)Extensive damaged to vegetation reported",IMD,1995.0,7.0,0.0
1995-05-07,1995-12-07,8.0,heavy rains,"Idukki, Kasaragod,Kozhikode",Kerala,,,0.0,0.0,0.0,0.0,"i)85 houses fully,198 houses partially damaged ii)Agricultural loss worth Rs. 2 crores reported",IMD,1995.0,5.0,0.0
1995-04-08,1995-04-08,1.0,heavy rains,Kannur,Kerala,,,0.0,0.0,0.0,0.0,i)200 trees uprooted ii)Extensive damaged to vegetation reported,IMD,1995.0,4.0,0.0
1995-02-09,1995-03-09,2.0,heavy rains,"Alappuzha, Idukki,Wayanad",Kerala,,,2.0,1.0,0.0,0.0,i)Low lying areas flooded ii)Many houses collapsed iii)Hundreds of rubber/coconut trees uprooted iv)Extensive damage to vegetation reported,IMD,1995.0,2.0,3.0
1995-07-10,1995-07-10,1.0,heavy rains,"Kozhikode,Thiruvananthapuram",Kerala,,,1.0,0.0,0.0,0.0,"i)Many houses,compound walls collapsed ii)Hundreds of cocomut/mango/jackfruit trees uprooted iii)Heavy damage to pepper plants reported",IMD,1995.0,7.0,1.0
1995-08-08,1995-08-08,1.0,heavy rains,"Indore,Morena",Madhya Pradesh,,,0.0,0.0,0.0,0.0,"i)Low lying areas flooded ii)Virpura dam breached iii)Road link between Gwalior,Shirpur washed away iv)Railway lines between Urai abd Rangapur washed away",IMD,1995.0,8.0,0.0
1995-03-09,1995-03-09,1.0,heavy rains,"Guna,Indore",Madhya Pradesh,,,0.0,0.0,0.0,0.0,"Road communication between Bhopal-Nagpur, Bhopal-Indore, Bhopal-Guna completely suspended ",IMD,1995.0,3.0,0.0
1995-08-07,1995-08-07,1.0,heavy rains,Nashik,Maharashtra,,,0.0,4.0,0.0,0.0,,IMD,1995.0,8.0,4.0
1995-01-08,1995-01-08,1.0,heavy rains,Mumbai,Maharashtra,,,2.0,1.0,0.0,0.0,i)Low lying areas submerged ii)Vehicular traffic completely disrupted iii)Local train services completely disrupted due to flooding of rilway tracks iv)Several long distance trains terminated at Karjat,IMD,1995.0,1.0,3.0
1995-01-09,1995-01-09,1.0,heavy rains,"Kolhapur, Nanded,Yavatmal",Maharashtra,,,7.0,2.0,0.0,0.0,"i)Normal life paralysed ii)Vehicular traffic disrupted , Extensive damage to property reported",IMD,1995.0,1.0,9.0
1995-01-09,1995-02-09,2.0,heavy rains,"Mumbai,Thane",Maharashtra,,,5.0,0.0,0.0,0.0,"i)Low lying areas flooded ii)Normal life paralysed iii)Local train services disrupted iv)Long distance trains delayed v)The basement of General Post Office C.S. Terminus flood,500 bundles of mail destroyed vi)Mumbai-Pune Express train/Air line services delayed",IMD,1995.0,1.0,5.0
1995-08-05,1995-10-05,3.0,severe flood,"Bhadrak, Dhenkanal, Jajapur, Subarnapur, Nuapada, Balangir, Boudh, Cuttack, Kandhamal, Nayagarh, Khordha, Kalahandi, Jagatsinghapur, Puri, Nagpur, Rayagada, Koraput, Malkangiri, Anugul, Kendrapara, Ganjam, Gajapati, Mayurbhanj, Sundargarh, Kendujhar, Baleshwar, Jharsuguda, Bargarh, Deogarh, Sambalpur",Odisha,,,8.0,0.0,0.0,0.0,"i)Manny people rendered homeless ii)Hundreds of mud houses razed to the ground iii)In Gunjam, 200 villages inundated,thousand,thousands of people marooned iv)Road link between all southern districts disrupted due to the brwaches on National highway at Hama,Ichhapur at Bhubaneswar v)Extensive damage to crops reported",IMD,1995.0,8.0,8.0
1995-02-08,1995-02-08,1.0,heavy rains,Khordha,Odisha,,,0.0,0.0,0.0,0.0,A bridge over Khurda Bhogara road collapsed,IMD,1995.0,2.0,0.0
1995-08-08,1995-10-08,3.0,severe flood,Kendujhar,Odisha,,,0.0,0.0,0.0,0.0,"i)104 villages under 12 Gram Panchayat in 3 blocks of Anandpur affected ii)Extensive damage to crop reported iii)Embankment of river Baitarain breached at Samna, Habakswar, Agira, Salabani,Jamdhira",IMD,1995.0,8.0,0.0
1995-07-10,1995-10-10,4.0,heavy rains,Cuttack,Odisha,,,0.0,0.0,0.0,0.0,i)Low lying areas submerged ii)Extensive damage to Rabi crop reported iii)Several thatched houses razed to ground,IMD,1995.0,7.0,0.0
1995-07-10,1995-11-10,5.0,heavy rains,Kendrapara,Odisha,,,0.0,0.0,0.0,0.0,i)Many lying areas inundated ii)Rainwater entered in many houses,IMD,1995.0,7.0,0.0
1995-08-10,,7.0,heavy rains,Gajapati,Odisha,,,0.0,0.0,0.0,0.0,i)Low lying areas inundated ii)Cropland submerged,IMD,1995.0,8.0,0.0
1995-08-10,,10.0,heavy rains,Ganjam,Odisha,,,0.0,0.0,0.0,0.0,"i)Paddy crop in 786 hectares of cropland submerged ii)More than 1,000 mud houses collapsed iii)The crop in 395 hectares of area damaged",IMD,1995.0,8.0,0.0
1995-06-08,1995-07-08,2.0,heavy rains,Amritsar,Punjab,,,10.0,0.0,0.0,0.0,,IMD,1995.0,6.0,10.0
1995-08-08,1995-08-08,1.0,heavy rains,Ferozepur,Punjab,,,2.0,0.0,0.0,0.0,,IMD,1995.0,8.0,2.0
1995-10-08,1995-10-08,1.0,heavy rains,Faridkot,Punjab,,,1.0,1.0,0.0,0.0,,IMD,1995.0,10.0,2.0
1995-12-08,1995-12-08,1.0,heavy rains,Ferozepur,Punjab,,,1.0,0.0,0.0,0.0,,IMD,1995.0,12.0,1.0
1995-05-09,1995-05-09,1.0,heavy rains,Jalandhar,Punjab,,,3.0,0.0,0.0,0.0,i)Normal life completely paralysed ii)Thousands of families,IMD,1995.0,5.0,3.0
1995-09-09,1995-09-09,1.0,heavy rains,"Amritsar, Ferozepur,Kapurthala",Punjab,,,7.0,0.0,0.0,0.0,"i)Large number of villages marooned ii)Extensive damage to property,crop reported",IMD,1995.0,9.0,7.0
1995-12-09,,2.0,flash flood,"Faridkot, Gurdaspur,Kapurthala",Punjab,,,20.0,0.0,0.0,0.0,"i)688 villages affected ii)In Faridkot district 455 villages affected, crop worth Rs. 170 crore dmaged,property worth Rs. 250 crore lost iii)Fencing wall on the Indo-Pak border damaged at many places",IMD,1995.0,12.0,20.0
1995-10-07,1995-10-07,1.0,heavy rains,Kota,Rajasthan,,,0.0,1.0,0.0,0.0,,IMD,1995.0,10.0,1.0
1995-01-08,1995-07-08,7.0,heavy rains,"Bharatpur, Jaipur,Sawai Madhopur",Rajasthan,,,0.0,0.0,0.0,0.0,"i)Hundreds of villages inundated ii)Rail,road traffic disrupted",IMD,1995.0,1.0,0.0
1995-06-08,1995-06-08,1.0,heavy rains,Ajmer,Rajasthan,,,0.0,4.0,0.0,0.0,,IMD,1995.0,6.0,4.0
1995-09-08,,5.0,severe flood,"Alwar, Bharatpur,Nagaur",Rajasthan,,,10.0,0.0,0.0,0.0,i)150 villages affected ii)Extensive damage to crops reported,IMD,1995.0,9.0,10.0
1995-04-09,1995-05-09,2.0,heavy rains,"Ajmer,Alwar",Rajasthan,,,10.0,0.0,0.0,0.0,i)Twelve villages in Alwar district marooned ii)7 dams breached,IMD,1995.0,4.0,10.0
1995-08-09,1995-08-09,1.0,heavy rains,Bharatpur,Rajasthan,,,1.0,0.0,0.0,0.0,1 dam breached,IMD,1995.0,8.0,1.0
1995-10-09,1995-10-09,1.0,heavy rains,Jodhpur,Rajasthan,,,0.0,0.0,0.0,0.0,12 houses damaged,IMD,1995.0,10.0,0.0
1995-06-09,1995-06-09,1.0,heavy rains,Gangtok,Sikkim,,,24.0,0.0,0.0,0.0,"2 houses completely,6 wooden houses partially damaged at Decrate Bazar",IMD,1995.0,6.0,24.0
1995-06-05,1995-06-05,1.0,heavy rains,Kanniyakumariumari,Tamil Nadu,,,12.0,0.0,0.0,0.0,i)Low lying areas flooded ii)Train services disrupted iii)Power services disrupted,IMD,1995.0,6.0,12.0
1995-07-09,1995-11-09,5.0,heavy rains,Kancheepuram,Tamil Nadu,,,0.0,0.0,0.0,0.0,i)Several trees uprooted ii)Vehicular traffic disrupted,IMD,1995.0,7.0,0.0
1995-02-11,1995-08-11,7.0,heavy rains,"Nagapattinam,Thanjavur",Tamil Nadu,,,14.0,0.0,0.0,0.0,"i)Many low lying areas flooded ii)Samba crop in 4,500 hectares of land damaged iii)Vehicular traffic completely disrupted",IMD,1995.0,2.0,14.0
1995-08-06,1995-08-06,1.0,heavy rains,"North Tripura, Dhalai, Sepahijala, Gomati, Khowai, West Tripura, South Tripura, Unakoti",Tripura,,,1.0,0.0,0.0,0.0,i)Several houses damaged ii)Extensive damaged to crop reported,IMD,1995.0,8.0,1.0
1995-05-06,1995-05-06,1.0,flash flood,"North Tripura, Dhalai, Sepahijala, Gomati, Khowai, West Tripura, South Tripura, Unakoti",Tripura,,,1.0,0.0,0.0,0.0,"Extensive dmaged to houses,crops reported",IMD,1995.0,5.0,1.0
1995-03-09,1995-03-09,1.0,heavy rains,Meerut,Uttar Pradesh,,,40.0,0.0,0.0,0.0,One 5 storeyed hotel (Shere Punjab razed to ground,IMD,1995.0,3.0,40.0
1995-09-09,1995-09-09,1.0,heavy rains,Hardoi,Uttar Pradesh,,,3.0,0.0,0.0,0.0,,IMD,1995.0,9.0,3.0
1995-11-05,,3.0,flash flood,Purba Medinipur,West Bengal,,,0.0,0.0,0.0,0.0,"i)Vast areas of 13 coastal blocks,2 municipal areas flooded ii)156 mud houses collapsed iii)160 families rendered homeless",IMD,1995.0,11.0,0.0
1995-05-07,1995-05-07,1.0,heavy rains,Nadia,West Bengal,,,0.0,1.0,0.0,0.0,"i)Many low lying areas of Krishnanagar,Santipur,Ranaghat flooded ii)Power supply completely disrupted iii)Train/bus services suspended",IMD,1995.0,5.0,1.0
1995-05-07,1995-11-07,7.0,heavy rains,"Cooch Behar, Darjeeling,Jalpaiguri",West Bengal,,,0.0,0.0,0.0,0.0,"i)Hundreds of families rendered homeless ii)Cooch Behar,Jalpaiguri completely cut off from the rest of the country as the road/railway communication suspended",IMD,1995.0,5.0,0.0
1995-10-07,1995-10-07,1.0,heavy rains,Dakshin Dinajpur,West Bengal,,,0.0,0.0,0.0,0.0,"About 11,000 people at Haldarpara, Aiotri colony,A.K. Gopalan colony of Balurghat city rendered homeless",IMD,1995.0,10.0,0.0
1995-03-08,1995-03-08,1.0,heavy rains,"Kolkata,neighbourhood",West Bengal,,,1.0,0.0,0.0,0.0,"i)Normal life paralysed ii)Vehicular traffic worst hit iii)Train services on different sections of Sealdah,Howrah suspended",IMD,1995.0,3.0,1.0
1995-12-08,1995-12-08,1.0,heavy rains,Dakshin Dinajpur,West Bengal,,,0.0,0.0,0.0,0.0,i)Several mud houses collapsed ii)Large number of people shifted to safer places,IMD,1995.0,12.0,0.0
1995-03-09,1995-03-09,1.0,heavy rains,South 24 Parganas,West Bengal,,,3.0,0.0,0.0,0.0,,IMD,1995.0,3.0,3.0
1995-04-09,1995-04-09,1.0,heavy rains,Purba Medinipur,West Bengal,,,2.0,0.0,0.0,0.0,3 fishing trawlers carrying Twenty Four fishermen capsized at Digha,IMD,1995.0,4.0,2.0
1995-05-09,1995-05-09,1.0,heavy rains,"Birbhum, Kolkata",West Bengal,,,0.0,0.0,0.0,0.0,"1 boat carrying 30 persons capsized, i)Two houses partly collapsed ii)Vehicular traffic disrupted iii)Subarban train services disrupted iv)Circular railway services suspended v)Many long distance trains delayed",IMD,1995.0,5.0,0.0
1995-10-09,1995-10-09,1.0,flash flood,Paschim Purba Medinipur,West Bengal,,,3.0,0.0,0.0,0.0,"i)3,75,000 people affected ii)12,000 houses damaged iii)Embankmentof a river at Toplarkhal in Panskara breached iv)National highway No.6 washed away causing Ghatal subdivision completely cut off from rest of the district",IMD,1995.0,10.0,3.0
1995-12-09,,2.0,heavy rains,Malda,West Bengal,,,0.0,0.0,0.0,0.0,i)Several houses swept away ii)Many single storeyed pucca buildings damaged,IMD,1995.0,12.0,0.0
1995-08-10,1995-08-10,1.0,heavy rains,Howrah,West Bengal,,,0.0,0.0,0.0,0.0,"i)Low lying areas flooded ii)Normal life paralysed iii)Train,bus services dirupted",IMD,1995.0,8.0,0.0
1995-08-10,1995-09-10,2.0,heavy rains,Purba Medinipur,West Bengal,,,0.0,0.0,0.0,0.0,"i)60 huts damaged at Purba Mukundpur in Digha ii)Debra,Ghatal submerged under waist deep water",IMD,1995.0,8.0,0.0
1995-09-11,1995-09-11,1.0,heavy rains,"Kolkata, Hooghly",West Bengal,,,1.0,2.0,0.0,0.0,i)Normal life completely paralysed ii)Different parts of Northa Kolkata submerged iii)City traffic collapsed as major through faces remained under several feed of water iv)Metro railway services badly damaged,IMD,1995.0,9.0,3.0
1995-10-11,1995-10-11,1.0,heavy rains,Kolkata,West Bengal,,,2.0,0.0,0.0,0.0,,IMD,1995.0,10.0,2.0
1995-03-08,1995-03-08,1.0,heavy rains,Chandigarh,Punjab,,,0.0,0.0,0.0,0.0,Water/electricity/communication system disrupted,IMD,1995.0,3.0,0.0
1995-04-09,1995-04-09,1.0,heavy rains,"North, North East, West, East, South West, Central, New New Delhi, South, Shahdara, South East, North West",Delhi,,,0.0,0.0,0.0,0.0,i)Several houses submerged ii)Several trains either cancelled or delayed,IMD,1995.0,4.0,0.0
1995-06-09,1995-07-09,2.0,heavy rains,"North, North East, West, East, South West, Central, New New Delhi, South, Shahdara, South East, North West",Delhi,,,2.0,0.0,0.0,0.0,i)Low lying areas in Northwest Delhi flooded ii)Large number of people shifted to safer place,IMD,1995.0,6.0,2.0
1995-09-09,1995-09-09,1.0,heavy rains,"North, North East, West, East, South West, Central, New New Delhi, South, Shahdara, South East, North West",Delhi,,,1.0,0.0,0.0,0.0,,IMD,1995.0,9.0,1.0
1996-01-08,,31.0,severe flood,"Adilabad, East Godavari, Guntur, Hyderabad, Krishna, Medak,Nizamabad, Visakhapatnam , Vizianagaram",Andhra Pradesh,,,68.0,0.0,0.0,0.0,Total estimated loss of Rs. 110 crores reported,IMD,1996.0,1.0,68.0
1996-01-09,,30.0,severe flood,"Ananthapuramuamu, Y.S.R., Hyderabad, Kurnool",Andhra Pradesh,,,33.0,0.0,0.0,0.0,Loss pf public property worth Rs. 50 crores reported,IMD,1996.0,1.0,33.0
1996-01-10,1996-03-10,3.0,severe flood,"Adilabad, Ananthapuramuamu, East Godavari, Guntur, Kurnool, Medak,  Sri Potti Sriramulu Nellore,Nizamabad, Prakasam, Visakhapatnam, Vizianagaram",Andhra Pradesh,,,61.0,0.0,0.0,154.0,"i)4,48,974 hectares of crop area affected ii)4,207 houses fully,13,851 houses partially damaged iii)2,318 bridge/culvert damaged iv)2,114 irrigation channels breached v)Total loss estimated to worth Rs. 262.53 crores",IMD,1996.0,1.0,61.0
1996-12-05,1996-12-05,1.0,flash flood,Nalbari,Assam,,,0.0,0.0,0.0,0.0,i)Low lying areas inundated due to breached of a portion of the embankment of river Marapagladia ii)Standing crops damaged,IMD,1996.0,12.0,0.0
1996-08-06,1996-08-06,1.0,flash flood,Dhemaji,Assam,,,0.0,0.0,0.0,0.0,About 12 villages in western part of thee district inundated ii)Standing crops damaged,IMD,1996.0,8.0,0.0
1996-12-08,1996-03-09,23.0,severe flood,"Cachar, Darrang, Dhemaji, Golaghat, Jorhat, Kamrup, Karimganj, Nagaon, Sivasagar,Sonitpur",Assam,,,7.0,0.0,0.0,0.0,i)95 villages affected ii)Large area of crop land inundated damaging standing crop iii)One railway bridge washed away disrupting railway services,IMD,1996.0,12.0,7.0
1996-01-07,,31.0,severe flood,"Pashchim Champaran, Purbi Champaran, Sitamarhi, Sheohar, Gopalganj, Samastipur, Katihar, Khagaria, Bhojpur, Buxar, Darbhanga, Saharsa, Kaimur (Bhabua), Rohtas, Jamui, Banka, Nawada, Gaya, Munger, Vaishali, Begusarai, Bhagalpur, Lakhisarai, Sheikhpura, Arwal, Jehanabad, Nalanda, Patna, Saran, Siwan, Muzaffarpur, Madhepura, Araria, Supaul, Madhubani, Purnia, Kishanganj, Aurangabad",Bihar,,,25.0,0.0,0.0,0.0,i)In all 18 districts affected ii)Standing crops in 1.28 lakh hectares worth Rs. 407.17 lakh damaged iii)More than 30 lakh people affected,IMD,1996.0,1.0,25.0
1996-01-08,1996-07-08,7.0,severe flood,"Araria, Madhubani, Saharsa, Sitamarhi",Bihar,,,51.0,0.0,0.0,0.0,,IMD,1996.0,1.0,51.0
1996-03-08,1996-03-08,1.0,heavy rains,Rohtak,Haryana,,,0.0,0.0,0.0,0.0,Several parts of the town including a civil hospital flooded,IMD,1996.0,3.0,0.0
1996-10-08,,6.0,heavy rains,"Jhajjar, Gurugram, Faridabad, Mahendragarh, Rewari, Nuh, Palwal, Charki Dadri, Yamunanagar, Kurukshetra, Kaithal, Sirsa, Karnal, Jind, Fatehabad, Hisar, Panipat, Sonipat, Bhiwani, Rohtak, Panchkula, Ambala",Haryana,,,0.0,0.0,0.0,0.0,i)Normal life paralysed ii)Several villages flooded,IMD,1996.0,10.0,0.0
1996-08-09,1996-10-09,3.0,heavy rains,"Jhajjar, Gurugram, Faridabad, Mahendragarh, Rewari, Nuh, Palwal, Charki Dadri, Yamunanagar, Kurukshetra, Kaithal, Sirsa, Karnal, Jind, Fatehabad, Hisar, Panipat, Sonipat, Bhiwani, Rohtak, Panchkula, Ambala",Haryana,,,1.0,0.0,0.0,0.0,Normal life completely paralysed,IMD,1996.0,8.0,1.0
1996-01-07,1996-01-07,1.0,heavy rains,Bilaspur,Himachal Pradesh,,,2.0,1.0,0.0,0.0,,IMD,1996.0,1.0,3.0
1996-03-08,1996-03-08,1.0,heavy rains,Hamirpur,Himachal Pradesh,,,2.0,0.0,0.0,350.0,"Power/water supply,telecommunication services disrupted",IMD,1996.0,3.0,2.0
1996-08-09,1996-09-09,2.0,heavy rains,"Lahul And Spiti, Chamba, Kangra, Kullu, Mandi, Kinnaur, Una, Shimla, Solan, Sirmaur, Hamirpur, Bilaspur",Himachal Pradesh,,,3.0,0.0,0.0,0.0,"i)Normal life completely paralysed ii)350 bighas of agricultural land washed away iii)4 houses collapsed iv)2 bridges washed away v)Kalka-Shimla Chamba-Pathankot,Hindustan-Tibet highways closed due to landslide",IMD,1996.0,8.0,3.0
1996-11-08,1996-11-08,1.0,heavy rains,Bengaluru Rural,Karnataka,,,2.0,7.0,0.0,0.0,"i)Low lying areas flooded ii)Many compound walls collapsed iii)Trees,electric uprooted",IMD,1996.0,11.0,9.0
1996-01-08,,31.0,severe flood,"Beedar, Kalaburagi, Belagavi, Yadgir, Bagalkotee, Raichur, Koppal, Gadag, Ballari, Dharwad, Uttar Kashia Kannada, Haveri, Chitradurga, Davangere, Shivamogga, Udupi, Chikkamagaluru, Chikkaballapura, Hassan, Kolar, Bengaluru Rural, Dakshina Kannada, Bengaluru Urban, Kodagu, Chamarajanagaraa, Tumakuru, Ramanagara, Mandya, Mysuru, Vijayapura",Karnataka,,,137.0,0.0,0.0,4456.0,"i)Crop worth Rs. 3.16 crores in 22,657 acres dmaged ii)898 houses fully,11,795 houses partially collapsed iii)The total loss to private the public property worth Rs. 24.31 crores, reported",IMD,1996.0,1.0,137.0
1996-01-10,1996-02-10,2.0,heavy rains,"Belagavi, Ballari, Dharwad, Raichur",Karnataka,,,15.0,12.0,0.0,0.0,i)Many houses collapsed ii)Cinema tent collapsed,IMD,1996.0,1.0,27.0
1996-03-06,1996-03-06,1.0,heavy rains,Kottayam,Kerala,,,0.0,0.0,0.0,0.0,"Widespread damage to property,agriculture at Manimala panchayat areas reported",IMD,1996.0,3.0,0.0
1996-08-08,1996-08-08,1.0,heavy rains,Thiruvananthapuram,Kerala,,,0.0,0.0,0.0,0.0,"4 houses daaged at Kadinamkulam,Puthakurichy area",IMD,1996.0,8.0,0.0
1996-12-08,1996-12-08,1.0,heavy rains,Idukki,Kerala,,,0.0,0.0,0.0,0.0,"Widespread damaged to property,agriculture reported",IMD,1996.0,12.0,0.0
1996-11-09,1996-11-09,1.0,heavy rains,Idukki,Kerala,,,0.0,0.0,0.0,0.0,"Widespread damaged to property,agriculture at Cheruli,Chelachuvadu reported",IMD,1996.0,11.0,0.0
1996-01-07,1996-01-07,1.0,heavy rains,Bilaspur,Madhya Pradesh,,,2.0,1.0,0.0,0.0,,IMD,1996.0,1.0,3.0
1996-04-08,1996-04-08,1.0,heavy rains,Damoh,Madhya Pradesh,,,2.0,0.0,0.0,0.0,"i)Low lying areas in Rakhlaolo,NOtha villages flooded ii)Many Kachchhcha houses collapsed",IMD,1996.0,4.0,2.0
1996-05-08,1996-05-08,1.0,heavy rains,Bhopal,Madhya Pradesh,,,0.0,0.0,0.0,0.0,Air services affected,IMD,1996.0,5.0,0.0
1996-09-06,1996-09-06,1.0,heavy rains,Thane,Maharashtra,,,4.0,8.0,0.0,0.0,,IMD,1996.0,9.0,12.0
1996-02-07,1996-02-07,1.0,heavy rains,Mumbai,Maharashtra,,,0.0,0.0,0.0,0.0,"Overhead equipments of trains damaged,the tracks submerged under 8 inches of water",IMD,1996.0,2.0,0.0
1996-11-07,1996-11-07,1.0,heavy rains,Mumbai,Maharashtra,,,1.0,11.0,0.0,0.0,,IMD,1996.0,11.0,12.0
1996-04-09,1996-04-09,1.0,heavy rains,Solapur,Maharashtra,,,0.0,2.0,0.0,0.0,,IMD,1996.0,4.0,2.0
1996-10-09,,6.0,severe flood,"Beed, Latur, Nanded",Maharashtra,,,8.0,0.0,0.0,0.0,"i)Low lying areas inundated ii)Many houses damaged,a few collapsed iii)Damage of pulses crop reported iv)Latur-Hyderabad national highway affected,remain closed for traffic",IMD,1996.0,10.0,8.0
1996-02-10,1996-02-10,1.0,heavy rains,Pune,Maharashtra,,,4.0,2.0,0.0,0.0,"i)Low lying areas inundated ii)Many trees uprooted iii)Railway,road traffic affected iv)Many mud houses collapsed",IMD,1996.0,2.0,6.0
1996-05-10,1996-05-10,1.0,heavy rains,Sangli,Maharashtra,,,4.0,0.0,0.0,0.0,,IMD,1996.0,5.0,4.0
1996-08-10,1996-08-10,1.0,heavy rains,Champhai,Mizoram,,,0.0,0.0,0.0,0.0,Road communication disrupted,IMD,1996.0,8.0,0.0
1996-03-08,1996-03-08,1.0,heavy rains,"Gurdaspur, Hoshiarpur, Amritsar, Jalandhar, Tarn Taran, Rupnagar, Shahid Bhagat Singh Nagar, Fazilka, Moga, Ludhiana, S.A.S Nagar*, Faridkot, Fatehgarh Sahib, Sri Sri Muktsar Sahib Sahib, Sangrur, Barnala, Bathinda, Patiala, Mansa, Ferozepur, Pathankot, Kapurthala",Punjab,,,0.0,0.0,0.0,0.0,i)Low lying areas flooded ii)Flood water entered into shopping complex causing great damage,IMD,1996.0,3.0,0.0
1996-09-09,1996-09-09,1.0,heavy rains,Patiala,Punjab,,,1.0,0.0,0.0,0.0,,IMD,1996.0,9.0,1.0
1996-06-08,1996-06-08,1.0,heavy rains,"Bharatpur, Jodhpur",Rajasthan,,,2.0,0.0,0.0,0.0,Number of houses collapsed,IMD,1996.0,6.0,2.0
1996-05-09,1996-05-09,1.0,heavy rains,Ajmer,Rajasthan,,,1.0,0.0,0.0,0.0,Low lying areas flooded,IMD,1996.0,5.0,1.0
1996-08-09,1996-09-09,2.0,heavy rains,"Ajmer, Alwar, Bharatpur",Rajasthan,,,13.0,0.0,0.0,0.0,,IMD,1996.0,8.0,13.0
1996-05-10,1996-05-10,1.0,heavy rains,Gangtok,Sikkim,,,7.0,0.0,0.0,0.0,,IMD,1996.0,5.0,7.0
1996-12-12,,7.0,heavy rains,"Thiruvallur, Chennai, Krishnagiri, Tiruvannamalai, Dharmapuri, Salem, Erode, The Nilgiris, Namakkal, Perambalur, Coimbatore, Tiruchirappalli, Ariyalur, Tiruppur, Thanjavur, Karur, Thiruvarur, Dindigul, Madurai, Theni, Virudhunagar, Thoothukkudi, Kanniyakumariumari, Viluppuram, Cuddalore, Pudukkottai, Sivaganga, Ramanathapuram, Nagapattinam, Kallakurichi, Tenkasi, Tirunelveli, Vellore, Ranipet, Tirupathur, Kancheepuram, Chengalpattu",Tamil Nadu,,,135.0,0.0,0.0,2738.0,"i)3.05 lakh houses fully,3.55 lakh houses partially damaged ii)Paddy crop in 1,89,791 hectares completely,85,122 hectares partially submerged iii)Embankment of 1,333 lakes completely,981 partially breached iv)8,576 km road damaged v)976 culverts,62 big bridges damaged vi)Train services between Chennai,Trichy affected due to inundation vii)Total loss estimated Rs. 1,090 crore",IMD,1996.0,12.0,135.0
1996-02-07,1996-02-07,1.0,heavy rains,West Tripura,Tripura,,,8.0,40.0,0.0,0.0,"i)Property worth more than one crore damged ii)Large number of houses,shops damaged",IMD,1996.0,2.0,48.0
1996-12-07,,2.0,severe flood,"Cooch Behar, Darjeeling, Jalpaiguri",West Bengal,,,100.0,0.0,0.0,0.0,"i)5,50,000 people affected while one lakh people rendered homeless ii)In Kalimpong, heavy damage to roads reported due to land slides. 18 houses collapsed",IMD,1996.0,12.0,100.0
1996-07-08,1996-07-08,1.0,heavy rains,Kolkata,West Bengal,,,0.0,0.0,0.0,0.0,"i)Normal life paralysed ii)Low lying areas flooded iii)Tram/Train services,road traffic in the suburbs affected",IMD,1996.0,7.0,0.0
1996-09-08,1996-10-08,2.0,flash flood,"Hooghly, Murshidabad, Nadia",West Bengal,,,2.0,0.0,0.0,0.0,"i)More than one lakh people marooned in Murshidabad while 10,000 people marooned in Nadia district ii)3 lakh people marooned in Hooghly district iii)2,000 mud-houses collapsed in Hooghly district",IMD,1996.0,9.0,2.0
1997-08-09,,7.0,heavy rains,"Ananthapuramu, Chittoor, Guntur, Krishna, Kurnool, Prakasam",Andhra Pradesh,,,44.0,0.0,0.0,0.0,1500 families rendered homeless,IMD,1997.0,8.0,44.0
1997-03-06,1997-03-06,1.0,heavy rains,Itanagar,Arunachal Pradesh,,,0.0,0.0,0.0,0.0,Itanagar cut off from rest of the state due to landslides,IMD,1997.0,3.0,0.0
1997-01-06,1997-01-06,1.0,flash flood,Dhemaji,Assam,,,0.0,0.0,0.0,0.0,"Road communication between Dhemaji,Jonai disrupted",IMD,1997.0,1.0,0.0
1997-10-06,,21.0,severe floods,"Barpeta, Dhemaji, Goalpara, Jorhat, Lakhimpur, Nalbari",Assam,,,1.0,0.0,0.0,0.0,"i)32,641 hectares of land affected ii)Population affected 92,332 iii)Road communication disrupted iv)Relief camps opened to provide succour to the affected people",IMD,1997.0,10.0,1.0
1997-05-07,1997-05-07,1.0,flash flood,Sonitpur,Assam,,,0.0,0.0,0.0,0.0,3 villages in Dhekiajuli sub division inundated affecting 186 families,IMD,1997.0,5.0,0.0
1997-08-07,,14.0,severe floods,"Tinsukia, Dhemaji, Dibrugarh, Lakhimpur, Sivasagar, Jorhat, Sonitpur, Golaghat, Udalguri, Chirang, Baksa, Nagaon, Kokrajhar, Darrang, Barpeta, Nalbari, Marigaon, Kamrup, Bongaigaon, Dhubri, Kamrup Metro, Goalpara, Dima Hasao, Cachar, Karimganj, Hailakandi, Charaideo, Majuli, Biswanath, Hojai, South Salmara Mancachar, Karbi Anglong, West Karbi Anglong",Assam,,,10.0,0.0,0.0,0.0,i)3016 villages affected ii)Approx. 5.16 lakh hectares of the land affected iv)4770 houses damaged v)Road communication on National Highway Nos 52 & 53 affected,IMD,1997.0,8.0,10.0
1997-02-07,1997-02-07,1.0,heavy rains,Madhubani,Bihar,,,0.0,0.0,0.0,0.0,i)Telephone wires snapped at amny places ii)Electric supply disrupted iii)Paddy crop damaged,IMD,1997.0,2.0,0.0
1997-01-08,,21.0,severe flood,"Pashchim Champaran, Purbi Champaran, Sitamarhi, Sheohar, Gopalganj, Samastipur, Katihar, Khagaria, Bhojpur, Buxar, Darbhanga, Saharsa, Kaimur (Bhabua), Rohtas, Jamui, Banka, Nawada, Gaya, Munger, Vaishali, Begusarai, Bhagalpur, Lakhisarai, Sheikhpura, Arwal, Jehanabad, Nalanda, Patna, Saran, Siwan, Muzaffarpur, Madhepura, Araria, Supaul, Madhubani, Purnia, Kishanganj, Aurangabad",Bihar,,,65.0,0.0,0.0,0.0,i)55 lakh inhabiants in 20 districts affected ii)Standing crop destroyed iii)Many houses collapsed,IMD,1997.0,1.0,65.0
1997-07-08,1997-07-08,1.0,heavy rains,Kheda,Gujarat,,,5.0,0.0,0.0,0.0,,IMD,1997.0,7.0,5.0
1997-09-12,1997-09-12,1.0,heavy rains,Yamunanagar,Haryana,,,1.0,0.0,0.0,0.0,,IMD,1997.0,9.0,1.0
1997-02-08,1997-02-08,1.0,heavy rains,Chamba,Himachal Pradesh,,,8.0,0.0,0.0,150.0,,IMD,1997.0,2.0,8.0
1997-03-08,1997-03-08,1.0,heavy rains,"Lahul And Spiti, Shimla",Himachal Pradesh,,,3.0,0.0,0.0,0.0,Landslide reported,IMD,1997.0,3.0,3.0
1997-11-08,1997-12-08,2.0,flash flood,"Kinnaur, Shimla",Himachal Pradesh,,,140.0,0.0,0.0,0.0,"i)Equipment like tankers, jeeps of Nathpa-Jhakri Power Corporation Hydro-Electric project swept away ii)Property worth crores of rupees destroyed iii)One hundred houses destroyed due to landslides",IMD,1997.0,11.0,140.0
1997-10-11,1997-10-11,1.0,heavy rains,Lahul And Spiti,Himachal Pradesh,,,0.0,0.0,0.0,0.0,"i)Several villages flooded ii)Manali-Leh highway blocked,21 passenger buses stranded",IMD,1997.0,10.0,0.0
1997-10-07,,4.0,heavy rains,Dakshina Kannada,Karnataka,,,10.0,0.0,0.0,0.0,"i)15 houses collapsed ii)39 houses partially damaged iii)10 hectares of agricultural land submerged iv)1,139 km road damaged v)76 bridges damaged vi)Total estimated loss of Rs 9.22 crore reported",IMD,1997.0,10.0,10.0
1997-01-10,1997-01-10,1.0,heavy rains,Bengaluru Rural,Karnataka,,,4.0,20.0,0.0,0.0,i)Low lying areas inundated ii)Several huts in Slum area swept away,IMD,1997.0,1.0,24.0
1997-04-10,1997-04-10,1.0,flash flood,Dharwad,Karnataka,,,6.0,3.0,0.0,0.0,,IMD,1997.0,4.0,9.0
1997-07-05,1997-07-05,1.0,heavy rains,Kottayam,Kerala,,,0.0,0.0,0.0,0.0,i)Damage to property reported ii)Road traffic disrupted due to landslide iii)Loss of vegetables reported,IMD,1997.0,7.0,0.0
1997-01-07,1997-12-07,12.0,heavy rains,"Kannur, Kasaragod, Kottayam, Kozhikode, Malappuram, Thiruvananthapuram",Kerala,,,30.0,0.0,0.0,0.0,Logging of tracks between Aluwa - Ernakulam. Estimated loss to property worth crores of rupees reported,IMD,1997.0,1.0,30.0
1997-08-08,1997-10-08,3.0,heavy rains,"Malappuram, Thiruvananthapuram,Thrissur",Kerala,,,0.0,0.0,0.0,0.0,6 houses collapsed,IMD,1997.0,8.0,0.0
1997-12-09,1997-12-09,1.0,heavy rains,Kottayam,Kerala,,,0.0,0.0,0.0,0.0,"i)Landslides reported ii)Widespread damage to property,agriculture reported iii)Road at Moonnilavu Panchayat washed away",IMD,1997.0,12.0,0.0
1997-03-11,1997-11-11,9.0,heavy rains,"Alappuzha, Idukki, Kottayam, Malappuram,Pathanamthitta",Kerala,,,7.0,2.0,0.0,0.0,i)Trees/electricity/telephone lines uprooted ii)Damage to many houses reported,IMD,1997.0,3.0,9.0
1997-12-01,1997-12-01,1.0,heavy rains,Nashik,Maharashtra,,,0.0,0.0,0.0,0.0,"i)Several trees uprooted ii)Standing crop like grapes, onion, pommegranates affected",IMD,1997.0,12.0,0.0
1997-02-04,1997-02-04,1.0,heavy rains,Nashik,Maharashtra,,,1.0,0.0,0.0,0.0,"i)Normal life paralysed ii)Extensive damage to standing crop, onion, grapes,vegetables reported",IMD,1997.0,2.0,1.0
1997-11-06,1997-11-06,1.0,heavy rains,Pune,Maharashtra,,,0.0,0.0,0.0,0.0,i)Electric supply disrupted ii)Water logging at some places in Pune city iii)Train services delayed,IMD,1997.0,11.0,0.0
1997-05-07,1997-07-07,3.0,heavy rains,"Mumbai, Mumbai Suburban, Raigarh, Ratnagiri, Sindhudurg,Thane",Maharashtra,,,1.0,1.0,0.0,0.0,i)Normal life disrupted ii)Railway communication disrupted iii)Waterlogging at many places reported iv)Business in flower/vegetable/fruit markey affected v)3 cars crushed under a wall collpased at Worli vi)A few trees uprooted,IMD,1997.0,5.0,2.0
1997-06-07,1997-06-07,1.0,heavy rains,Jalgaon,Maharashtra,,,3.0,0.0,0.0,0.0,One house collapsed,IMD,1997.0,6.0,3.0
1997-08-07,,7.0,flash flood,Kolhapur,Maharashtra,,,0.0,0.0,0.0,0.0,i)Many people shifted to safer places from river bank ii)Normal life disrupted due to water logging at many places,IMD,1997.0,8.0,0.0
1997-02-08,1997-02-08,1.0,heavy rains,"Mumbai, Kolhapur",Maharashtra,,,8.0,21.0,0.0,0.0,One building collapsed in South Mumbai,IMD,1997.0,2.0,29.0
1997-07-08,1997-07-08,1.0,heavy rains,Kolhapur,Maharashtra,,,5.0,0.0,0.0,0.0,,IMD,1997.0,7.0,5.0
1997-10-08,1997-10-08,1.0,heavy rains,Pune,Maharashtra,,,1.0,20.0,0.0,0.0,Vehicular traffic on Pune-Thane road disrupted due to landslides near Malshej Ghat,IMD,1997.0,10.0,21.0
1997-02-12,1997-02-12,1.0,heavy rains,Nashik,Maharashtra,,,0.0,0.0,0.0,0.0,Onion crop destroyed at Lasalgaon,IMD,1997.0,2.0,0.0
1997-03-12,1997-03-12,1.0,heavy rains,Jalgaon,Maharashtra,,,0.0,0.0,0.0,0.0,"Banana, cotton crop,vegetables affected",IMD,1997.0,3.0,0.0
1997-04-12,1997-05-12,2.0,heavy rains,"Amravati, Nagpur,Wardha",Maharashtra,,,2.0,0.0,0.0,0.0,i)Many trees uprooted ii)Roof tops of many houses blownaway iii)Damage to crops reported,IMD,1997.0,4.0,2.0
1997-01-12,1997-07-12,7.0,heavy rains,"Pune, Satara",Maharashtra,,,0.0,0.0,0.0,0.0,"i)Normal life paralysed ii)Electric supply disrupted at many places , i)Damage to grape garden reported ii)Estimated loss worth lakhs of rupees reported iii)Rabi crop affected",IMD,1997.0,1.0,0.0
1997-06-12,1997-08-12,3.0,heavy rains,Mumbai,Maharashtra,,,0.0,0.0,0.0,0.0,i)Train services delayed ii)Normal life affected,IMD,1997.0,6.0,0.0
1997-08-12,1997-08-12,1.0,heavy rains,"Kolhapur, Pune, Parbhani, Dharashiv",Maharashtra,,,0.0,0.0,0.0,0.0,"i)Damage to tomato,grape reported iii)Estimated loss worth crores of rupees due to water logging at brick field , 40% rabi crop damaged , 2000 quintal cotton crop damaged in Pathari taluk , Damage to grapes in Tuljapur reported",IMD,1997.0,8.0,0.0
1997-08-12,,7.0,heavy rains,Ahmednagar,Maharashtra,,,0.0,0.0,0.0,0.0,"Jowar, wheat, gram cotton, grapes,vegetable crops damaged",IMD,1997.0,8.0,0.0
1997-10-12,1997-10-12,1.0,heavy rains,Nagpur,Maharashtra,,,0.0,0.0,0.0,0.0,Damage to crops/fruits/vegetables reported,IMD,1997.0,10.0,0.0
1997-01-07,1997-01-07,1.0,flash flood,West Garo Hills,Meghalaya,,,0.0,0.0,0.0,0.0,i)Large areas inundated ii)Standing crops damaged,IMD,1997.0,1.0,0.0
1997-01-08,,21.0,severe floods,"Bhadrak, Dhenkanal, Jajapur, Subarnapur, Nuapada, Balangir, Boudh, Cuttack, Kandhamal, Nayagarh, Khordha, Kalahandi, Jagatsinghapur, Puri, Nagpur, Rayagada, Koraput, Malkangiri, Anugul, Kendrapara, Ganjam, Gajapati, Mayurbhanj, Sundargarh, Kendujhar, Baleshwar, Jharsuguda, Bargarh, Deogarh, Sambalpur",Odisha,,,65.0,0.0,0.0,0.0,i)12 lakh people affected ii)Over 1.41 lakh hectares of land under paddy cultivation damaged,IMD,1997.0,1.0,65.0
1997-04-08,1997-04-08,1.0,flash flood,Patiala,Punjab,,,0.0,37.0,0.0,0.0,,IMD,1997.0,4.0,37.0
1997-01-08,1997-03-08,3.0,heavy rains,"Ajmer, Kota,Sirohi",Rajasthan,,,17.0,0.0,0.0,0.0,i)Several roads closed ii)Many trains diverted iii)Many places in Ajmer district submerged,IMD,1997.0,1.0,17.0
1997-04-10,1997-04-10,1.0,heavy rains,"Ajmer,Bikaner",Rajasthan,,,0.0,1.0,0.0,0.0,Electric wires broken as trees uprooted in Ajmer disrupting power supply,IMD,1997.0,4.0,1.0
1997-08-06,1997-10-06,3.0,heavy rains,Gangtok,Sikkim,,,75.0,60.0,0.0,0.0,"i)Atleast 10 buildings collapsed,500 houses fully,300 partially damaged due to landslides ii)10,000 families rendered homeless iii)Relief camps set up,para-military forces employed for rescue work iv)Loss of property estimated as Rs. 100 crores reported",IMD,1997.0,8.0,135.0
1997-11-08,1997-11-08,1.0,flash flood,Gangtok,Sikkim,,,0.0,0.0,0.0,0.0,"i)In Gangatok, 1000 people affected ii)12 villages washed away due to sudden rise in river Lachundehun",IMD,1997.0,11.0,0.0
1997-01-11,,23.0,heavy rains,"Chengalpattu, Chennai, Nagapattinam, Thanjavur,Tiruchirappalli",Tamil Nadu,,,89.0,0.0,0.0,0.0,"i)97 houses,many huts damaged ii)Crops in 1,21,000 hectares of land submerged iii)All the reserviors were overflown iv)Several roads damaged",IMD,1997.0,1.0,89.0
1997-05-12,,16.0,heavy rains,"Thiruvallur, Chennai, Krishnagiri, Tiruvannamalai, Dharmapuri, Salem, Erode, The Nilgiris, Namakkal, Perambalur, Coimbatore, Tiruchirappalli, Ariyalur, Tiruppur, Thanjavur, Karur, Thiruvarur, Dindigul, Madurai, Theni, Virudhunagar, Thoothukkudi, Kanniyakumariumari, Viluppuram, Cuddalore, Pudukkottai, Sivaganga, Ramanathapuram, Nagapattinam, Kallakurichi, Tenkasi, Tirunelveli, Vellore, Ranipet, Tirupathur, Kancheepuram, Chengalpattu",Tamil Nadu,,,177.0,0.0,0.0,0.0,"i)Nagapattinam, Thanjavur,Tiruvabur districts worst affected ii)Reservior at Chembarampakkam,Red-hills overflown iii)Thousands of people in low lying areas shifted to safer places",IMD,1997.0,5.0,177.0
1997-08-05,1997-08-05,1.0,heavy rains,West Tripura,Tripura,,,1.0,50.0,0.0,0.0,,IMD,1997.0,8.0,51.0
1997-08-07,,7.0,flash flood,Siddharthnagar,Uttar Pradesh,,,6.0,0.0,0.0,0.0,,IMD,1997.0,8.0,6.0
1997-02-09,1997-02-09,1.0,heavy rains,Etawah,Uttar Pradesh,,,4.0,2.0,0.0,0.0,,IMD,1997.0,2.0,6.0
1997-06-09,1997-06-09,1.0,heavy rains,Etawah,Uttar Pradesh,,,3.0,3.0,0.0,0.0,,IMD,1997.0,6.0,6.0
1997-08-12,1997-08-12,1.0,heavy rains,"Amroha, Hapur, Bareilly, Pilibhit, Bulandshahr, Gautam Buddha Nagar, Kheri, Budaun, Bahraich, Shahjahanpur, Aligarh, Kasganj, Mathura, SShrawasti, Sitapur, Hathras, Etah, Hardoi, Farrukhabad, Firozabad, Siddharthnagar, Mainpuri, Mahrajganj, Agra, Gonda, Bara Banki, Kushinagar, Kannauj, Lucknow, Basti, Gorakhpur, Sant Kabir Nagar, Unnao, Etawah, Kanpur nagar Nagar, Auraiya, Ayodhya, Kanpur nagar Dehat, Deoria, Sultanpur, Ambedkar Nagar, Rae Bareli, Jalaun, Azamgarh, Mau, Fatehpur, Ballia, Jaunpur, Jhansi, Banda, Ghazipurr, Kaushambi, Prayagraj, Varanasi, Chitrakoot, Chandauli, Bhadohi, Mirzapur, Lalitpur, Sonbhadra, Amethi, Ghaziabad, Sambhal, Mahoba, Saharanpur, Bijnor, Muzaffarnagar, Baghpat, Meerut, Moradabad, Rampur, Shamli, Balrampur, Hamirpur, Pratapgarh",Uttar Pradesh,,,0.0,0.0,0.0,0.0,"i)80% of the potatoes,mustard destroyed ii)Sowing operation of wheat in 45 lakh hectares delayed",IMD,1997.0,8.0,0.0
1997-01-07,1997-01-07,1.0,flash flood,Purba Medinipur,West Bengal,,,0.0,0.0,0.0,0.0,"i)7 villages in Medinipur district affected ii)300 houses damaged iii)36,000 people were under the grip of flood water",IMD,1997.0,1.0,0.0
1997-05-07,1997-08-07,4.0,heavy rains,Purulia,West Bengal,,,0.0,0.0,0.0,0.0,"i)2,000 people rendered homeless ii)500 mud houses collapsed",IMD,1997.0,5.0,0.0
1997-12-07,1997-12-07,1.0,heavy rains,Darjeeling,West Bengal,,,0.0,0.0,0.0,0.0,Normal life in Likuvi area paralysed due to landslides,IMD,1997.0,12.0,0.0
1997-03-08,1997-03-08,1.0,flash flood,North 24 Parganas,West Bengal,,,0.0,0.0,0.0,0.0,"i)Breaches in the embankments of Ichhamati river reported ii)In Hasnabad, 7 houses washed away,15 families shifted to safer places",IMD,1997.0,3.0,0.0
1997-05-08,1997-05-08,1.0,heavy rains,Purulia,West Bengal,,,0.0,0.0,0.0,0.0,1500 houses in 7 blocks of the district damaged,IMD,1997.0,5.0,0.0
1997-05-08,,9.0,severe floods,Purba Medinipur,West Bengal,,,10.0,11.0,0.0,0.0,"i)Around 7.5 lakh people in 16 blocks affected ii)More than 10,000 mud houses collapsed iii)About 16,000 houses in 15 block collapsed iv)About 90,000 people rendered homeless v)Crops in 50,000 hectares destroyed at Ghatal vi)Telephone exchange in Contai damaged vii)Breaches in the embankment of Kangsabati,Keleghi rivers reported",IMD,1997.0,5.0,21.0
1997-06-08,1997-06-08,1.0,heavy rains,Darjeeling,West Bengal,,,16.0,0.0,0.0,0.0,"20 houses washed away,400 houses damaged due to landslides",IMD,1997.0,6.0,16.0
1997-10-08,1997-10-08,1.0,heavy rains,Darjeeling,West Bengal,,,0.0,1.0,0.0,0.0,"i)Landslides reported ii)In Sonada (Siliguri), 30 houses damaged",IMD,1997.0,10.0,1.0
1997-11-08,1997-11-08,1.0,heavy rains,"Howrah, North 24 Parganas",West Bengal,,,0.0,0.0,0.0,0.0,"Thousands of people were under the grip of flood water at Dasnagar , Vast areas in Barrackpore submerged",IMD,1997.0,11.0,0.0
1997-08-09,1997-08-09,1.0,heavy rains,North 24 Parganas,West Bengal,,,0.0,1.0,0.0,0.0,,IMD,1997.0,8.0,1.0
1997-09-09,1997-09-09,1.0,"heavy rains, flash flood","Purba Medinipur, Nadia",West Bengal,,,0.0,0.0,0.0,0.0,"i)In Cotai, 10,000 mud houses collapsed ii)Many people became homeless , i)40,000 people affected ii)10,000 people became homeless in 5 villages of Nabadwip",IMD,1997.0,9.0,0.0
1998-08-10,,7.0,severe floods,"Srikakulam, Vizianagaram, Visakhapatnam, Krishna, Guntur, East Godavari, Prakasam, Kurnool, Ananthapuramuamu, Sri Potti Sriramulu Nellore, West Godavari, Y.S.R., Chittoor",Andhra Pradesh,,,179.0,0.0,0.0,0.0,"Damage to property,agriculture reported",IMD,1998.0,8.0,179.0
1998-11-12,,6.0,heavy rains,"Srikakulam, Vizianagaram, Visakhapatnam, Krishna, Guntur, East Godavari, Prakasam, Kurnool, Ananthapuramuamu, Sri Potti Sriramulu Nellore, West Godavari, Y.S.R., Chittoor",Andhra Pradesh,,,16.0,0.0,0.0,0.0,"Damage to property,agriculture reported",IMD,1998.0,11.0,16.0
1998-03-06,1998-03-06,1.0,heavy rains,"Cachar, Dhemaji,Dibrugarh, Lakhimpur,Tinsukia",Assam,,,51.0,158.0,0.0,0.0,i)Torrential rain caused worst landslides ii)Dhemaji cut off from other parts of the country,IMD,1998.0,3.0,209.0
1998-10-06,,7.0,severe floods,"Cachar, Darrang, Dhemaji, Dibrugarh, Jorhat, Lakhimpur, Sonitpur,Tinsukia",Assam,,,105.0,0.0,0.0,7184.0,"i)More than 4 lakh people affected ii)Breach in embankment at Sonapur inundated 50 villages iii)National Highway No. 31 submerged iv)Road/rail communications disrupted v)Crops on 34,100 hectares damaged vi)Landslides reported",IMD,1998.0,10.0,105.0
1998-01-07,,31.0,severe floods,"Tinsukia, Dhemaji, Dibrugarh, Lakhimpur, Sivasagar, Jorhat, Sonitpur, Golaghat, Udalguri, Chirang, Baksa, Nagaon, Kokrajhar, Darrang, Barpeta, Nalbari, Marigaon, Kamrup, Bongaigaon, Dhubri, Kamrup Metro, Goalpara, Dima Hasao, Cachar, Karimganj, Hailakandi, Charaideo, Majuli, Biswanath, Hojai, South Salmara Mancachar, Karbi Anglong, West Karbi Anglong",Assam,,,81.0,0.0,0.0,6.0,i)Dhemaji district worst affected. 2/3 of the district submerged under flood water ii)Entire NE region cur-off from rest of the country iii)Embankment of Brahmaputra breached affecting more than 400 villages iv)National Highway No. 31 completely inundated whereas No. 52 damaged at several places v)17 lakh people affected vi)Crop in 1.4 lakh hectares damaged vii)Road/Rail communication disrupted,IMD,1998.0,1.0,81.0
1998-01-08,1998-10-08,10.0,severe floods,"Barpeta, Cachar, Dhemaji, Dhubri, Jorhat,Nalbari",Assam,,,93.0,0.0,0.0,0.0,"i)More than three million people affected ii)98,960 hectares of land including 25,840 hectares of crop-land affected iii)Extensive damage to crops reported iv)National Highway No. 39 submerged v)Road/Rail communication disrupted",IMD,1998.0,1.0,93.0
1998-01-09,1998-11-09,11.0,severe floods,"Tinsukia, Dhemaji, Dibrugarh, Lakhimpur, Sivasagar, Jorhat, Sonitpur, Golaghat, Udalguri, Chirang, Baksa, Nagaon, Kokrajhar, Darrang, Barpeta, Nalbari, Marigaon, Kamrup, Bongaigaon, Dhubri, Kamrup Metro, Goalpara, Dima Hasao, Cachar, Karimganj, Hailakandi, Charaideo, Majuli, Biswanath, Hojai, South Salmara Mancachar, Karbi Anglong, West Karbi Anglong",Assam,,,129.0,0.0,0.0,5.0,"i)National Highway Nos 31, 37, 51,52 flooded, cutting off road communication ii)Many school buildings completely washed away iii)50 lakh population affected iv)2.47 lakh hectares of crop-land affected v)23,000 houses damaged",IMD,1998.0,1.0,129.0
1998-01-08,1998-12-08,12.0,severe floods,"Pashchim Champaran, Purbi Champaran, Sitamarhi, Sheohar, Gopalganj, Samastipur, Katihar, Khagaria, Bhojpur, Buxar, Darbhanga, Saharsa, Kaimur (Bhabua), Rohtas, Jamui, Banka, Nawada, Gaya, Munger, Vaishali, Begusarai, Bhagalpur, Lakhisarai, Sheikhpura, Arwal, Jehanabad, Nalanda, Patna, Saran, Siwan, Muzaffarpur, Madhepura, Araria, Supaul, Madhubani, Purnia, Kishanganj, Aurangabad",Bihar,,,105.0,0.0,0.0,0.0,i)Over 7 million people affected ii)Extensive damage to crops reported,IMD,1998.0,1.0,105.0
1998-05-07,1998-08-07,4.0,severe floods,"Amreli, Banas Kantha, Bharuch, Jamnagar, Junagadh, Surat, Surendranagar,Valsad",Gujarat,,,14.0,0.0,0.0,0.0,"i)7,000 people evacuated to relief camps ii)Big wall of Porbandar port washed away iii)everal villages submerged iv)Several roads in thr interior rural areas washed away",IMD,1998.0,5.0,14.0
1998-03-10,1998-03-10,1.0,heavy rains,Surat,Gujarat,,,2.0,0.0,0.0,0.0,,IMD,1998.0,3.0,2.0
1998-12-09,1998-12-09,1.0,heavy rains,Kurukshetra,Haryana,,,0.0,0.0,0.0,0.0,Heavy loss to crops reported,IMD,1998.0,12.0,0.0
1998-02-10,1998-02-10,1.0,heavy rains,Rohtak,Haryana,,,0.0,0.0,0.0,0.0,i)36 vilages flooded ii)Standing crops damaged,IMD,1998.0,2.0,0.0
1998-05-03,1998-05-03,1.0,heavy rains,"Lahul And Spiti, Chamba, Kangra, Kullu, Mandi, Kinnaur, Una, Shimla, Solan, Sirmaur, Hamirpur, Bilaspur",Himachal Pradesh,,,16.0,0.0,0.0,0.0,,IMD,1998.0,5.0,16.0
1998-02-10,1998-02-10,1.0,heavy rains,Mandi,Himachal Pradesh,,,0.0,0.0,0.0,0.0,Bilaspur-Mandi National Highway closed due to landslide,IMD,1998.0,2.0,0.0
1998-01-07,1998-01-07,1.0,flash flood,"Kodagu,Shivamogga",Karnataka,,,6.0,0.0,0.0,1.0,i)A few houses collapsed/damaged ii)Many paddy fields inundated iii)Several roads/bridhges damaged,IMD,1998.0,1.0,6.0
1998-04-07,1998-04-07,1.0,flash flood,Dakshina Kannada,Karnataka,,,3.0,0.0,0.0,0.0,,IMD,1998.0,4.0,3.0
1998-01-08,1998-01-08,1.0,flash flood,Dakshina Kannada,Karnataka,,,1.0,0.0,0.0,0.0,,IMD,1998.0,1.0,1.0
1998-02-08,1998-02-08,1.0,flash flood,Dakshina Kannada,Karnataka,,,1.0,0.0,0.0,0.0,,IMD,1998.0,2.0,1.0
1998-04-08,1998-04-08,1.0,flash flood,Bengaluru Rural,Karnataka,,,1.0,0.0,0.0,0.0,"i)Bengaluru Rural city areas affected inundating low lying areas ii)Several roadside trees in Ulsoor, Chamarajpet, Sheshadri road,Nagarabhavi areas uprooted, disrupting traffic. Many electric poles also uprooted iii)About 10 houses collapsed",IMD,1998.0,4.0,1.0
1998-02-09,1998-02-09,1.0,heavy rains,Bengaluru Rural,Karnataka,,,1.0,1.0,0.0,0.0,,IMD,1998.0,2.0,2.0
1998-01-10,,14.0,heavy rains,"Beedar, Kalaburagi, Belagavi, Yadgir, Bagalkotee, Raichur, Koppal, Gadag, Ballari, Dharwad, Uttar Kashia Kannada, Haveri, Chitradurga, Davangere, Shivamogga, Udupi, Chikkamagaluru, Chikkaballapura, Hassan, Kolar, Bengaluru Rural, Dakshina Kannada, Bengaluru Urban, Kodagu, Chamarajanagaraa, Tumakuru, Ramanagara, Mandya, Mysuru, Vijayapura",Karnataka,,,198.0,34.0,0.0,947.0,"i)14,515 houses fully,41,958 partially damaged ii)Major,minor crop including cotton, sunflower,onion in several thousand hectares affected iii)Extensive loss to public,private property reported iv)Road stretching about 1055 km damaged v)Some two-wheelers damaged,a car completely crushed under uprooted trees in Bengaluru Rural city,another Maruti car completely crushed due to wall collapse in Chincholi town vi)One canal in Narayanpura village,a tank in Shivamogga district breached,another tank named Dodda ranganath tank in Kollegala town flooded",IMD,1998.0,1.0,232.0
1998-02-07,1998-06-07,5.0,heavy rains,"Idukki, Kasaragod, Kottayam, Malappuram, Palakkad, Thiruvananthapuram,Wayanad",Kerala,,,45.0,0.0,0.0,0.0,"Widespread damaged to houses, trees, electric lines,rubber plantation",IMD,1998.0,2.0,45.0
1998-12-07,,4.0,heavy rains,"Ernakulam, Idukki, Malappuram, Pathanamthitta,Thrissur",Kerala,,,5.0,0.0,0.0,0.0,Several houses damaged,IMD,1998.0,12.0,5.0
1998-10-10,,8.0,severe floods,"Kollam, Kottayam, Kozhikode, Malappuram, Pathanamthitta, Thiruvananthapuram,Wayanad",Kerala,,,44.0,0.0,0.0,0.0,i)Widespread loss to crops reported ii)One bridge damaged in Kollam iii)1039 houses damaged iv)Property worth crores of rupees damaged,IMD,1998.0,10.0,44.0
1998-01-11,1998-05-11,5.0,heavy rains,"Idukki,Thiruvananthapuram",Kerala,,,0.0,3.0,0.0,0.0,"i)45 houses fully,154 partially damaged due to landslides ii)Widespread loss to crops reported iii)Train service between Nagarcoil,Thiruvananthapuram dislocated",IMD,1998.0,1.0,3.0
1998-11-11,1998-12-11,2.0,heavy rains,"Palakkad,Pathanamthitta",Kerala,,,0.0,0.0,0.0,0.0,"A few houses,one bridge damaged",IMD,1998.0,11.0,0.0
1998-11-09,1998-11-09,1.0,heavy rains,Raigarh,Madhya Pradesh,,,0.0,0.0,0.0,0.0,i)Paddy crop damaged ii)Loss of property reported,IMD,1998.0,11.0,0.0
1998-12-01,1998-12-01,1.0,heavy rains,Nashik,Maharashtra,,,0.0,0.0,0.0,0.0,Production of Rangda variety of Onion reduced to 40%,IMD,1998.0,12.0,0.0
1998-08-06,1998-08-06,1.0,heavy rains,Thane,Maharashtra,,,0.0,2.0,0.0,0.0,Several trees uprooted,IMD,1998.0,8.0,2.0
1998-09-06,1998-09-06,1.0,heavy rains,Thane,Maharashtra,,,1.0,4.0,0.0,0.0,Many houses collapsed,IMD,1998.0,9.0,5.0
1998-10-06,1998-10-06,1.0,heavy rains,Ratnagiri,Maharashtra,,,0.0,5.0,0.0,0.0,"Several trees uprooted,a few houses collapsed",IMD,1998.0,10.0,5.0
1998-01-07,1998-02-07,2.0,heavy rains,"Buldhana, Mumbai,Thane",Maharashtra,,,14.0,0.0,0.0,0.0,Traffic disrupted due to waterlogging,IMD,1998.0,1.0,14.0
1998-10-07,1998-10-07,1.0,heavy rains,Nashik,Maharashtra,,,9.0,0.0,0.0,0.0,,IMD,1998.0,10.0,9.0
1998-12-07,1998-12-07,1.0,heavy rains,Mumbai,Maharashtra,,,2.0,0.0,0.0,0.0,"Low lying areas submerged,traffic disrupted",IMD,1998.0,12.0,2.0
1998-12-09,1998-12-09,1.0,flash flood,Jharsuguda,Odisha,,,2.0,0.0,0.0,0.0,"i)Over 1,000 houses damaged",IMD,1998.0,12.0,2.0
1998-07-10,1998-07-10,1.0,heavy rains,Bathinda,Punjab,,,0.0,0.0,0.0,0.0,"Paddy,cotton crop worth over lakhs of rupees destroyed due to waterlogging",IMD,1998.0,7.0,0.0
1998-03-07,1998-03-07,1.0,heavy rains,"Bikaner,Sikar",Rajasthan,,,1.0,0.0,0.0,0.0,,IMD,1998.0,3.0,1.0
1998-08-07,1998-08-07,1.0,heavy rains,"Mangan, Gyalshing, Namchi, Gangtok",Sikkim,,,16.0,1.0,0.0,0.0,Landslides reported,IMD,1998.0,8.0,17.0
1998-11-10,1998-11-10,1.0,heavy rains,Kanniyakumariumari,Tamil Nadu,,,0.0,0.0,0.0,0.0,"i)Many canals breached ii)Crops,roads damaged",IMD,1998.0,11.0,0.0
1998-01-11,,14.0,heavy rains,"Thiruvallur, Chennai, Krishnagiri, Tiruvannamalai, Dharmapuri, Salem, Erode, The Nilgiris, Namakkal, Perambalur, Coimbatore, Tiruchirappalli, Ariyalur, Tiruppur, Thanjavur, Karur, Thiruvarur, Dindigul, Madurai, Theni, Virudhunagar, Thoothukkudi, Kanniyakumariumari, Viluppuram, Cuddalore, Pudukkottai, Sivaganga, Ramanathapuram, Nagapattinam, Kallakurichi, Tenkasi, Tirunelveli, Vellore, Ranipet, Tirupathur, Kancheepuram, Chengalpattu",Tamil Nadu,,,82.0,0.0,0.0,0.0,"i)322 hectares of agriculturaal land with various crops,8,831 hecares of paddy crop damaged ii)2 Thermal Power Stations crippled iii)1532 huts damaged",IMD,1998.0,1.0,82.0
1998-04-12,1998-12-12,9.0,heavy rains,"Cuddalore, Madurai, Nagapattinam,Perambalur, Thanjavur, Tiruchirappalli, Tirunelveli,Viluppuram",Tamil Nadu,,,28.0,0.0,0.0,0.0,i)Standing crops in several thousand acres of land destroyed ii)Thousands of huts damaged,IMD,1998.0,4.0,28.0
1998-05-07,1998-11-07,7.0,severe floods,Gorakhpur,Uttar Pradesh,,,2.0,0.0,0.0,0.0,"i)Normal life disrupted ii)Several roads flooded iii)Jal Nigam office flooded iv)28 villages in Tamkuhiraj tehsil, 16 villages in Amawakhas region,22 villages in Pipra Ghat inundated v)Standing crop in upper region,especially sugarcane in low lying areas completely destroyed",IMD,1998.0,5.0,2.0
1998-01-09,1998-06-09,6.0,severe floods,East Uttar Kashi Pradesh,Uttar Pradesh,,,300.0,0.0,0.0,0.0,"i)1,20,000 population affected ii)128 houses fully,1,260 partially damaged iii)Many villages affected iv)Crop in several hectares destroyed ",IMD,1998.0,1.0,300.0
1998-08-11,1998-08-11,1.0,heavy rains,Farrukhabad,Uttar Pradesh,,,2.0,0.0,0.0,0.0,,IMD,1998.0,8.0,2.0
1998-11-06,1998-11-06,1.0,heavy rains,Jalpaiguri,West Bengal,,,0.0,0.0,0.0,0.0,"i)3,500 people became homeless ii)221 houses damaged",IMD,1998.0,11.0,0.0
1998-07-07,1998-07-07,1.0,heavy rains,Darjeeling,West Bengal,,,18.0,0.0,0.0,200.0,200 houses damaged,IMD,1998.0,7.0,18.0
1998-12-07,1998-12-07,1.0,heavy rains,Darjeeling,West Bengal,,,12.0,3.0,0.0,0.0,Extensive damage to property reported,IMD,1998.0,12.0,15.0
1998-05-08,1998-05-08,1.0,heavy rains,Darjeeling,West Bengal,,,6.0,0.0,0.0,0.0,Landslides reported,IMD,1998.0,5.0,6.0
1999-09-05,1999-09-05,1.0,heavy rains,"Upper Lower Subansiri, Anjaw, Changlang, Tawang, Papum Pare, Tirap, East Siang, Lohit, Kurung Kumey, Lower Lower Subansiri, East Kameng, West Kameng, West Kameng, West Kameng, Kra Daadi, Namsai, Longding, Upper Siang, Lower Siang, Dibang Valley, Lower Dibang Valley, Siang, Shi Yomi, Pakke Kessang, West Siang, Leparada, Kamle",Arunachal Pradesh,,,1.0,0.0,0.0,0.0,17 houses/huts damaged,IMD,1999.0,9.0,1.0
1999-10-07,1999-12-07,3.0,moderate flood,Lohit,Arunachal Pradesh,,,0.0,0.0,0.0,0.0,Tezu town cut off from rest of the State for 3 days due to landslides,IMD,1999.0,10.0,0.0
1999-02-05,1999-04-05,3.0,moderate flood,"Jorhat,Nalbari",Assam,,,0.0,0.0,0.0,0.0,"i)Vast crop-land inundated, damaging paddy, boro,ahu crops ii)Embankment of river Pagladiya breached at Hablakha iii)Road communication disrupted",IMD,1999.0,2.0,0.0
1999-12-09,,2.0,heavy rains,"Jorhat,Kamrup",Assam,,,1.0,1.0,0.0,0.0,i)Vast areas inundated ii)Standing crop damaged,IMD,1999.0,12.0,2.0
1999-01-07,1999-07-08,38.0,severe floods,"Pashchim Champaran, Purbi Champaran, Sitamarhi, Sheohar, Gopalganj, Samastipur, Katihar, Khagaria, Bhojpur, Buxar, Darbhanga, Saharsa, Kaimur (Bhabua), Rohtas, Jamui, Banka, Nawada, Gaya, Munger, Vaishali, Begusarai, Bhagalpur, Lakhisarai, Sheikhpura, Arwal, Jehanabad, Nalanda, Patna, Saran, Siwan, Muzaffarpur, Madhepura, Araria, Supaul, Madhubani, Purnia, Kishanganj, Aurangabad",Bihar,,,216.0,0.0,0.0,12.0,"i)Left embankment of Bagmati near Karkauli in Darbhanga district,that of Gandak near Babutola village breached inundating low lying areas in Darbhanga,Pashchim Champaran districts in all 3.44 lakh hectares of land inundated ii)Standing paddy seedlings destroyed iii)Extensive damage to property,agriculture reported iv)Over 10lakh cattleheads affected v)23,538 houses/huts damaged",IMD,1999.0,1.0,216.0
1999-09-06,,5.0,heavy rains,"North Goa, South Goa",Goa,,,2.0,0.0,0.0,0.0,"i)Landslides reported from many parts ii)Air traffic, Konkan railway services,road services badly affected",IMD,1999.0,9.0,2.0
1999-01-08,,31.0,heavy rains,"Valsad, Amreli, Dangs, Banas Kantha, Patan, Mahesana, Gandhinagar, Ahmedabad, Panch Mahals, Dahod, Vadodara, Bharuch, Porbandar, Narmada, Surat, Tapi, Arvalli, Botad, Chota Udaipur, Mahisagar, Gir Somnath, Sabar Kantha, Kachchh, Surendranagar, Rajkot, Kheda, Anand, Bhavnagar, Junagadh, Jamnagar, Devbhumi Dwarka Dwarka, Morbi, Navsari",Gujarat,,,46.0,0.0,0.0,0.0,,IMD,1999.0,1.0,46.0
1999-09-07,1999-09-07,1.0,heavy rains,Shimla,Himachal Pradesh,,,0.0,0.0,0.0,0.0,"i)Due to landslide in Jakhu, 6 houses,15 metre long portion of a forest road damaged ii)Dozens of trees uprooted",IMD,1999.0,9.0,0.0
1999-10-08,1999-11-08,2.0,heavy rains,"Kullu,Mandi",Himachal Pradesh,,,10.0,0.0,0.0,40.0,"i)Landslides reported ii)8 houses washed away,many damaged iii)Apple orchards,paddy field damaged",IMD,1999.0,10.0,10.0
1999-02-05,1999-03-05,2.0,heavy rains,Bengaluru Rural,Karnataka,,,1.0,15.0,0.0,0.0,"i)In Thittamaranahalli - Channapatna, hundreds of coconut, Palm, Mango,Banana trees uprooted ii)About 150 trees uprooted trees uprooted in Bengaluru Rural University iii)Bengaluru Rural-Mysire road traffic disrupted due to uprooted trees,electricity poles",IMD,1999.0,2.0,16.0
1999-04-05,1999-04-05,1.0,heavy rains,"Chitradurga,Hassan",Karnataka,,,0.0,0.0,0.0,0.0,"Many houses damaged in Harapanahalli, Arsikere,Kodur",IMD,1999.0,4.0,0.0
1999-05-05,1999-05-05,1.0,heavy rains,"Bengaluru Rural,Bijapur",Karnataka,,,1.0,0.0,0.0,0.0,"i)About 50 trees uprooted in Bengaluru Rural city ii)Mango orchards damaged iii)21 vehicles trapped under uprooted trees iv)Telephone,electricity lines snapped off ",IMD,1999.0,5.0,1.0
1999-07-05,1999-07-05,1.0,heavy rains,Bengaluru Rural,Karnataka,,,5.0,0.0,0.0,0.0,,IMD,1999.0,7.0,5.0
1999-10-05,1999-10-05,1.0,heavy rains,Bengaluru Rural,Karnataka,,,0.0,3.0,0.0,0.0,i)2 cars crushed under an uprooted tree ii)Telephone lines affected due to uprooted trees,IMD,1999.0,10.0,3.0
1999-12-05,1999-12-05,1.0,heavy rains,Hassan,Karnataka,,,1.0,1.0,0.0,0.0,"In Adihalli, 50 coconut trees,several banana plantations uprooted",IMD,1999.0,12.0,2.0
1999-11-06,1999-11-06,1.0,heavy rains,Uttar Kashia Kannada,Karnataka,,,5.0,0.0,0.0,14.0,"i)Lakes,ponds over flown ii)27 villages submerged in Honavar taluka",IMD,1999.0,11.0,5.0
1999-12-06,1999-12-06,1.0,heavy rains,Dakshina Kannada,Karnataka,,,0.0,0.0,0.0,0.0,"i)Landslides reported ii)tiled roofs of several houses,cow sheds blown off iii)Konkan railway track between Honavar,Murudeshwar completely covered by mud due to landslide iv)Mangalore - Karkala road breached at many places,covered with mud due to landslide from nearby hills",IMD,1999.0,12.0,0.0
1999-12-07,,13.0,severe floods,"Beedar, Kalaburagi, Belagavi, Yadgir, Bagalkotee, Raichur, Koppal, Gadag, Ballari, Dharwad, Uttar Kashia Kannada, Haveri, Chitradurga, Davangere, Shivamogga, Udupi, Chikkamagaluru, Chikkaballapura, Hassan, Kolar, Bengaluru Rural, Dakshina Kannada, Bengaluru Urban, Kodagu, Chamarajanagaraa, Tumakuru, Ramanagara, Mandya, Mysuru, Vijayapura",Karnataka,,,122.0,0.0,0.0,959.0,"i)Major roads submerged forcing traffic deviations ii)Landslides reported on National Highway, 15 km from Yellapura iii)16,828 houses/huts damaged,many houses collapsed rendering many people homeless iv)Extensive damage to property,agriculture reported",IMD,1999.0,12.0,122.0
1999-01-08,1999-02-08,2.0,flash flood,"Kalaburagi,Shivamogga",Karnataka,,,2.0,0.0,0.0,350.0,"i)In Belkota, Dammur,Ambalga villages, 82 families forced to leave their houses ii)Green gram, Black gram, Jowar, Sesame,Banana on thousands of hectares destroyed iii)14th hair-pin bend in Agumbe ghat collapsed completely causing deep cracks of almost 80 ft,disrupting traffic",IMD,1999.0,1.0,2.0
1999-02-10,1999-03-10,2.0,heavy rains,"Bijapur, Chitradurga,Tumakuru",Karnataka,,,11.0,0.0,0.0,0.0,"30 houses,one school building collapsed",IMD,1999.0,2.0,11.0
1999-05-02,1999-05-02,1.0,heavy rains,Kollam,Kerala,,,4.0,0.0,0.0,0.0,"Widespread damaged to crops, trees, electricity,telephone line reported",IMD,1999.0,5.0,4.0
1999-07-06,1999-12-06,6.0,heavy rains,"Kasaragod, Wayanad, Kozhikode, Malappuram, Palakkad, Thrissur, Idukki, Ernakulam, Alappuzha, Kottayam, Pathanamthitta, Kollam, Thiruvananthapuram, Kannur",Kerala,,,18.0,80.0,0.0,0.0,"i)Rail/Road service dislocated ii)Many houses damaged iii)Widespread damage to property,agriculture reported",IMD,1999.0,7.0,98.0
1999-02-08,1999-02-08,1.0,heavy rains,"Kasaragod, Kozhikode,Malappuram",Kerala,,,3.0,0.0,0.0,0.0,,IMD,1999.0,2.0,3.0
1999-09-10,1999-09-10,1.0,heavy rains,Kannur,Kerala,,,2.0,0.0,0.0,0.0,i)Landslides reported ii)A few houses destroyed,IMD,1999.0,9.0,2.0
1999-05-08,1999-11-08,7.0,heavy rains,"Narmadapuram, Sagar,Vidisha",Madhya Pradesh,,,3.0,0.0,0.0,0.0,"i)Many houses,huts collapsed ii)Damage to crops reported ",IMD,1999.0,5.0,3.0
1999-12-06,,7.0,heavy rains,Sindhudurg,Maharashtra,,,0.0,0.0,0.0,19.0,"i)Kudal, Malvan,Vengurla worst affected ii)290 houses collapsed,1583 persons became homeless iii)Extensive damage to property,agriculture reported",IMD,1999.0,12.0,0.0
1999-03-08,1999-04-08,2.0,heavy rains,"Amravati, Akola, Bhandara, Buldhana, Chandrapur, Gadchiroli, Gondia, Nagpur, Wardha, Washim, Yavatmal",Maharashtra,,,0.0,0.0,0.0,0.0,"Many houses damaged, trees uprooted,damage to crops also reported",IMD,1999.0,3.0,0.0
1999-09-08,1999-09-08,1.0,flash flood,Nagpur,Maharashtra,,,55.0,0.0,0.0,0.0,,IMD,1999.0,9.0,55.0
1999-02-09,1999-04-09,3.0,heavy rains,"Tamenglong,Thoubal",Manipur,,,12.0,5.0,0.0,0.0,"i)A few houses damaged in Khonglaron ii)Large areas of Thoubal inundated, stabding crops damaged",IMD,1999.0,2.0,17.0
1999-01-07,1999-01-07,1.0,flash flood,Aizawl,Mizoram,,,0.0,0.0,0.0,0.0,East Mizoram cut off from rest of the State,IMD,1999.0,1.0,0.0
1999-02-09,1999-04-09,3.0,heavy rains,Kohima,Nagaland,,,0.0,0.0,0.0,0.0,i)80 houses damaged due to landslides at Khuzama ii)Road link between Imphal-Kohima disrupted as a portion of National highway No. 39 washed away,IMD,1999.0,2.0,0.0
1999-05-08,1999-07-08,3.0,heavy rains,"Ajmer, Alwar, Baran, Bharatpur, Bhilwara, Churu, Dausa, Dholpur, Jhalawar,Kota",Rajasthan,,,2.0,1.0,0.0,0.0,,IMD,1999.0,5.0,3.0
1999-05-05,1999-05-05,1.0,heavy rains,Dindigul,Tamil Nadu,,,3.0,0.0,0.0,0.0,,IMD,1999.0,5.0,3.0
1999-01-10,1999-03-10,3.0,heavy rains,Kanpur nagar,Uttar Pradesh,,,9.0,2.0,0.0,0.0,,IMD,1999.0,1.0,11.0
1999-03-07,1999-03-07,1.0,heavy rains,"Kolkata, Cooch Behar, Darjeeling,Jalpaiguri",West Bengal,,,0.0,0.0,0.0,0.0,"i)3,000 people became homeless ii)One corporation school building damaged in Kolkata",IMD,1999.0,3.0,0.0
1999-08-08,,7.0,severe floods,"Malda,Paschim Purba Medinipur,Purba Purba Medinipur",West Bengal,,,33.0,0.0,0.0,0.0,"3000 huts damaged,13,000 houses washed away",IMD,1999.0,8.0,33.0
1999-01-09,1999-07-09,7.0,moderate flood,"Purba Bardhaman, Malda, Murshidabad, Nadia, Uttar Kashi Dinajpur,Dakshin Dinajpur",West Bengal,,,4.0,0.0,0.0,0.0,"i)2.15 lakh people affected,thousands became homeless ii)Extensive damage to property,agriculture reported",IMD,1999.0,1.0,4.0
1999-08-10,,7.0,moderate flood,"Purba Bardhaman, Malda, Uttar Kashi Dinajpur,Dakshin Dinajpur",West Bengal,,,0.0,0.0,0.0,0.0,"i)92,00 Kachchha houses damaged ii)Standing paddy crop damaged",IMD,1999.0,8.0,0.0
2000-11-07,,4.0,severe floods,"Adilabad, Hyderabad, Khammam, Kurnool, Mahabubnagar, Nalgonda,Warangal, Warangal, Warangal, Warangal",Andhra Pradesh,,,37.0,0.0,0.0,0.0,"i)483 Panchayat tanks,271 minor irrigation tanks breached ii)137 houses damaged",IMD,2000.0,11.0,37.0
2000-10-08,2000-11-08,2.0,moderate floods,"Adilabad, Nizamabad,Warangal, Warangal, Warangal, Warangal",Andhra Pradesh,,,9.0,0.0,0.0,0.0,i) Landslides reported ii) A few houses collapsed,IMD,2000.0,10.0,9.0
2000-11-06,,6.0,severe floods,"East Siang, West Siang,Upper Siang",Arunachal Pradesh,,,26.0,2000.0,0.0,0.0,"i) 2500 houses damaged ii)15 bridges swept away iii)Total loss in respect of property,agriculture was estimated in crores iii)Standing crops damaged ",IMD,2000.0,11.0,2026.0
2000-06-08,2000-08-08,3.0,moderate floods,Dibang Valley,Arunachal Pradesh,,,7.0,0.0,0.0,0.0,"i) Headquarters at Anini cut off from the rest of the state ii) Loss of property,agriculture reported ",IMD,2000.0,6.0,7.0
2000-03-05,2000-03-05,1.0,flash floods,Dhemaji,Assam,,,0.0,0.0,0.0,0.0,Wooden bridge at Samarjan on NH-52 washed away disrupting communication,IMD,2000.0,3.0,0.0
2000-03-05,2000-10-05,8.0,moderate floods,Karimganj,Assam,,,3.0,0.0,0.0,0.0,"i)40,000 people of Pathan Kandi block affected ii)NH-44,metro gAuguste railway track flooded, disrupting link with Tripura",IMD,2000.0,3.0,3.0
2000-09-05,,5.0,moderate floods,Dhubri,Assam,,,0.0,0.0,0.0,0.0,"Vast crop land at Hatsingimara inundated, damaging standing paddy crop.",IMD,2000.0,9.0,0.0
2000-01-06,2000-01-06,1.0,heavy rains,Kamrup,Assam,,,0.0,0.0,0.0,0.0,"Roads in Kamrup Metropolitan city inundated, disrupting the communication for many hours",IMD,2000.0,1.0,0.0
2000-03-06,2000-03-06,1.0,heavy rains,Kamrup,Assam,,,0.0,0.0,0.0,0.0,"Vast crop land inundated, damaging many standing crops.",IMD,2000.0,3.0,0.0
2000-06-06,2000-07-06,2.0,heavy rains,"Hailakandi,Karimganj",Assam,,,0.0,0.0,0.0,0.0,"166 villages,61,717 people affected",IMD,2000.0,6.0,0.0
2000-12-06,,19.0,heavy rains,"Bongaigaon, Darrang, Dhemaji, Dhubri, Dibrugarh, Jorhat, Karimganj, Kokrajhar, Lakhimpur, Sonitpur,Tinsukia",Assam,,,8.0,0.0,0.0,0.0,"(i) 4,82,228 population affected (ii) 2,24,973 hectares in1428 villages affected (iii) 49,231 hectares of crop land affected (iv) Road communication of NE India disrupted, District Headquarters cut off for many days.(v) Landslides reported (vi) Many houses damaged",IMD,2000.0,12.0,8.0
2000-01-07,2000-07-07,7.0,severe floods,"Bongaigaon, Dhemaji, Dhubri, Dibrugarh, Jorhat, Karimganj, Kokrajhar, Lakhimpur, Sonitpur,Tinsukia",Assam,,,13.0,0.0,0.0,0.0,"i) 9 lakh population affected ii)54,9431 hectares of crop land damaged  iii)Landslides reported in South Saimara,Mankachar (Dist. Dhubri),Majuli (Dist. Jorhat)",IMD,2000.0,1.0,13.0
2000-08-07,,7.0,moderate floods,"Bongaigaon, Dhemaji, Dhubri,Sonitpur",Assam,,,14.0,0.0,0.0,0.0,"i)15 villages in Sonitpur circle(Sonitpur district),21 villages in Dhemaji dist. flooded ii) Road Communications in Dhemaji district cut off",IMD,2000.0,8.0,14.0
2000-01-08,,21.0,severe floods,"Barpeta, Darrang, Dhemaji, Dhubri, Dibrugarh, Goalpara, Jorhat, Karimganj, Marigaon, Nalbari,Tinsukia",Assam,,,31.0,0.0,0.0,0.0,"i) 35.71 lakh population affected ii) 2.24 lakh hectares of crop area flooded iii)Road links mainly by NH-31,several other remained cut off",IMD,2000.0,1.0,31.0
2000-05-10,2000-05-10,1.0,heavy rains,"Hailakandi,Karimganj",Assam,,,6.0,3.0,0.0,0.0,Landslides reported from Assam- Mizoram border near Hailakandi,IMD,2000.0,5.0,9.0
2000-01-08,,21.0,severe floods,"Pashchim Champaran, Purbi Champaran, Sitamarhi, Sheohar, Gopalganj, Samastipur, Katihar, Khagaria, Bhojpur, Buxar, Darbhanga, Saharsa, Kaimur (Bhabua), Rohtas, Jamui, Banka, Nawada, Gaya, Munger, Vaishali, Begusarai, Bhagalpur, Lakhisarai, Sheikhpura, Arwal, Jehanabad, Nalanda, Patna, Saran, Siwan, Muzaffarpur, Madhepura, Araria, Supaul, Madhubani, Purnia, Kishanganj, Aurangabad",Bihar,,,48.0,0.0,0.0,0.0,"i) Sitamarhi dist. worst affected ii)36 lakh people spread over 2000 villages in 20 districts affected iii) Damage to crops,property worth several crores of rupees reported.",IMD,2000.0,1.0,48.0
2000-11-06,,3.0,heavy rains,North Goa,Goa,,,0.0,0.0,0.0,0.0,"10,000 people affected, 110 became homeless",IMD,2000.0,11.0,0.0
2000-12-07,,4.0,heavy rains,"Ahmedabad, Bharuch, Junagadh, Kheda, Navsari, Panch Mahals, Sabar Kantha, Surat, Surendranagar,Valsad",Gujarat,,,84.0,0.0,0.0,0.0,Substantial lossof property/agriculture reported,IMD,2000.0,12.0,84.0
2000-08-06,2000-08-06,1.0,heavy rains,"Karnal,Yamunanagar",Haryana,,,9.0,5.0,0.0,0.0,,IMD,2000.0,8.0,14.0
2000-08-06,2000-12-06,5.0,heavy rains,"Kinnaur,Shimla",Himachal Pradesh,,,12.0,0.0,0.0,0.0,"(i) Landslides reported (ii)Bridges, Many roads including Hindustan-Tibet road, beyond Rampur damaed at many places. Long stretches ofroads blocked due to huge landslides (iii) 44houses,severl hectares of agricultural land damaged (iv) Barua village( Kinnaur dist.) sunk for 2 days due to cloud burst",IMD,2000.0,8.0,12.0
2000-02-09,2000-05-09,4.0,heavy rains,"Chamba,Hamirpur",Himachal Pradesh,,,0.0,0.0,0.0,0.0,"(i) Standing maize crop destroyed (ii) Many trees uprooted (iii)Telecom, electricity,water supply affected (iv) 2 bridges damaged",IMD,2000.0,2.0,0.0
2000-05-06,2000-07-06,3.0,heavy rains,"Bengaluru Rural, Chikkaballapura, Dakshina Kannada, Kodagu,Uttar Kashia Kannada",Karnataka,,,3.0,7.0,0.0,0.0,"(i) 50 houses swallowed by rising sea at Kotpur(Mangalore) of Dakshina Kannada District (ii) Several trees like Devadaru, Banyan, Coconut, Arecanut, Mangoes,Coffee plantations uprooted. On Narndra Bale garden on 5 acre completely razed to the ground (iii) Power supply,traffic disrupted",IMD,2000.0,5.0,10.0
2000-08-06,2000-08-06,1.0,heavy rains,"Dakshina Kannada,Uttar Kashia Kannada",Karnataka,,,0.0,0.0,0.0,0.0,"(i) Nearly 50 houses damaged,roofs of 22 tiled houses blown off (ii) One cement bridge completely destroyed",IMD,2000.0,8.0,0.0
2000-10-06,2000-12-06,3.0,heavy rains,"Davangere, Uttar Kashia Kannada,Shivamogga",Karnataka,,,5.0,0.0,0.0,0.0,"One well,pump shed destroyed due to landslide in Kunta. Estimated loss upto 35000 rs.",IMD,2000.0,10.0,5.0
2000-01-07,2000-01-07,1.0,heavy rains,Kalaburagi,Karnataka,,,3.0,0.0,0.0,0.0,,IMD,2000.0,1.0,3.0
2000-06-07,2000-07-07,2.0,heavy rains,Uttar Kashia Kannada,Karnataka,,,0.0,0.0,0.0,0.0,"A few houses in Hapiwad,Palewad villages inundated",IMD,2000.0,6.0,0.0
2000-05-07,2000-08-07,4.0,heavy rains,Dakshina Kannada,Karnataka,,,0.0,0.0,0.0,0.0,"(i) Due to sea erosion at Ullal Kolepura, gap between river Netravathi,sea reduced so much that nearly 30 fish drying sheds washed off (ii) 12 ft.  wall collapsed due to which transformer fell disrupting water supply (iii) Landslides reported in Kettikalla hill (iv) One huge tree uprooted in another place",IMD,2000.0,5.0,0.0
2000-07-07,2000-08-07,2.0,heavy rains,Bijapur,Karnataka,,,0.0,3.0,0.0,0.0,,IMD,2000.0,7.0,3.0
2000-11-07,,4.0,heavy rains,"Chikkaballapura, Kalaburagi",Karnataka,,,0.0,0.0,0.0,0.0,"(i) Continuous landslides reported on Konkan railway. Charmadighat section closed down completely. Estimated loss Rs.70 Lakh per day,total loss running into crores as 760km track to be repaired (ii) 3 tanks breached (iii)325 houses collapsed",IMD,2000.0,11.0,0.0
2000-01-08,2000-01-08,1.0,heavy rains,Bengaluru Rural,Karnataka,,,1.0,5.0,0.0,0.0,(i) Low lying areas inundated. Several tonnes of vegetables got rotten. (ii) Several houses collapsed (iii) 9000 telephone lines went out of order,IMD,2000.0,1.0,6.0
2000-03-08,2000-03-08,1.0,heavy rains,Tumakuru,Karnataka,,,0.0,0.0,0.0,0.0,"(i) In Gubbi taluka more than 4000 coconut trees, 6000 arecanut trees,about 200 years old banyan trees,neem trees damaged (ii) about 1000 household damaged (iii) More than 100 telephone/electric poles fell (iv) Loss in several lakhs of rupees reported",IMD,2000.0,3.0,0.0
2000-03-08,2000-06-08,4.0,heavy rains,Davangere,Karnataka,,,1.0,1.0,0.0,0.0,(i) Many houses damaged (ii) Several trees uprooted,IMD,2000.0,3.0,2.0
2000-01-10,2000-01-10,1.0,heavy rains,"Chikkamagaluru, Chitradurga, Kodagu,Mysuru",Karnataka,,,0.0,0.0,0.0,0.0,"(i) Low Lying areas inundated, traffic disrupted, Normal life paralysed. (ii) Several houses damaged while a few collapsed (iii) Feedar canal of Belgur lake in Hosadurga taluk(Chitradurga dist.)",IMD,2000.0,1.0,0.0
2000-08-10,2000-08-10,1.0,heavy rains,"Ballari, Raichur",Karnataka,,,4.0,3.0,0.0,0.0,(i) Normal life paralysed (ii) Traffic disrupted (iii) Standing crops destroyed,IMD,2000.0,8.0,7.0
2000-08-08,2000-10-08,3.0,heavy rains,"Bengaluru Rural,Bengaluru Rural",Karnataka,,,0.0,2.0,0.0,0.0,"(i) In Bengaluru Rural city, Cauvery stage III pump house completely submerged by flood water of Bhima river, affecting the wartersupply of the city,surroundings for a week (ii) In Bengaluru Rural rural, 128 lakes damaged, many bridges collapsed, dirupting traffic (iii) Standing crops washed away",IMD,2000.0,8.0,2.0
2000-09-10,2000-09-10,1.0,"heavy rains,flash floods","Chitradurga,Mandya",Karnataka,,,2.0,0.0,0.0,0.0,"2 bridges collapsed in Hiriyur talukadisrupting traffic. (i) In Malavalli taluka, Halsur lake,Bhima reservoir flooded. (ii) Standing crops like ragi, paddy,coconut,coffee destroyed, loss estimated worth lakhs of rupees. (iii) Traffic on NH 209 disrupted",IMD,2000.0,9.0,2.0
2000-08-04,2000-08-04,1.0,heavy rains,Thiruvananthapuram,Kerala,,,2.0,5.0,0.0,0.0,,IMD,2000.0,8.0,7.0
2000-08-06,,7.0,heavy rains,"Alappuzha, Idukki,Kannur",Kerala,,,0.0,2.0,0.0,0.0,"(i) Sebveral houses collapsed. A church building collapsed (ii) Widespread damage to agriculture,property reported",IMD,2000.0,8.0,2.0
2000-01-07,2000-01-07,1.0,heavy rains,Kasaragod,Kerala,,,1.0,0.0,0.0,0.0,"About 650 houses fully,more than 5000 partially collapsed",IMD,2000.0,1.0,1.0
2000-07-07,2000-10-07,4.0,heavy rains,"Idukki, Kollam, Pathanamthitta,Thiruvananthapuram",Kerala,,,63.0,15.0,0.0,0.0,"(i) About 180 houses fully,2500 houses partially collapsed (ii) widespread damage to property,agriculture reportd",IMD,2000.0,7.0,78.0
2000-08-08,2000-08-08,1.0,heavy rains,Kottayam,Kerala,,,0.0,12.0,0.0,0.0,One school building collapsed,IMD,2000.0,8.0,12.0
2000-03-07,2000-05-07,3.0,moderate floods,"Betul, Tikamgarh,Khargone (Khargone (West Nimar))",Madhya Pradesh,,,5.0,0.0,0.0,0.0,,IMD,2000.0,3.0,5.0
2000-07-07,2000-07-07,1.0,heavy rains,"Chhindwara,Seoni",Madhya Pradesh,,,1.0,0.0,0.0,0.0,,IMD,2000.0,7.0,1.0
2000-07-05,2000-07-05,1.0,heavy rains,Nashik,Maharashtra,,,1.0,0.0,0.0,0.0,22 pilgrims rescued,IMD,2000.0,7.0,1.0
2000-02-06,2000-03-06,2.0,heavy rains,Pune,Maharashtra,,,0.0,0.0,0.0,105.0,"(i) Low lyong areas inundated (ii) For almost 18 hours traffic on Pune-Mumbai highway remained at a standstill. (iii) Tribal population in hilly areas of Ambegaon tehsil- Aahape, Nhaved, Pimparne affected; farming,related jobs had to be stopped. Milk supply halted",IMD,2000.0,2.0,0.0
2000-04-06,2000-05-06,2.0,flash floods,Nashik,Maharashtra,,,9.0,4.0,0.0,0.0,"(i) A portion of the bridge on Nashik- Aurangabadroad near Yeola collapsed (ii) 11 houses,25 stalls collapsed",IMD,2000.0,4.0,13.0
2000-08-06,2000-08-06,1.0,heavy rains,"Dhule, Jalgaon,Nandurbar",Maharashtra,,,7.0,0.0,0.0,0.0,"Several trees uproooted, roofs damaged, power supply cut off in Jalgaon, Bhusawal",IMD,2000.0,8.0,7.0
2000-08-06,2000-08-06,1.0,heavy rains,Latur,Maharashtra,,,4.0,0.0,0.0,0.0,Low lying areas water-logged,IMD,2000.0,8.0,4.0
2000-08-06,2000-08-06,1.0,heavy rains,Parbhani,Maharashtra,,,2.0,0.0,0.0,0.0,Low lying areas water-logged,IMD,2000.0,8.0,2.0
2000-08-06,2000-08-06,1.0,heavy rains,Ratnagiri,Maharashtra,,,1.0,0.0,0.0,0.0,"Landslides reported from some places, houses collapsed, roads damaged",IMD,2000.0,8.0,1.0
2000-04-07,2000-04-07,1.0,heavy rains,Nagpur,Maharashtra,,,2.0,7.0,0.0,0.0,,IMD,2000.0,4.0,9.0
2000-08-07,2000-08-07,1.0,heavy rains,"Mumbai,Mumbai Suburban",Maharashtra,,,20.0,14.0,0.0,0.0,,IMD,2000.0,8.0,34.0
2000-10-07,2000-10-07,1.0,heavy rains,Raigarh,Maharashtra,,,0.0,5.0,0.0,0.0,,IMD,2000.0,10.0,5.0
2000-12-07,2000-12-07,1.0,heavy rains,"Mumbai,Mumbai Suburban",Maharashtra,,,66.0,52.0,0.0,0.0,"(i) Due to landslides in Ghatkopa, people residing at the footof the hill were buried alive, hutments crushed (ii)Long dsitance as well as local trains completely stopped, flights fromm Mumbai cancelled (iii) Commuters stranded everywhere as elevated areas were also flooded, water entered upto first floor in low lying areas (iv) Electric supply to several substations,feeders was switched off as a safety measure (v) fire brigade reported 25 major tree falls",IMD,2000.0,12.0,118.0
2000-12-07,2000-12-07,1.0,heavy rains,Thane,Maharashtra,,,9.0,0.0,0.0,0.0,"(i) Landslide near Gaimukh on Ghodbunder,another near Vihar on Mumbai-Ahmadabad National Highway affected road traffic (ii) Water level in Barrage-dam at Badlapur increased considerably. Valves opened up causing flooding in the neighbourhood (iii) Kalyan, Mumbra, Vasai,Badlapur completely waterlogged",IMD,2000.0,12.0,9.0
2000-12-07,2000-12-07,1.0,heavy rains,"Mumbai, Mumbai Suburban, Raigad, Ratnagiri, Sindhudurg, Thane, Palghar",Maharashtra,,,0.0,0.0,0.0,0.0,"(i) 35 landslides reported fom different places from Khed to Kundal on the Konkan railway tracks damaged completely (ii) The worst landslide  between Aravali-Aasurde reported at the opening of the tunnel 12. Waterflooded the 5km long  tunnel, destroying tunnel,the tracks completely",IMD,2000.0,12.0,0.0
2000-12-07,2000-12-07,1.0,heavy rains,Jalna,Maharashtra,,,0.0,2.0,0.0,0.0,,IMD,2000.0,12.0,2.0
2000-12-07,2000-12-07,1.0,heavy rains,Satara,Maharashtra,,,0.0,0.0,0.0,0.0,Considerable increase in the level of river Koyna reported; 15 villages marooned,IMD,2000.0,12.0,0.0
2000-02-09,2000-04-09,3.0,moderate flood,"Kamjong, Senapati, Tamenglong, Imphal West, Kakching, Bishnupur, Chandel, Churachandpur, Imphal East, Jiribam, Kangpokpi, Thoubal, Tengnoupal, Ukhrul, Noney, Pherzawl",Manipur,,,0.0,0.0,0.0,0.0,"(i) National Highway No. 37 inundated, road communication cut off (ii)Thousands of people became homeless",IMD,2000.0,2.0,0.0
2000-09-08,2000-09-08,1.0,heavy rains,East Jaintia Hills,Meghalaya,,,0.0,0.0,0.0,0.0,Landslides caused disruption in road communication with rest of the state for 7 days,IMD,2000.0,9.0,0.0
2000-09-09,2000-09-09,1.0,heavy rains,East Jaintia Hills,Meghalaya,,,0.0,0.0,0.0,0.0,Road communication between Jowai-Badarpur on NH 44 cut off due to landslides at Sonapur,IMD,2000.0,9.0,0.0
2000-02-10,2000-03-10,2.0,heavy rains,"Ri Bhoi, West Khasi Hills, East East Jaintia Hills, East Khasi Hills, South Garo Hills, West Garo Hills, East Garo Hills, West East Jaintia Hills, South West Khasi Hills, North Garo Hills, South West Garo Hills",Meghalaya,,,0.0,0.0,0.0,0.0,Landslides at Sonapur blocked the Assam-West Tripura National Highway,IMD,2000.0,2.0,0.0
2000-01-07,2000-01-07,1.0,heavy rains,Ludhiana,Punjab,,,1.0,0.0,0.0,0.0,,IMD,2000.0,1.0,1.0
2000-08-06,2000-08-06,1.0,heavy rains,Kanniyakumariumari,Tamil Nadu,,,1.0,0.0,0.0,0.0,30 houses partially damaged,IMD,2000.0,8.0,1.0
2000-08-06,,7.0,severe flood,"Bijnor, Moradabad, Uttar Kashi Kashi, Chamoli, Dehradun, Tehri Garhwal, Rudra Prayag, Pithoragarh, Bageshwar, Haridwar, Garhwal, Almora, Nainital, Champawat, Udam Singh Nagar",Uttar Pradesh,,,90.0,0.0,0.0,0.0,"(i) 176 people trapped in swirling waters of river Gola rescued by PAC jawans,fire brigades (ii) Road to Kailash,Mansarovar damaged at several places (iii) Several houses collapsed in landslides (iv) Pipra-Piprasi bund damaged (v) Road communication cut off (vi) Over 12000 pilgrims stranded due to landslides near Gopeshwar (vii)Bridge on the river Kalu near Dharchula damaged severely",IMD,2000.0,8.0,90.0
2000-10-07,2000-10-07,1.0,heavy rains,Lucknow,Uttar Pradesh,,,0.0,0.0,0.0,0.0,Wall of district jail collapsed completely,IMD,2000.0,10.0,0.0
2000-07-08,2000-07-08,1.0,flash flood,"Bahraich, Gonda,Lakhimpur,Kheri",Uttar Pradesh,,,0.0,0.0,0.0,0.0,"Several villages in these districts flooded, people affected",IMD,2000.0,7.0,0.0
2000-10-08,2000-10-08,1.0,heavy rains,"Pithoragarh, Nainital",Uttar Pradesh,,,62.0,0.0,0.0,0.0,"(i) Landslides reported (ii) 50 persons missing from Pithoragarh (iii) Several houses collapsed in the villages of Udete, Siyalgarh, Kota,Churouti",IMD,2000.0,10.0,62.0
2000-08-09,,7.0,moderate flood,East Uttar Kashi Pradesh,Uttar Pradesh,,,24.0,0.0,0.0,0.0,(i) 70 villages marooned (ii) Thousands of houses collapsed (iii) Army helped people shift to safer places,IMD,2000.0,8.0,24.0
2000-05-08,2000-05-08,1.0,flash flood,"Purba Bardhaman, Birbhum, Cooch Behar,Jalpaiguri",West Bengal,,,9.0,0.0,0.0,0.0,"(i) 1.33 lakh people in Jlpaiguri affected (ii) Loss of property,agriculture reported",IMD,2000.0,5.0,9.0
2000-09-08,2000-09-08,1.0,flash flood,Cooch Behar,West Bengal,,,0.0,0.0,0.0,0.0,250 houses/huts destroyed at Tufanganj,IMD,2000.0,9.0,0.0
2000-01-09,2000-07-09,7.0,moderate flood,North Bengal,West Bengal,,,0.0,0.0,0.0,0.0,"(i)11 villages in Kalia chaik,Manik chaik block flooded (ii) Suri,Rampurhat subdivisions of Birbhum districts cut off from the neighbourhood. 3 blocks of Murshidabad district flooded affecting 17,000 people (iii) Mayurbhanj-Panagarh highway damaged (iv) Loss to property/agriculture reported",IMD,2000.0,1.0,0.0
2001-01-07,,62.0,moderate flood,"Lohit, Tawang, Upper Lower Subansiri,West Siang",Arunachal Pradesh,,,5.0,0.0,0.0,5.0,"(i) Road links with Tezu disrupted as both the rivers in full spate,landslides from many places (ii) 41 houses damaged",IMD,2001.0,1.0,5.0
2001-01-06,2001-01-06,1.0,heavy rains,Kamrup,Assam,,,5.0,2.0,0.0,0.0,"(i)Landslides reported (ii) Thousands of people marooned due to water logging,disrupted road links",IMD,2001.0,1.0,7.0
2001-08-06,,14.0,moderate flood,"Cachar, Dhubri, Goalpara, Hailakandi, Kamrup, Karimganj,Nagaon",Assam,,,12.0,1.0,0.0,0.0,"(i) Landslides reported from east Gotanagar of Kamrup Metropolitan city (ii) 3.5 lakh population affected (iii) Vast areas flooded damaging the standing crop (iv) Road links with Mizoram,Tripura cut off for a week",IMD,2001.0,8.0,13.0
2001-01-07,2001-07-07,7.0,moderate flood,"Dhemaji,Jorhat",Assam,,,0.0,0.0,0.0,0.0,"(i) Railway bridge near Gogamukh washed away (ii) Road between Garmur,Kamlabari submerged disrupting the traffic (iii)Vast crop land flooded damaging the crops (iv) About 10 lakh people affected",IMD,2001.0,1.0,0.0
2001-08-09,,14.0,moderate flood,"Dhemaji, Goalpara,Marigaon,Nalbari",Assam,,,1.0,0.0,0.0,0.0,(i) Vast crop land flooded (ii)More than one lakh people affected,IMD,2001.0,8.0,1.0
2001-01-09,,14.0,severe floods,"Begusarai, Darbhanga, Purbi Champaran, Gopalganj, Katihar,  Saharsa, Purnia, Khagaria, Muzaffarpur, Madhubani, Saran, Sitamarhi, Siwan, Pashchim Champaran,Vaishali","Bihar, Jharkhand",,,150.0,0.0,0.0,250.0,"(i)Crops,many houses destroyed (ii) Bridges on NH85 between Devapur,Mirzapur destroyed completely affecting road links to Barauni, Motihari, Buxar, Betia,Nepal (iii) Railway track of the section Mashrakh submerged (iv) Power supply cut off as grid stations flooded (v) Army helped rescue operations",IMD,2001.0,1.0,150.0
2001-05-10,2001-05-10,1.0,heavy rains,Bhojpur,"Bihar, Jharkhand",,,6.0,0.0,0.0,0.0,,IMD,2001.0,5.0,6.0
2001-08-10,2001-08-10,1.0,heavy rains,Buxar,"Bihar, Jharkhand",,,2.0,0.0,0.0,0.0,,IMD,2001.0,8.0,2.0
2001-05-06,2001-05-06,1.0,heavy rains,Ahmedabad,Gujarat,,,0.0,0.0,0.0,0.0,Two buidings collapsed in Shahpur,IMD,2001.0,5.0,0.0
2001-11-06,2001-11-06,1.0,heavy rains,Ahmedabad,Gujarat,,,0.0,2.0,0.0,0.0,,IMD,2001.0,11.0,2.0
2001-10-08,2001-10-08,1.0,heavy rains,Northern parts,Gujarat,,,12.0,25.0,0.0,0.0,,IMD,2001.0,10.0,37.0
2001-11-08,2001-11-08,1.0,heavy rains,Valsad,Gujarat,,,1.0,0.0,0.0,0.0,,IMD,2001.0,11.0,1.0
2001-01-06,2001-02-06,2.0,heavy rains,"Kullu, Mandi,Shimla",Himachal Pradesh,,,0.0,1.0,0.0,3.0,"(i) One house buried in village Mehi due to landslide (ii)Pathankot-Mandi highway blocked for vehicular traffic (iii) A few scooters washed away in Kangra district (iv) Signboards blown off TV Antennae twisted,power supply disrupted",IMD,2001.0,1.0,1.0
2001-12-06,2001-12-06,1.0,heavy rains,Kullu,Himachal Pradesh,,,0.0,0.0,0.0,0.0,"3 houses washed away,20 badly damaged at Bara Bhuin near Bhuntar, 11 km from Kullu",IMD,2001.0,12.0,0.0
2001-03-07,2001-03-07,1.0,heavy rains,Kinnaur,Himachal Pradesh,,,0.0,0.0,0.0,0.0,Bridge over Ravi nullah washed away,IMD,2001.0,3.0,0.0
2001-08-08,2001-08-08,1.0,heavy rains,Sirmaur,Himachal Pradesh,,,0.0,0.0,0.0,0.0,(i)Landslides reported from various places in Nahan (ii)Number of houses collapsed,IMD,2001.0,8.0,0.0
2001-10-08,2001-10-08,1.0,heavy rains,Shimla,Himachal Pradesh,,,5.0,0.0,0.0,0.0,,IMD,2001.0,10.0,5.0
2001-07-07,2001-07-07,1.0,heavy rains,Dakshina Kannada,Karnataka,,,0.0,3.0,0.0,0.0,,IMD,2001.0,7.0,3.0
2001-09-07,2001-09-07,1.0,heavy rains,Kodagu,Karnataka,,,0.0,0.0,0.0,0.0,"(i)Madikeri-bhagmandala road flooded by 1 ft of rain water (ii)6 poles of 33kV line fallen in Balekadu estate causing power failure in Shuntikoppa,Madikeri",IMD,2001.0,9.0,0.0
2001-07-08,2001-07-08,1.0,heavy rains,Dakshina Kannada,Karnataka,,,0.0,0.0,0.0,0.0,Many houses damaged in Udupi taluka,IMD,2001.0,7.0,0.0
2001-08-10,,14.0,heavy rains,"Bengaluru Rural, Ballari, Dharwad, Kolar,Raichur",Karnataka,,,23.0,58.0,0.0,0.0,"(i)In Bhima catchment area Banana,Sugarcane crops,pump sets damaged (ii) One 90 years old Peepal tree having the girth more than 25 ft uprooted in Bengaluru Rural city (iii)About 500 houses,one main bridge on the State highway near Sindanoor town badly damaged",IMD,2001.0,8.0,81.0
2001-06-11,2001-06-11,1.0,heavy rains,Mandya,Karnataka,,,0.0,0.0,0.0,0.0,"(i)Chikkdevarayasagar canal breached causing derailment of goods train (ii) 40 oil tankers also derailed, 19 of which flown off the rains (iii) Extensive damage to sugarcane,paddy crops reported",IMD,2001.0,6.0,0.0
2001-07-04,2001-07-04,1.0,heavy rains,"Kottayam,Kozhikode",Kerala,,,0.0,0.0,0.0,0.0,"Widespread damage to property,agriculture reported",IMD,2001.0,7.0,0.0
2001-08-06,2001-08-06,1.0,heavy rains,Kasaragod,Kerala,,,1.0,0.0,0.0,0.0,,IMD,2001.0,8.0,1.0
2001-08-07,,7.0,heavy rains,"Alappuzha, Idukki, Kollam, Kottayam, Thiruvananthapuram,Thrissur",Kerala,,,22.0,0.0,0.0,0.0,"(i) Landslides reported (ii)Widespread damage to property,,crops reported (iii) Damage to 210 houses also reported",IMD,2001.0,8.0,22.0
2001-10-11,2001-10-11,1.0,heavy rains,Thiruvananthapuram,Kerala,,,40.0,0.0,0.0,0.0,"(i) Landslides reported (ii) Electricity supply was totally cut (iii)4 houses completely collapsed (iv)Police, army,fire brigade officials called for rescue operations",IMD,2001.0,10.0,40.0
2001-03-07,2001-03-07,1.0,heavy rains,"Guna, Mandsaur,Shivpuri","Madhya Pradesh,  Chhattisgarh",,,7.0,0.0,0.0,0.0,"Rail,road links disrupted,railway bridges damaged",IMD,2001.0,3.0,7.0
2001-10-07,2001-10-07,1.0,heavy rains,"Dhamtari, Narmadapuram, Jabalpur, Jagdalpur, Uttar Kashi Bastar Kanker, Mandla,Seoni","Madhya Pradesh,  Chhattisgarh",,,40.0,0.0,0.0,0.0,,IMD,2001.0,10.0,40.0
2001-11-07,2001-11-07,1.0,heavy rains,"Damoh, Raipur","Madhya Pradesh,  Chhattisgarh",,,2.0,0.0,0.0,0.0,,IMD,2001.0,11.0,2.0
2001-11-10,2001-11-10,1.0,heavy rains,Khargone (Khargone (West Nimar)),"Madhya Pradesh,  Chhattisgarh",,,1.0,0.0,0.0,0.0, Many houses damaged making many families homeless,IMD,2001.0,11.0,1.0
2001-09-07,2001-09-07,1.0,heavy rains,Raigarh,Maharashtra,,,0.0,0.0,0.0,0.0,"In Western ghats, near Karjat landlsides reported. Heave of boulders rolled on the central railway track near Jambrung,Palasdari",IMD,2001.0,9.0,0.0
2001-09-07,2001-10-07,2.0,heavy rains,Ahmednagar,Maharashtra,,,0.0,0.0,0.0,1000.0,"In catchment area of Bhandardara-Mula dam, crops,houses extensively damaged",IMD,2001.0,9.0,0.0
2001-09-07,2001-10-07,2.0,heavy rains,Mumbai,Maharashtra,,,2.0,0.0,0.0,0.0,Many trees uprooted,IMD,2001.0,9.0,2.0
2001-09-07,2001-10-07,2.0,heavy rains,Nagpur,Maharashtra,,,1.0,0.0,0.0,0.0,,IMD,2001.0,9.0,1.0
2001-11-07,2001-11-07,1.0,heavy rains,Pune,Maharashtra,,,0.0,0.0,0.0,1200.0,,IMD,2001.0,11.0,0.0
2001-11-07,2001-11-07,1.0,heavy rains,Raigarh,Maharashtra,,,0.0,0.0,0.0,0.0,Landslides reported in Warandha ghat affecting bus services.,IMD,2001.0,11.0,0.0
2001-11-08,2001-11-08,1.0,heavy rains,Nagpur,Maharashtra,,,1.0,0.0,0.0,0.0,,IMD,2001.0,11.0,1.0
2001-01-10,2001-01-10,1.0,heavy rains,"Aurangabad, Beed, Latur,Parbhani",Maharashtra,,,0.0,1.0,0.0,0.0,Road traffic disrupted,IMD,2001.0,1.0,1.0
2001-03-10,2001-04-10,2.0,heavy rains,Jalgaon,Maharashtra,,,0.0,0.0,0.0,0.0,Damage to Jowar crop reported,IMD,2001.0,3.0,0.0
2001-06-10,2001-09-10,4.0,heavy rains,"Ahmednagar, Pune,Solapur",Maharashtra,,,3.0,3.0,0.0,0.0,"(i) Onion crop infested with 'Karpa,Taka' diseases. Harvested bajra crop drenched,became non consumable in Baramati area (ii) Pune,neighbourhood had disrupted power supply,water logging at many places",IMD,2001.0,6.0,6.0
2001-05-06,2001-05-06,1.0,heavy rains,East Jaintia Hills,Meghalaya,,,8.0,12.0,0.0,0.0,"(i)Landslides reported (ii)A stretch of 6 km on NH 44 was covered with mud,silt affecting the traffic for one week",IMD,2001.0,5.0,20.0
2001-08-07,,14.0,severe floods,"Bhadrak, Dhenkanal, Jajapur, Subarnapur, Nuapada, Balangir, Boudh, Cuttack, Kandhamal, Nayagarh, Khordha, Kalahandi, Jagatsinghapur, Puri, Nagpur, Rayagada, Koraput, Malkangiri, Anugul, Kendrapara, Ganjam, Gajapati, Mayurbhanj, Sundargarh, Kendujhar, Baleshwar, Jharsuguda, Bargarh, Deogarh, Sambalpur",Odisha,,,99.0,0.0,0.0,18149.0,"(i))All caostal,deltaic regions of Mahanadi flooded, Hirakud,Daleghai dam(Jagatsinghapur) flooded (ii)Cuttack, Jagatsinghapur, Jaipur, Kendrapara,Puri worst affected. Army,Air force conducted rescue operations. Food packets air dropped. Personnel of INS Chilka shifted marooned people (iii)Acute shortage of necessary commodities (iv)Jharsuguda-Sambalpur highway flooded (v)Mahanadi,its tributaries changed their flow path at 40 places entered residential area creating havoc",IMD,2001.0,8.0,99.0
2001-09-06,2001-09-06,1.0,heavy rains,Alwar,Rajasthan,,,1.0,0.0,0.0,0.0,"Many pole uprooted,houses damaged",IMD,2001.0,9.0,1.0
2001-01-07,2001-03-07,3.0,heavy rains,"Ajmer, Baran, Bhilwara, Bundi, Kota,Udaipur",Rajasthan,,,1.0,3.0,0.0,0.0,"(i)12 'Kasbas' in Baran submerged under 5 ft of water. Baran district cut off completely from the rest of the State (ii)Most of the lakes in Bundi,Kota districts overflown (iii) 60 houses damaged",IMD,2001.0,1.0,4.0
2001-10-07,,5.0,heavy rains,"Banswara, Bundi, Jodhpur,Udaipur",Rajasthan,,,0.0,5.0,0.0,300.0,Dozens of houses damaged,IMD,2001.0,10.0,5.0
2001-05-06,2001-06-06,2.0,flash flood,West Tripura,Tripura,,,0.0,2.0,0.0,0.0,(i)Tripura cut off from rest of the parts (ii) 5000 people became homeless,IMD,2001.0,5.0,2.0
2001-06-07,2001-06-07,1.0,heavy rains,"Uttar Kashi Kashi, Chamoli, Dehradun, Tehri Garhwal, Rudra Prayag, Pithoragarh, Bageshwar, Haridwar, Garhwal, Almora, Nainital, Champawat, Udam Singh Nagar",Uttarakhand,,,10.0,0.0,0.0,0.0,(i) Landslides reported (ii)Many people stranded on the way; helped by India-Tibet border police,IMD,2001.0,6.0,10.0
2001-04-08,2001-04-08,1.0,heavy rains,"Azamgarh,Bahraich","Uttar Pradesh, Uttarakhand",,,0.0,0.0,0.0,0.0,"125 villages of Azamgarh,65 in Bahraich inundated",IMD,2001.0,4.0,0.0
2001-01-09,,14.0,severe floods,East Uttar Kashi Pradesh,"Uttar Pradesh, Uttarakhand",,,212.0,0.0,0.0,0.0,"(i) Power,telecom services disrupted (ii) Trains services dislocated, routes diverted,many railway bridges damaged (iii)2000 houses damaged",IMD,2001.0,1.0,212.0
2001-10-06,,4.0,heavy rains,"Hooghly,Kolkata",West Bengal,,,0.0,0.0,0.0,0.0,"(i)Many mud houses collapsed in Hooghly,Kakdweep (ii)500 marooned people rescued by the State Govt.",IMD,2001.0,10.0,0.0
2001-08-08,,7.0,moderate flood,"Malda, Paschim Purba Medinipur,Purba Purba Medinipur, Murshidabad, South 24 Parganas",West Bengal,,,0.0,0.0,0.0,0.0,"(i) More than one lakh people in 4 blocks of Maldah marooned (ii)More than 60 huts of fishermen in Digha,Contai washd away, roads damaged. (iii) River embankments in South Twenty Four Pargan breached",IMD,2001.0,8.0,0.0
2001-01-09,,14.0,moderate flood,"Jalpaiguri, Kolkata,Uttar Kashi Dinajpur",West Bengal,,,0.0,0.0,0.0,0.0,"(i)Stretches of NH 31 In Uttar Dinajpur,roads in Jalpaiguri washed away causing communication disruption (ii) Total 1 lakh population affected",IMD,2001.0,1.0,0.0
2001-01-10,,14.0,moderate flood,"Darjeeling, Uttar Kashi Dinajpur,Dakshin Dinajpur",West Bengal,,,2.0,8.0,0.0,0.0,"(i) Landslides reported from many places including Rangtang(Kurseong) near Kalimpong (ii)Darjiling- Sikkim road link cut off (iii)Balurghat Town(Dakhsin Dinajpur) inundated, thousands of residents marooned (iv) 1 truck loaded with cement bags washed away in Teesta river (v) Many houses collapsed",IMD,2001.0,1.0,10.0
2002-04-08,2002-04-08,1.0,flash flood(jia bhareli),"Tawang,West Kameng, West Kameng",Arunachal Pradesh,,,0.0,8.0,0.0,0.0,"(i) 2 iron bridges,4 vehicles damaged (ii)Tawang cut off from the rest of the country",IMD,2002.0,4.0,8.0
2002-08-05,2002-08-05,1.0,flash flood(bamai),Nagaon,Assam,,,0.0,0.0,0.0,0.0,"Bodo paddy in 25 villages submerge,damaged in Jarabari Mouza",IMD,2002.0,8.0,0.0
2002-01-07,,50.0,"severe flood(brahmaputra,its tributaries)","Tinsukia, Dhemaji, Dibrugarh, Lakhimpur, Sivasagar, Jorhat, Sonitpur, Golaghat, Udalguri, Chirang, Baksa, Nagaon, Kokrajhar, Darrang, Barpeta, Nalbari, Marigaon, Kamrup, Bongaigaon, Dhubri, Kamrup Metro, Goalpara, Dima Hasao, Cachar, Karimganj, Hailakandi, Charaideo, Majuli, Biswanath, Hojai, South Salmara Mancachar, Karbi Anglong, West Karbi Anglong",Assam,,,41.0,0.0,0.0,482.0,"(i) 800 meetres of embankment washed away, another two breaches at Ame Chapari,Rekha Chapari widened, submerging the vast areas,affecting 10 lakh people. Help from Army,Red Cross Society sought to rescue people,provide them with relief materialks like tarpaulins, waterr purification tablets, saline bottles, etc (ii) NH52 also breachedat Kekuri,Samarajan cutting off Dhemaji from other districts (iii)Landslides reported from Noonmati from Kamrup Metropolitan-Shillong road, disrupting the road coimmunication (iv) In Silchar, HQ's of Cacahr district, 250 metres of railway track washed away cutting off link between Lumding,Badarpur (v)More than3.30 lakh hectares of cropland affected (vi) Nearly 20,000 houses damaged",IMD,2002.0,1.0,41.0
2002-03-07,2002-03-07,1.0,flash flood,"Muzaffarpur, Sheohar,Sitamarhi","Bihar, Jharkhand",,,0.0,1.0,0.0,0.0,"60 villages in MUzaffarpur,12 villages in Sheohar inundated",IMD,2002.0,3.0,1.0
2002-04-09,2002-05-09,2.0,"flash flood (narmada,tapi)","Anand, Bharuch, Dangs, Narmada, Navsari, Sabar Kantha, Surat,Vadodara",Gujarat,,,28.0,0.0,0.0,0.0,(i)Low lying areas inundated (ii)Thousands of people shifted to safer places (iii)Many houses washed away,IMD,2002.0,4.0,28.0
2002-03-08,2002-03-08,1.0,flash flood,Hamirpur,Himachal Pradesh,,,0.0,3.0,0.0,0.0,"5 tractors,a truck washed away",IMD,2002.0,3.0,3.0
2002-04-08,2002-04-08,1.0,heavy rains,Chamba,Himachal Pradesh,,,0.0,0.0,0.0,2.0,(i)Cloud Burst reported in Sarangani village (ii)A few houses washed away,IMD,2002.0,4.0,0.0
2002-12-08,2002-12-08,1.0,flash flood,Hamirpur,Himachal Pradesh,,,0.0,0.0,0.0,200.0,(i)Crops washed away (ii)Damage to public/private property reported,IMD,2002.0,12.0,0.0
2002-11-09,2002-11-09,1.0,heavy rains,Shimla,Himachal Pradesh,,,0.0,0.0,0.0,0.0,"(i) Landslides reported (ii)Nearly a dozen shops,a few vehicles(two wheelers) buried under the debris (iii) Damage to roads,property reported",IMD,2002.0,11.0,0.0
2002-09-10,,5.0,heavy rains,Kodagu,Karnataka,,,0.0,0.0,0.0,0.0,"Bhagmandala-Nopoklu road damaged,cut off for traffic, Murandu, Konnangeri,Siddapura road partially collapsed",IMD,2002.0,9.0,0.0
2002-11-06,,3.0,heavy rains,"Kollam, Kozhikode,Thrissur",Kerala,,,2.0,0.0,0.0,0.0,Damages to several houses reported,IMD,2002.0,11.0,2.0
2002-12-07,2002-12-07,1.0,heavy rains,Kannur,Kerala,,,1.0,0.0,0.0,0.0,"(i)Laandslides reported (ii) Widespread damage to crops,property reported",IMD,2002.0,12.0,1.0
2002-12-10,,2.0,heavy rains,Kasaragod,Kerala,,,2.0,2.0,0.0,0.0,Damage to property in Kumbala,IMD,2002.0,12.0,4.0
2002-08-06,2002-08-06,1.0,heavy rains,Pune,Maharashtra,,,0.0,0.0,0.0,0.0,"(i)Several trees in the Pune city,outskirts uprooted disrupting power supply,road traffic. Services of fire brigade called for to clear roads. Power cables cut off, conductors,insulators damaged resulting in power cuts in various areas (ii)2 scooters,5 cycles swayed away in a swollen nullah. Wall collapse of the houses reported",IMD,2002.0,8.0,0.0
2002-05-08,2002-07-08,3.0,heavy rains,Mumbai,Maharashtra,,,10.0,0.0,0.0,0.0,"(i)Road traffic, train services,domestic rand international flights affected badly (ii)Around 40 trees uprooted in Mumbai",IMD,2002.0,5.0,10.0
2002-09-08,2002-09-08,1.0,heavy rains,Pune,Maharashtra,,,0.0,0.0,0.0,0.0,"Landslide happened from the hilly regions on the road passing near Mulshi dam near village Nive( the road connecting Konkan area). Traffic closed, tourists stranded",IMD,2002.0,9.0,0.0
2002-07-08,2002-10-08,4.0,heavy rains,"Ratnagiri,Sindhudurg",Maharashtra,,,0.0,0.0,0.0,0.0,(i)Fondaghat closed down for traffic. Traffic on the roads leading yo Kolhapur also affected (ii)Market places in Rajapur inundated,IMD,2002.0,7.0,0.0
2002-11-08,2002-11-08,1.0,heavy rains,Mumbai,Maharashtra,,,0.0,0.0,0.0,0.0,"Tidal waves upto height of 20 ft. reported, due to whih snackstalls washed away",IMD,2002.0,11.0,0.0
2002-01-09,2002-02-09,2.0,heavy rains,Jalgaon,Maharashtra,,,0.0,1.0,0.0,0.0,"Urad,moong damaged",IMD,2002.0,1.0,1.0
2002-01-09,2002-04-09,4.0,Unknown,"Aurangabad, Dharashiv, Jalna, Beed, Latur, Nanded, Hingoli,Parbhani,Yavatmal, Akola, Amravati, Wardha, Buldhana, Washim, Nagpur, Chandrapur, Bhandara, Gadchiroli,Gondia",Maharashtra,,,35.0,0.0,0.0,0.0,"(i)Moong, urad, soyabean,cotton destroyed (ii)Marooned people rescued with the help of helicopters",IMD,2002.0,1.0,35.0
2002-01-09,2002-04-09,4.0,heavy rains,Nandurbar,Maharashtra,,,0.0,0.0,0.0,0.0,A few houses damaged,IMD,2002.0,1.0,0.0
2002-04-09,2002-04-09,1.0,heavy rains,Nashik,Maharashtra,,,5.0,0.0,0.0,0.0,Around 38 houses damaged,IMD,2002.0,4.0,5.0
2002-01-07,2002-01-07,1.0,floash flood(jinjiram andrangai),West Garo Hills,Meghalaya,,,1.0,0.0,0.0,0.0,"Large areas inundated, damaging the crops",IMD,2002.0,1.0,1.0
2002-02-08,2002-02-08,1.0,heavy rains,Gyalshing,Sikkim,,,4.0,0.0,0.0,0.0,Landslides reported,IMD,2002.0,2.0,4.0
2002-01-11,2002-11-11,11.0,heavy rains,"Chennai, Coimbatore, Namakkal, Perambalur, Pudukkottai, Thanjavur, Theni, Thiruvallur, Tirunelveli,Tiruvannamalai",Tamil Nadu,,,20.0,0.0,0.0,50.0,"(i)Long stretches of raods water logged (ii)More than 100 huts partially damaged,more than 100 dwellings completely damaged",IMD,2002.0,1.0,20.0
2002-12-02,2002-12-02,1.0,heavy rains,"Azamgarh, Bareilly, Hamirpur, Jaunpur,Kanpur nagar",Uttar Pradesh,,,16.0,0.0,0.0,0.0,,IMD,2002.0,12.0,16.0
2002-11-08,2002-11-08,1.0,heavy rains,"Tehri Garhwal,Uttar Kashi Kashi",Uttarakhand,,,33.0,0.0,0.0,0.0,"(i)Landslides reported (ii)Large number of houses destroyed (iii) Army employed for rescue work (iv) Rescue work hampered due to rains,bad light",IMD,2002.0,11.0,33.0
2002-07-09,,7.0,"moderate flood(ganga, yamuna,sohali)","Bijnor, Amroha, Kanpur nagar Nagar,Kanpur nagar Dehat, Lucknow, Meerut, Muzaffarnagar,Unnao",Uttar Pradesh,,,10.0,0.0,0.0,0.0,"(i)Vast areas in Bijnor, Meerut,Muzaffarnagar districts inundated (ii)A few houses collapsed in Kanpur",IMD,2002.0,7.0,10.0
2002-12-09,2002-12-09,1.0,heavy rains,"Haridwar,Nainital",Uttarakhand,,,0.0,0.0,0.0,0.0,Many houses collapsed,IMD,2002.0,12.0,0.0
2002-02-07,2002-02-07,1.0,heavy rains,Jalpaiguri,West Bengal,,,0.0,0.0,0.0,0.0,"(i)1 bridge in Oodlabari on Gheesh river washed away cutting off the link on NH31 connecting north east India,the rest of the country (ii)Rail track between Siliguri,Malbazar damaged (iii)nearly 20,000 people affected",IMD,2002.0,2.0,0.0
2003-07-06,2003-07-06,1.0,flash flood(jiadhol),Dhemaji,Assam,,,0.0,0.0,0.0,0.0,"Due to heavy rains in Arunachal Pradesh, the water level of Jiadhol river risen inundating NH52,railway track at Samarajan cutting off all vehicular/rail traffic",IMD,2003.0,7.0,0.0
2003-08-06,,44.0,"severe flood(brahmaputra,its tributaries)","Tinsukia, Dhemaji, Dibrugarh, Lakhimpur, Sivasagar, Jorhat, Sonitpur, Golaghat, Udalguri, Chirang, Baksa, Nagaon, Kokrajhar, Darrang, Barpeta, Nalbari, Marigaon, Kamrup, Bongaigaon, Dhubri, Kamrup Metro, Goalpara, Dima Hasao, Cachar, Karimganj, Hailakandi, Charaideo, Majuli, Biswanath, Hojai, South Salmara Mancachar, Karbi Anglong, West Karbi Anglong",Assam,,,38.0,0.0,0.0,0.0,"(i)52,35,092 people affected. Dhemaji disrtict worst affected (ii)Standing crops in 2,13,184 hectares badly damaged (iii)3,635 houses fully,1.,015 houses permanently damaged. Around 6.5 lakh people became homeless. (iv)Some of the tributaries change their course, Submerging low lying areas. Kaziranga National Park also inundated. Animals from the park took shelter in nearby Karbi Anglong hills (v) Several roads including NH 52 inundated at many points. Road communication disrupted (vi) 200 metre railtrack between Silchar,Lumding washed away. Rail service cut off",IMD,2003.0,8.0,38.0
2003-02-09,2003-02-09,1.0,flash flood(salengi),Lakhimpur,Assam,,,0.0,0.0,0.0,0.0,"NH 52 submerged in Brahmajan. Road communication to Gohpur, Lakhimpur,Dhemaji disrupted",IMD,2003.0,2.0,0.0
2003-04-10,2003-04-10,1.0,flash flood(gavoru),Sonitpur,Assam,,,0.0,0.0,0.0,0.0,"12,000 people from 15 villages in west Sonitpur affected due to overflowing of Gavoru river",IMD,2003.0,4.0,0.0
2003-09-10,2003-09-10,1.0,heavy rains,Kamrup,Assam,,,2.0,0.0,0.0,0.0,Landslide reported,IMD,2003.0,9.0,2.0
2003-11-10,2003-11-10,1.0,flash flood(barpani),"Kamrup, Karbi Anglong,Nagaon,Sonitpur",Assam,,,0.0,1.0,0.0,0.0,"(i) Nearly 60,000 people affected (ii)98% of the farm field with standing crops submerged (iii)NH 37,NH 52,around 13 km. stretch of Kampur-Baithalangso road submerged (iv)More than 100 houses,a church washed away",IMD,2003.0,11.0,1.0
2003-01-08,,14.0,"severe flood(ganga, bagmati, kosi, mahananda. adhwara, gandak,burhi gandak)","Pashchim Champaran, Purbi Champaran, Sitamarhi, Sheohar, Gopalganj, Samastipur, Katihar, Khagaria, Bhojpur, Buxar, Darbhanga, Saharsa, Kaimur (Bhabua), Rohtas, Jamui, Banka, Nawada, Gaya, Munger, Vaishali, Begusarai, Bhagalpur, Lakhisarai, Sheikhpura, Arwal, Jehanabad, Nalanda, Patna, Saran, Siwan, Muzaffarpur, Madhepura, Araria, Supaul, Madhubani, Purnia, Kishanganj, Aurangabad",Bihar,,,75.0,0.0,0.0,0.0,,IMD,2003.0,1.0,75.0
2003-09-09,2003-11-09,3.0,severe flood,"Pashchim Champaran, Purbi Champaran, Sitamarhi, Sheohar, Gopalganj, Samastipur, Katihar, Khagaria, Bhojpur, Buxar, Darbhanga, Saharsa, Kaimur (Bhabua), Rohtas, Jamui, Banka, Nawada, Gaya, Munger, Vaishali, Begusarai, Bhagalpur, Lakhisarai, Sheikhpura, Arwal, Jehanabad, Nalanda, Patna, Saran, Siwan, Muzaffarpur, Madhepura, Araria, Supaul, Madhubani, Purnia, Kishanganj, Aurangabad",Bihar,,,140.0,0.0,0.0,0.0,"(i)Patna-Chapra road submerged under 2 feet flood water,Arrah-Buxar road also submerged (ii)Chapra-Varanasi rail line submerged under flood water (iii)Paddy,maize crop damaged extensively (iv) Nearly 70,000 people affected (v) River embankments breached at several points submergung around 60 villages",IMD,2003.0,9.0,140.0
2003-01-08,,31.0,heavy rains,Many parts,Gujarat,,,76.0,0.0,0.0,0.0,,IMD,2003.0,1.0,76.0
2003-12-07,2003-12-07,1.0,heavy rains,"Hisar,Sonipat",Haryana,,,4.0,0.0,0.0,0.0,,IMD,2003.0,12.0,4.0
2003-08-07,2003-08-07,1.0,heavy rains,Shimla,Himachal Pradesh,,,0.0,0.0,0.0,0.0,(i)Hesvy rains due to cloud burst reporrted (ii) Extensive damage to public/private property reported at Rampur,IMD,2003.0,8.0,0.0
2003-02-08,2003-02-08,1.0,heavy rains,"Chamba,Shimla",Himachal Pradesh,,,0.0,1.0,0.0,0.0,"(i) Landslide reported(ii) Chamba cut off due to blockade of Chamba-Pathankot highway following widespread rain,landslide",IMD,2003.0,2.0,1.0
2003-03-08,2003-03-08,1.0,heavy rains,Kangra,Himachal Pradesh,,,1.0,0.0,0.0,0.0,Landslide reported,IMD,2003.0,3.0,1.0
2003-05-08,2003-05-08,1.0,heavy rains,Kinnaur,Himachal Pradesh,,,0.0,4.0,0.0,0.0,,IMD,2003.0,5.0,4.0
2003-07-08,2003-08-08,2.0,flash flood,"Kullu,Shimla",Himachal Pradesh,,,0.0,60.0,0.0,0.0,"(i) Flash flood due to cloudburst reported. Landslide also reported  (ii)Three buses, two jeeps,two trucks washed away in Pungrish Nullah (iii) Kotkhai bus stand,about 10 shops also damaged (iv)1 bridge,2 water mills,a shop washed away while 2 watermills,another 3 houses damaged (v) Hindustan-Tibet road between Jhakri,Jury blocked at various places due to landslide",IMD,2003.0,7.0,60.0
2003-03-10,2003-06-10,4.0,heavy rains,"Davangere, Hassan, Koppal, Shivamogga,Tumakuru",Karnataka,,,1.0,0.0,0.0,0.0,"(i)In Davanagere dist. riped bana plantations in about 50 acres,about 30 to 40 arecanut trees razed to the ground. Maize crop in about 60 acres also damaged. Paddy saplings in vast areas of Shivamogga dist, destroyed (ii) A few houses,more than 50 huts collapsed,a tmple in Tumkur dist. partially damaged. A bridge in Hassan dist. also damaged (iii)A few road bunds breached causing inundation in Tiptur town of Timkur dist.",IMD,2003.0,3.0,1.0
2003-12-10,,2.0,heavy rains,Bengaluru Urban,Karnataka,,,3.0,0.0,0.0,0.0,(i)Landslide reported (ii)Hundreds of houses located in the Vrishabahvathi valley area damaged (iii)Low lying areas inundated,IMD,2003.0,12.0,3.0
2003-04-07,2003-04-07,1.0,heavy rains,Kottayam,Kerala,,,1.0,0.0,0.0,0.0,,IMD,2003.0,4.0,1.0
2003-06-07,2003-06-07,1.0,heavy rains,"Kasaragod, Kottayam,Palakkad",Kerala,,,4.0,2.0,0.0,0.0,A few houses collapsed in Kasaragod dist,IMD,2003.0,6.0,6.0
2003-02-10,2003-02-10,1.0,heavy rains,Thrissur,Kerala,,,0.0,2.0,0.0,0.0,,IMD,2003.0,2.0,2.0
2003-05-10,2003-07-10,3.0,heavy rains,"Idukki, Kollam,Thiruvananthapuram",Kerala,,,1.0,3.0,0.0,0.0,"(i)Landslide reported in Kollam district (ii)Around 65 houses partially/completely damaged in Idukki,Thiruvananthapuram dist. (iii) Rail services disrupted du to falling of trees over rail track in Thiruvananthapuram dist.",IMD,2003.0,5.0,4.0
2003-10-08,2003-10-08,1.0,heavy rains,Dewas,Madhya Pradesh,,,1.0,18.0,0.0,0.0,Roofs of several huts blown away,IMD,2003.0,10.0,19.0
2003-08-09,2003-08-09,1.0,flash flood,"Rewa,Satna",Madhya Pradesh,,,10.0,0.0,0.0,0.0,(i) Thousands of people became homeless (ii)Road links disrupted,IMD,2003.0,8.0,10.0
2003-10-09,,6.0,heavy rains,"Bhopal, Gwalior, Rewa,Satna",Madhya Pradesh,,,35.0,0.0,0.0,0.0,Road links interrupted,IMD,2003.0,10.0,35.0
2003-11-06,2003-11-06,1.0,heavy rains,Latur,Maharashtra,,,0.0,0.0,0.0,0.0,"60,000 sugar bags belonging to Mnjra sugar factory drenched",IMD,2003.0,11.0,0.0
2003-07-07,2003-07-07,1.0,heavy rains,Mumbai,Maharashtra,,,0.0,2.0,0.0,0.0,(i) Low lying areas inundated (ii)Around 50 trees uprooted,IMD,2003.0,7.0,2.0
2003-01-10,2003-01-10,1.0,heavy rains,Pune,Maharashtra,,,0.0,0.0,0.0,0.0,(i) A few trees uprooted in Pimpri-Chinchwad area (ii)Waterlogging at many places reported,IMD,2003.0,1.0,0.0
2003-02-10,2003-02-10,1.0,heavy rains,Sangli,Maharashtra,,,1.0,8.0,0.0,0.0,"(i) Many trees uprooted,damage to several vehicles reported (ii) Electric supply disrupted due to breaking of overhead wire",IMD,2003.0,2.0,9.0
2003-08-10,2003-08-10,1.0,heavy rains,Pune,Maharashtra,,,4.0,0.0,0.0,0.0,Landslide reported,IMD,2003.0,8.0,4.0
2003-01-11,2003-02-11,2.0,heavy rains,Pune,Maharashtra,,,0.0,0.0,0.0,0.0,"(i) Harvested rie crop ready for cutting badly damagedin rural areas of Mulshi,Maval tehsil. Extensive damage to horticulture(i.e rose jarbera,aster) also reported (ii) In Maval tehsil, many brick kilns badly damaged (iii) A few wall collapse incidents also reported at Talegaon Dabhade(Maval tehsil)",IMD,2003.0,1.0,0.0
2003-09-10,2003-09-10,1.0,flash flood(umshyrpi),East Khasi Hills,Meghalaya,,,0.0,1.0,0.0,0.0,,IMD,2003.0,9.0,1.0
2003-01-08,,28.0,"severe flood(mahanadi,its triutaries)",14 districts,Odisha,,,10.0,0.0,0.0,0.0,(i) 28 lakh people affected (ii)48 doors (outlets) of Hirakud dam (iii)Roads washd away at many points disrutpting road traffic,IMD,2003.0,1.0,10.0
2003-01-09,,30.0,severe flood,"Bhadrak, Dhenkanal, Jajapur, Subarnapur, Nuapada, Balangir, Boudh, Cuttack, Kandhamal, Nayagarh, Khordha, Kalahandi, Jagatsinghapur, Puri, Nagpur, Rayagada, Koraput, Malkangiri, Anugul, Kendrapara, Ganjam, Gajapati, Mayurbhanj, Sundargarh, Kendujhar",Odisha,,,60.0,0.0,0.0,2500.0,"(i)1,38,329 houses damaged (ii)4,77,570.08 hctares of crop land affected",IMD,2003.0,1.0,60.0
2003-01-10,,14.0,severe flood,11 districts,Odisha,,,32.0,0.0,0.0,482.0,"4,13,207 hectares of crop land affected",IMD,2003.0,1.0,32.0
2003-02-08,2003-02-08,1.0,heavy rains,Bathinda,Punjab,,,1.0,1.0,0.0,0.0,,IMD,2003.0,2.0,2.0
2003-06-07,2003-06-07,1.0,heavy rains,Dausa,Rajasthan,,,0.0,1.0,0.0,0.0,,IMD,2003.0,6.0,1.0
2003-10-07,,4.0,heavy rains,"Ajmer, Alwar, Banswara, Bharatpur, Churu, Jaisalmer, Jhunjhunu, Jodhpur,Sikar",Rajasthan,,,21.0,0.0,0.0,0.0,Dozens of houses collpapsed/ damaged,IMD,2003.0,10.0,21.0
2003-10-08,2003-10-08,1.0,heavy rains,Jhunjhunu,Rajasthan,,,0.0,0.0,0.0,0.0,"1 building,24 Kachchha houses damaged",IMD,2003.0,10.0,0.0
2003-04-07,2003-06-07,3.0,heavy rains,"Dehradun,Tehri Garhwal",Uttarakhand,,,5.0,0.0,0.0,0.0,"(i)Landslide reported (ii)Road communication affctd. Gangotri, Riskhikesh,Badrinath cound traffic stranded",IMD,2003.0,4.0,5.0
2003-11-07,,4.0,heavy rains,Most parts,Uttar Pradesh,,,64.0,0.0,0.0,0.0,,IMD,2003.0,11.0,64.0
2003-02-09,2003-02-09,1.0,heavy rains,Hamirpur,Uttar Pradesh,,,2.0,0.0,0.0,0.0,,IMD,2003.0,2.0,2.0
2003-03-09,2003-03-09,1.0,heavy rains,Muzaffarnagar,Uttar Pradesh,,,3.0,0.0,0.0,0.0,Many houses collapsed,IMD,2003.0,3.0,3.0
2003-04-09,2003-04-09,1.0,heavy rains,Many parts,Uttar Pradesh,,,65.0,0.0,0.0,0.0,,IMD,2003.0,4.0,65.0
2003-08-09,,14.0,"severe flood (ganga,its tributaries)",Many parts,Uttar Pradesh,,,172.0,0.0,0.0,0.0,,IMD,2003.0,8.0,172.0
2003-02-07,2003-02-07,1.0,heavy rains,Cooch Behar,West Bengal,,,0.0,0.0,0.0,0.0,Nearly 3000 people became homeless,IMD,2003.0,2.0,0.0
2003-07-07,2003-09-07,3.0,heavy rains,"Darjeeling,Jalpaiguri",West Bengal,,,26.0,8.0,0.0,0.0,"(i)Landslide reported (ii)Some of the roads reportedly developed large cracks. NH 31 A became completely inaccessible, Kalimpong,Sikkim cutt off from the rest of the country (iii)The hill resorts ; Darjiling,Mirik cut off from the rest of the state stranding hundreds of tourists (iv) 1 under construction bridge collapsed (v) Nearly 50 houses damaged",IMD,2003.0,7.0,34.0
2003-09-09,2003-10-09,2.0,flash flood,Murshidabad,West Bengal,,,0.0,0.0,0.0,0.0,More than 100 houses collapsed,IMD,2003.0,9.0,0.0
2003-12-10,2003-12-10,1.0,heavy rains,Uttar Kashi Dinajpur,West Bengal,,,0.0,0.0,0.0,5000.0,,IMD,2003.0,12.0,0.0
2003-05-07,2003-05-07,1.0,heavy rains,New New Delhi,Delhi,,,4.0,6.0,0.0,0.0,,IMD,2003.0,5.0,10.0
2003-09-07,2003-11-07,3.0,heavy rains,New New Delhi,Delhi,,,4.0,0.0,0.0,0.0,(i)Rail services disrupted (ii)A 70 ft. long wall in Nangloi area collapsed,IMD,2003.0,9.0,4.0
2004-01-08,2004-04-08,4.0,heavy rains,"Khammam, Krishna, East Godavari,Srikakulam",Andhra Pradesh,,,10.0,0.0,0.0,0.0,Paddy crop in thousand of hectares damaged,IMD,2004.0,1.0,10.0
2004-07-11,2004-07-11,1.0,heavy rains,Sri Potti Sriramulu Nellore,Andhra Pradesh,,,4.0,0.0,0.0,0.0,Paddy crop in thousand of hectares damaged,IMD,2004.0,7.0,4.0
2004-10-07,,13.0,severe flood,6 districts,Arunachal Pradesh,,,11.0,0.0,0.0,0.0,(i)1.5 lakh people affected (ii) Many private/public buildings damaged (iii) Standing crop in Hundreds of hectares washed away,IMD,2004.0,10.0,11.0
2004-09-09,2004-10-09,2.0,"flash flood(brahmaputra,its tributaries)","Barpeta,Bongaigaon",Assam,,,3.0,0.0,0.0,0.0,2 bridges washed away,IMD,2004.0,9.0,3.0
2004-07-10,,19.0,"severe flood(brahmaputra,its tributaries)","Tinsukia, Dhemaji, Dibrugarh, Lakhimpur, Sivasagar, Jorhat, Sonitpur, Golaghat, Udalguri, Chirang, Baksa, Nagaon, Kokrajhar, Darrang, Barpeta, Nalbari, Marigaon, Kamrup, Bongaigaon, Dhubri, Kamrup Metro, Goalpara, Dima Hasao, Cachar, Karimganj, Hailakandi, Charaideo, Majuli, Biswanath, Hojai, South Salmara Mancachar, Karbi Anglong, West Karbi Anglong",Assam,,,200.0,0.0,0.0,2256.0,"(i)A few incidents of landslides reported in Kamrup Metropolitan city during 7,8 October (ii) A bridge washed away, NH 37 submerged at many points. Road communication between Lower,Upper Assam cut off (iii) Crops in more than 10,000 hectares damaged",IMD,2004.0,7.0,200.0
2004-01-07,,31.0,"severe flood(adhwara, bagmati, burhi gandak, gandak, ganga, ghagra, kamla balan, kosi, kreh, mahananda, punpun,sone)","Pashchim Champaran, Purbi Champaran, Sitamarhi, Sheohar, Gopalganj, Samastipur, Katihar, Khagaria, Bhojpur, Buxar, Darbhanga, Saharsa, Kaimur (Bhabua), Rohtas, Jamui, Banka, Nawada, Gaya, Munger, Vaishali, Begusarai, Bhagalpur, Lakhisarai, Sheikhpura, Arwal, Jehanabad, Nalanda, Patna, Saran, Siwan, Muzaffarpur, Madhepura, Araria, Supaul, Madhubani, Purnia, Kishanganj, Aurangabad",Bihar,,,450.0,0.0,0.0,743.0,"Due to heavy rainfall catchments of upstream of the rivers:(i)Embankments of many rivers breached (ii)Crops in 44.71 lakh hectares affected (iii)3,23,334 houses damaged (iv) Extensive damage to public as well as private property reported (v)Road,rail communication disrupted (vi)Darbhanga,Sitamarhi districts worst affected",IMD,2004.0,1.0,450.0
2004-04-08,2004-04-08,1.0,heavy rains,"North Goa, South Goa",Goa,,,1.0,8.0,0.0,0.0,Around 200 trees uprooted,IMD,2004.0,4.0,9.0
2004-01-08,,14.0,heavy rains,"Valsad, Amreli, Dangs, Banas Kantha, Patan, Mahesana, Gandhinagar, Ahmedabad, Panch Mahals, Dahod, Vadodara, Bharuch, Porbandar, Narmada, Surat, Tapi, Arvalli, Botad, Chota Udaipur, Mahisagar, Gir Somnath, Sabar Kantha, Kachchh, Surendranagar, Rajkot, Kheda, Anand, Bhavnagar, Junagadh, Jamnagar, Devbhumi Dwarka Dwarka, Morbi, Navsari",Gujarat,,,184.0,0.0,0.0,637.0,"(i)Valsad district worst affected (ii) road/rail traffic disrupted (iii) 30,000 houses damaged",IMD,2004.0,1.0,184.0
2004-03-08,2004-03-08,1.0,heavy rains,Ambala,Haryana,,,2.0,0.0,0.0,0.0,,IMD,2004.0,3.0,2.0
2004-08-08,2004-08-08,1.0,heavy rains,Panchkula,Haryana,,,10.0,0.0,0.0,0.0,,IMD,2004.0,8.0,10.0
2004-05-06,2004-06-06,2.0,heavy rains(cloud burst),Chamba,Himachal Pradesh,,,0.0,0.0,0.0,0.0,(i) Several dwelling houses damaged (ii) 90% of apple crop damaged at Bharmaur,IMD,2004.0,5.0,0.0
2004-07-08,2004-08-08,2.0,heavy rains(cloud burst),"Kangra,Kullu",Himachal Pradesh,,,0.0,40.0,0.0,0.0,"(i)7 bridges,some roads washed away (ii) Heavy loss to property reported",IMD,2004.0,7.0,40.0
2004-12-08,,2.0,heavy rains(cloud burst),Kullu,Himachal Pradesh,,,2.0,10.0,0.0,0.0,Landslide reported,IMD,2004.0,12.0,12.0
2004-06-06,2004-07-06,2.0,heavy rains,Dakshina Kannada,Karnataka,,,4.0,0.0,0.0,0.0,,IMD,2004.0,6.0,4.0
2004-11-06,,6.0,heavy rains,"Bengaluru Urban, Belagavi, Chikkaballapura, Dakshina Kannada, Hassan,Kodagu",Karnataka,,,3.0,3.0,0.0,0.0,"(i)Many trees including coconut,arecanut either uprooted or broken (ii)Many electric poles also uprooted (iii)A few houses collapsed,some partially damaged (iv)A car,an Auto rickshaw damaged under an upoted tree (v)Green chillies,vegetables badly damaged (vi)A small bridge collapsed (vii) a chimney of a brick factory collapsed",IMD,2004.0,11.0,6.0
2004-08-07,,7.0,heavy rains,"Bengaluru Urban, Bengaluru Rural,Gadag",Karnataka,,,15.0,14.0,0.0,0.0,(i)Many trees uprooted (ii)Large number of houses/huts collapsed (iii)Cable lines snapped at some places (iv)Some vehicles damaged (v)Standing cropdamaged (vi)Canals breached at some  points (vii)Some portion of roads washed away affecting road transport,IMD,2004.0,8.0,29.0
2004-02-08,2004-08-08,7.0,heavy rains,"Belagavi, Ballari, Chikkaballapura, Dakshina Kannada, Dharwad, Kodagu, Shivamogga, Udupi,Uttar Kashia Kannada",Karnataka,,,6.0,6.0,0.0,0.0,"(i) Many trees including that of arecanut,coconut uprooted. Electric poles also fell down (ii)Thungabhadra high level canal breached. Standing crops washed away (iii)Many houses damaged/collapsed (iv)Several roads also reported damaged",IMD,2004.0,2.0,12.0
2004-01-10,2004-01-10,1.0,heavy rains,Bengaluru Urban,Karnataka,,,0.0,0.0,0.0,0.0,A vehucle got damaged under an uprooted tree,IMD,2004.0,1.0,0.0
2004-04-06,,15.0,heavy rains,"Idukki, Kannur, Kollam, Kottayam, Kozhikode, Malappuram, Palakkad , Thrissur,Thiruvananthapuram",Kerala,,,25.0,5.0,0.0,0.0,"(i)Landslide reported (ii)Wayanad mountain pass blocked (iii)Widespread damage to agriculture reported (iv)Many houses including  a school building collapsed,many other damaged",IMD,2004.0,4.0,30.0
2004-04-07,2004-04-07,1.0,heavy rains,Kannur,Kerala,,,0.0,0.0,0.0,0.0,"(i)Landslide reported (ii) A few houses damaged (iii)50 acres of agriculture damaged (iv) 5 bridges collapsed,a few roads damaged",IMD,2004.0,4.0,0.0
2004-07-07,2004-09-07,3.0,heavy rains,"Thiruvananthapuram,Wayanad",Kerala,,,0.0,1.0,0.0,0.0,(i)Widespread damage to agriculture reported (ii)A few roads damaged,IMD,2004.0,7.0,1.0
2004-03-08,2004-08-08,6.0,heavy rains,"Idukki, Kannur, Kasaragod, Kollam, Kozhikode, Malappuram, Palakkad,Wayanad",Kerala,,,31.0,29.0,0.0,0.0,"(i)More thean 2000 houses damaged/destroyed (ii)Roads also damaged (iii)Damage to crops also reported (iv)Checkdam at Pothumattom in Idukki dist, collapsed",IMD,2004.0,3.0,60.0
2004-04-10,2004-04-10,1.0,heavy rains,"Alappuzha, Ernakulam,Thrissur",Kerala,,,2.0,0.0,0.0,0.0,(i)64 houses partially damaged (ii)Thousands of acres of 'Karippadom' submerged. Rice fields submerged,IMD,2004.0,4.0,2.0
2004-03-08,2004-03-08,1.0,heavy rains,Jhabua,Madhya Pradesh,,,0.0,0.0,0.0,0.0,A bridge damaged disrupting road communication,IMD,2004.0,3.0,0.0
2004-05-08,2004-05-08,1.0,heavy rains,Chhindwara,Madhya Pradesh,,,0.0,2.0,0.0,0.0,,IMD,2004.0,5.0,2.0
2004-03-07,2004-03-07,1.0,heavy rains,Akola,Maharashtra,,,0.0,2.0,0.0,0.0,,IMD,2004.0,3.0,2.0
2004-11-08,2004-12-08,2.0,heavy rains,"Mumbai, Pune,Satara",Maharashtra,,,3.0,1.0,0.0,0.0,"(i) Landslide reported (ii)Loss of agriculture nad property reported in many villages of Patan tehsil in Stara dist., Along the banks of Koyna river (iii)400 year old construction of archaeological importance razed to ground at Shivneri Fort in Pune dist.",IMD,2004.0,11.0,4.0
2004-08-10,2004-10-10,3.0,flash flood,"East Khasi Hills,West Garo Hills",Meghalaya,,,9.0,0.0,0.0,0.0,(i)Landslide reported (ii)Damage to public/private property reported,IMD,2004.0,8.0,9.0
2004-03-08,2004-05-08,3.0,heavy rains,Patiala,Punjab,,,0.0,20.0,0.0,0.0,Breaches at 4 places reported in Bakhra main canal,IMD,2004.0,3.0,20.0
2004-04-07,2004-04-07,1.0,heavy rains,Jaipur,Rajasthan,,,1.0,0.0,0.0,0.0,,IMD,2004.0,4.0,1.0
2004-11-08,2004-12-08,2.0,heavy rains,"Bhilwara,Jaipur",Rajasthan,,,6.0,0.0,0.0,0.0,,IMD,2004.0,11.0,6.0
2004-05-11,2004-05-11,1.0,heavy rains,Thiruvarur,Tamil Nadu,,,0.0,0.0,0.0,0.0,Samba crop submerged,IMD,2004.0,5.0,0.0
2004-09-11,2004-09-11,1.0,heavy rains,Chennai,Tamil Nadu,,,2.0,0.0,0.0,0.0,,IMD,2004.0,9.0,2.0
2004-01-06,2004-01-06,1.0,heavy rains(cloud burst),Almora,Uttarakhand,,,0.0,0.0,0.0,0.0,Potato crop in 3000 hectares damaged,IMD,2004.0,1.0,0.0
2004-06-07,2004-06-07,1.0,heavy rains(cloud burst),Chamoli,Uttarakhand,,,31.0,28.0,0.0,0.0,"(i)Landslide reported (ii)3 vehicles washed away (iii)More than 5000 pilgrims stranded as severe damage to road reported near Lambagar (iv) Bad weather hampered rescue,relief work",IMD,2004.0,6.0,59.0
2004-08-07,2004-09-07,2.0,heavy rains,"Kanpur nagar Nagar,Kanpur nagar Dehat,Rae Bareli",Uttar Pradesh,,,8.0,0.0,0.0,0.0,,IMD,2004.0,8.0,8.0
2004-08-07,,7.0,moderate flood,Northern parts,West Bengal,,,5.0,0.0,0.0,0.0,,IMD,2004.0,8.0,5.0
2004-08-09,,14.0,heavy rains,"Howrah, Jalpaiguri, Kolkata, Malda, Murshidabad, Nadia,North 24 Parganas",West Bengal,,,17.0,4.0,0.0,0.0,(i)2700houses damaged (ii)Nearly 500 acres of paddy field inundated (iii)Railway line damaged,IMD,2004.0,8.0,21.0
2004-01-10,,19.0,severe flood,"South 24 Parganas*, Darjeeling, Jalpaiguri, Dakshin Dinajpur, Maldah, Murshidabad, Birbhum, Nadia, Purba Purba Bardhaman, Purulia, Bankura, North 24 Parganas",West Bengal,,,18.0,0.0,0.0,0.0,"25,000 people marooned",IMD,2004.0,1.0,18.0
2004-03-08,2004-03-08,1.0,heavy rains,"Gurdaspur, Hoshiarpur, Amritsar, Jalandhar, Tarn Taran, Rupnagar, Shahid Bhagat Singh Nagar, Fazilka, Moga, Ludhiana, S.A.S Nagar*, Faridkot, Fatehgarh Sahib, Sri Sri Muktsar Sahib Sahib, Sangrur, Barnala, Bathinda, Patiala, Mansa, Ferozepur, Pathankot, Kapurthala",Punjab,,,3.0,0.0,0.0,0.0,,IMD,2004.0,3.0,3.0
2005-09-07,2005-09-07,1.0,heavy rains,"Hyderabad, Khammam, Krishna, Medak,Warangal, Warangal, Warangal, Warangal",Andhra Pradesh,,,9.0,0.0,0.0,0.0,,IMD,2005.0,9.0,9.0
2005-08-06,,14.0,"flood(brahmaputra,its tributaries, jiadhol, kaldia, plagadia, kalo,drani)","Barpeta, Cachar, Dhemaji, Dhubri, Lakhimpur, Marigaon, Nagaon, Nalbari,Sonitpur",Assam,,,0.0,0.0,0.0,0.0,"(i)More than 700 families affected (ii)Damage to standing crops reported (iii)Landslide reported (iv)Several villages submerged (v)Lumding- Silchar train service cancelled due to heavy landslide near Damcherra,border",IMD,2005.0,8.0,0.0
2005-08-07,,21.0,severe flood,"Barpeta, Bongaigaon, Dhemaji, Dhubri, Dibrugarh, Goalpara, Jorhat, Kamrup, Karimganj, Kokrajhar, Lakhimpur, Marigaon, Nalbari, Sonitpur,Tinsukia",Assam,,,15.0,0.0,0.0,0.0,"(i)3,66,065 people in 449 villages affected (ii) Damage to standing crops in 70,974 hectares affected (iii)NH52,NH31 overtapped at several places (iv) Road communication between Dhemani,Janai subdivision disrupted",IMD,2005.0,8.0,15.0
2005-08-08,,7.0,"severe flood(saktola,pahumora)","Barpeta, Darrang, Goalpara, Jorhat, Kamrup, Lakhimpur,Nalbari",Assam,,,43.0,0.0,0.0,0.0,"(i)1,13,146 people in 120 villages affected (ii)Agriculture land in 3,267 hectares affected (iii)Damage to standing crop reported",IMD,2005.0,8.0,43.0
2005-01-09,2005-07-09,7.0,"severe flood(brahmaputra,its tributaries, kaldia)","Barpeta,Dibrugarh",Assam,,,0.0,0.0,0.0,0.0,(i)Cultivated crops washed away (ii)Damage to several tea garden reported (iii)Damage to standing crop reported (iv)Several families affected,IMD,2005.0,1.0,0.0
2005-08-07,,21.0,severe flood,"Valsad, Amreli, Dangs, Banas Kantha, Patan, Mahesana, Gandhinagar, Ahmedabad, Panch Mahals, Dahod, Vadodara, Bharuch, Porbandar, Narmada, Surat, Tapi, Arvalli, Botad, Chota Udaipur, Mahisagar, Gir Somnath, Sabar Kantha, Kachchh, Surendranagar, Rajkot, Kheda, Anand, Bhavnagar, Junagadh, Jamnagar, Devbhumi Dwarka Dwarka, Morbi, Navsari",Gujarat,,,11.0,0.0,0.0,0.0,,IMD,2005.0,8.0,11.0
2005-01-08,2005-05-08,5.0,heavy rains,"Bharuch,Surat",Gujarat,,,69.0,0.0,0.0,0.0,,IMD,2005.0,1.0,69.0
2005-01-09,,28.0,severe flood,"Valsad, Amreli, Dangs, Banas Kantha, Patan, Mahesana, Gandhinagar, Ahmedabad, Panch Mahals, Dahod, Vadodara, Bharuch, Porbandar, Narmada, Surat, Tapi, Arvalli, Botad, Chota Udaipur, Mahisagar, Gir Somnath, Sabar Kantha, Kachchh, Surendranagar, Rajkot, Kheda, Anand, Bhavnagar, Junagadh, Jamnagar, Devbhumi Dwarka Dwarka, Morbi, Navsari",Gujarat,,,20.0,0.0,0.0,0.0,"26,612 persons evacuated to safer places",IMD,2005.0,1.0,20.0
2005-08-07,2005-08-07,1.0,severe flood,"Fatehabad, Rewari, Sirsa,Sonipat",Haryana,,,0.0,0.0,0.0,0.0,"(i)Hundreds of acres of agricultural land submerged (ii)Damage to paddy crops over 200 acres reported (iii)15 villages in Rewari dist. flooded (iv) Telecommunication,power supply disrupted (v)Almost all roads,streets waterlogged in Fatehabad",IMD,2005.0,8.0,0.0
2005-08-07,,14.0,severe flood(yamuna),"Faridabad,  Gurugram, Hisar, Jind , Sonipat,Yamunanagar",Haryana,,,1.0,0.0,0.0,0.0,(i)16 villags submrgd undr flood water (ii)Cracks to many houses reported (iii)Cross Bandh undr construction washed away near Mandewala (iv)Large number of Kachchha houses in Bhilpura completly damagd (v)Residents of Lakar village evacuated to safr places,IMD,2005.0,8.0,1.0
2005-07-07,2005-07-07,1.0,"severe flood(beas,sutlej)","Kullu,Shimla",Himachal Pradesh,,,0.0,2.0,0.0,0.0,"About 500 tourist including 70 forienger stranded between Leh,Manali",IMD,2005.0,7.0,2.0
2005-12-07,2005-12-07,1.0,flash flood,Kinnaur,Himachal Pradesh,,,0.0,0.0,0.0,0.0,100 ft portion of Nh washed away in Powari,IMD,2005.0,12.0,0.0
2005-06-08,2005-06-08,1.0,heavy rains,"Hamirpur,Kullu",Himachal Pradesh,,,0.0,0.0,0.0,0.0,"(i)Cloud burst reported (ii)Damage to crops reported (iii)An auto rickshaw,motor cycle washed away in Dungnala",IMD,2005.0,6.0,0.0
2005-07-08,2005-07-08,1.0,heavy rains,Doda,Jammu and Kashmir,,,11.0,0.0,0.0,0.0,,IMD,2005.0,7.0,11.0
2005-03-01,2005-03-01,1.0,heavy rains,Dharwad,Karnataka,,,0.0,0.0,0.0,0.0,"Damage to jowar, wheat, onion, chilly,cotton reported",IMD,2005.0,3.0,0.0
2005-02-06,2005-02-06,1.0,heavy rains,Bengaluru Urban,Karnataka,,,1.0,0.0,0.0,0.0,"About 800 electric poles fell down in Bangalore city,extension",IMD,2005.0,2.0,1.0
2005-05-06,2005-05-06,1.0,heavy rains,Bengaluru Urban,Karnataka,,,2.0,0.0,0.0,0.0,,IMD,2005.0,5.0,2.0
2005-10-06,2005-10-06,1.0,heavy rains,Mysuru,Karnataka,,,7.0,0.0,0.0,0.0,,IMD,2005.0,10.0,7.0
2005-03-07,2005-03-07,1.0,heavy rains,Belagavi,Karnataka,,,1.0,2.0,0.0,0.0,,IMD,2005.0,3.0,3.0
2005-01-08,2005-01-08,1.0,"flash floods(krishna,bhima)","Bagalkotee Belagavi,Bijapur",Karnataka,,,0.0,0.0,0.0,0.0,"(i)Many villages inundated due to releasee of water from Koyana Dam (ii)Nearly 66 villages affected due to rain water from Bhima,Krishna river (iii)Back water of Narayanpura dam affected 34 villages in Muddehebihai taluk",IMD,2005.0,1.0,0.0
2005-05-08,2005-08-08,4.0,heavy rains,"Belagavi,Tumakuru",Karnataka,,,0.0,9.0,0.0,0.0,"About 33,702 houses  damaged/ collapsed",IMD,2005.0,5.0,9.0
2005-09-10,2005-09-10,1.0,heavy rains,Bengaluru Urban,Karnataka,,,0.0,1.0,0.0,0.0,,IMD,2005.0,9.0,1.0
2005-01-02,2005-01-02,1.0,heavy rains,Thiruvananthapuram,Kerala,,,2.0,0.0,0.0,0.0,(i)Landslide reported in Kallar (ii)Damage to agriculture reported,IMD,2005.0,1.0,2.0
2005-04-04,2005-04-04,1.0,heavy rains,Southern parts,Kerala,,,0.0,0.0,0.0,0.0,(i)Low lying areas flooded (ii)Vehicular traffic disrupted,IMD,2005.0,4.0,0.0
2005-06-04,2005-06-04,1.0,heavy rains,"Thiruvananthapuram,Wayanad",Kerala,,,0.0,2.0,0.0,0.0,"1 bridge collapsed in Papanasam in Varkala taluk,1 building damaged in Sultanbattery",IMD,2005.0,6.0,2.0
2005-12-04,2005-12-04,1.0,heavy rains,Thiruvananthapuram,Kerala,,,0.0,0.0,0.0,0.0,"In Kilimanoor:(i)Many rubber trees uprooted (ii)Damage to plantain,other agricultural property reported (iii) 1 house collapsed",IMD,2005.0,12.0,0.0
2005-02-05,2005-02-05,1.0,heavy rains,Wayanad,Kerala,,,0.0,0.0,0.0,0.0,In Sultan Battery:(i)Many trees uprooted (ii)Vehicular traffic disrupted (iii)Telephone lines disrupted (iv)1 house completely damaged in Ambalavayal,IMD,2005.0,2.0,0.0
2005-01-06,,14.0,heavy rains,"Kollam, Thiruvananthapuram,Wayanad",Kerala,,,2.0,0.0,0.0,0.0,In Pulpalli:(i)19 houses collapsed (ii)Damage to agriculture reported (iii)Electric supply disrupted due to uprooting trees in Kalpetta,IMD,2005.0,1.0,2.0
2005-01-07,2005-01-07,1.0,heavy rains,Kozhikode,Kerala,,,1.0,0.0,0.0,0.0,(i)Landslide reported in Kakkayam (ii)Widespread damaget to property reported in Atholi (iii)Road transportation disrupted,IMD,2005.0,1.0,1.0
2005-01-07,2005-01-07,1.0,heavy rains,Kollam,Kerala,,,5.0,0.0,0.0,0.0,6 fishing boats capsized,IMD,2005.0,1.0,5.0
2005-01-07,2005-01-07,1.0,heavy rains,Unknown,Kerala,,,0.0,0.0,0.0,0.0,"(i)236 houses partially,12 houses completely damaged (ii)Widespread damage to agriculture reported",IMD,2005.0,1.0,0.0
2005-07-07,2005-07-07,1.0,heavy rains,"Kozhikode, Malappuram,Wayanad",Kerala,,,0.0,1.0,0.0,0.0,"(i)Landslide reported (ii)46 houses completely,50 houses partially damaged (iii)In Areekode, 3 houses completely damaged (iv) 175 families were shifted to relief camp in Thariyode",IMD,2005.0,7.0,1.0
2005-07-09,2005-07-09,1.0,heavy rains,Thiruvananthapuram,Kerala,,,0.0,0.0,0.0,0.0,1 house completely damaged in Kilimanoor,IMD,2005.0,7.0,0.0
2005-02-10,2005-02-10,1.0,heavy rains,Wayanad,Kerala,,,0.0,0.0,0.0,0.0,Water entered in 13 houses in Sultan Battery,IMD,2005.0,2.0,0.0
2005-07-10,2005-07-10,1.0,heavy rains,Wayanad,Kerala,,,0.0,0.0,0.0,0.0,"Widespread damage to plantain,other agriculture in Pusppali reported",IMD,2005.0,7.0,0.0
2005-08-10,,7.0,heavy rains,"Kollam, Thiruvananthapuram,Wayanad",Kerala,,,1.0,0.0,0.0,0.0,"(i) 1 bridge collapsed in Sultanbattery (ii) 2 houses completely damaged,3 partially damaged ",IMD,2005.0,8.0,1.0
2005-08-11,,7.0,heavy rains,Ernakulam ant Thiruvananthapuram,Kerala,,,0.0,0.0,0.0,0.0,(i)Ship berth in Mattancherry-Warf collapsed (ii)Around 50 houses flooded in Chirayankil,IMD,2005.0,8.0,0.0
2005-08-12,,8.0,heavy rains,Thiruvananthapuram,Kerala,,,0.0,1.0,0.0,0.0,"(i)63 houses completely,30 houses partially damaged (ii)Extensive damage to agriculture reported (iii) 2100 families shifted to relief camps",IMD,2005.0,8.0,1.0
2005-04-07,2005-04-07,1.0,flash flood,"Bhopal,Sagar",Madhya Pradesh,,,0.0,11.0,0.0,0.0,(i)1 passenger bus washed away on Sagar-Rehali road (ii)800 people shifted to safer places ,IMD,2005.0,4.0,11.0
2005-11-07,2005-11-07,1.0,heavy rains,Unknown,Madhya Pradesh,,,0.0,0.0,0.0,0.0,(i)Low lying areas submerged (ii)Normal life paralysed (iii)Bridge on Bedas river closed for vehicular traffic due to overflow of rain water,IMD,2005.0,11.0,0.0
2005-01-02,2005-01-02,1.0,heavy rains,"Akola, Bhandara, Chandrapur, Nagpur,Yavatmal",Maharashtra,,,0.0,0.0,0.0,0.0,"i) Damage to raw crops in 91,152 hectares land reported. ii) One house collapsed in Nagpur city. ",IMD,2005.0,1.0,0.0
2005-07-02,2005-08-02,2.0,heavy rains,"Bhandara, Chandrapur, Nagpur,Wardha",Maharashtra,,,0.0,0.0,0.0,2.0,"i) Damage to raw crops in 12,000 hectare land in many villages reported. ii) Roofs of several houses blown off in Ejani village. ",IMD,2005.0,7.0,0.0
2005-09-03,2005-11-03,3.0,heavy rains,"Akola, Amravati, Wardha, Washim,Yavatmal",Maharashtra,,,3.0,0.0,0.0,30.0,Extensive damage to crop reported.,IMD,2005.0,9.0,3.0
2005-01-07,2005-01-07,1.0,heavy rains,Satara,Maharashtra,,,0.0,0.0,0.0,0.0,"In Bhilar taluk of Mahabaleshwar, i) Damage to agricultural land reported. ii) 20 families shifted to safer places. iii) Water storage tank,pipeline washed away. ",IMD,2005.0,1.0,0.0
2005-02-07,2005-02-07,1.0,flash flood,Pune,Maharashtra,,,0.0,0.0,0.0,0.0,,IMD,2005.0,2.0,0.0
2005-07-07,2005-07-07,1.0,heavy rains,Pune,Maharashtra,,,0.0,0.0,0.0,0.0,50% paddy crop damaged due to breaching of bund in Velha taluk.,IMD,2005.0,7.0,0.0
2005-10-07,2005-11-07,2.0,heavy rains,"Yavatmal, Wardha",Maharashtra,,,32.0,3.0,0.0,0.0,i) 2000 houses collapsed. ii) Crops in 3000 hectares completely damaged.,IMD,2005.0,10.0,35.0
2005-01-08,2005-07-08,7.0,heavy rains,"Aurangabad, Beed, Hingoli, Jalna, Kolhapur, Nanded, Parbhani, Pune, Raigarh, Satara,Thane",Maharashtra,,,302.0,24.0,0.0,10000.0,"i) 2025 houses completely,85 houses partially damaged. ii) Rice crop in 23,330 hectares damaged. iii) 53,302 people affected. iv) 10,000 people evacuated to safer places. ",IMD,2005.0,1.0,326.0
2005-07-08,2005-08-08,2.0,heavy rains,"Bhandara, Chandrapur,Nagpur",Maharashtra,,,3.0,0.0,0.0,0.0,,IMD,2005.0,7.0,3.0
2005-10-08,2005-11-08,2.0,heavy rains,"Nashik,Pune",Maharashtra,,,4.0,0.0,0.0,0.0,,IMD,2005.0,10.0,4.0
2005-05-09,2005-05-09,1.0,severe flood,Kolhapur,Maharashtra,,,0.0,0.0,0.0,0.0,"Sugarcane crop in 36,000 hectares completely dam aged.",IMD,2005.0,5.0,0.0
2005-05-09,2005-05-09,1.0,heavy rains,"Akola, Chandrapur,Nagpur",Maharashtra,,,2.0,0.0,0.0,0.0,47 villages cut off for vehicular traffic.,IMD,2005.0,5.0,2.0
2005-06-09,2005-06-09,1.0,heavy rains,Pune,Maharashtra,,,0.0,0.0,0.0,0.0,"Damage to sugarcane, millet, sunflower,onion crop reported.",IMD,2005.0,6.0,0.0
2005-08-09,,7.0,heavy rains,"Aurangabad, Bhandara, Gondia, Jalna, Mumbai, Solapur,Wardha",Maharashtra,,,11.0,19.0,0.0,0.0,"i) 151 houses completely,40 houses partially damaged. ii) Damage to maize, coriander, pulses, onion,fruit gardens reported. iii) 5000 people shifted to safer places. iv) Many trees uprooted. ",IMD,2005.0,8.0,30.0
2005-01-08,2005-01-08,1.0,"moderate flood (brahmani,baitarani)",Baleshwar,Odisha,,,5.0,0.0,0.0,0.0,Nearly 5 lakh people affected.,IMD,2005.0,1.0,5.0
2005-03-07,2005-03-07,1.0,heavy rains,Rupnagar,Punjab,,,0.0,3.0,0.0,0.0,,IMD,2005.0,3.0,3.0
2005-06-07,2005-06-07,1.0,heavy rains,"Jalandhar,Patiala",Punjab,,,2.0,0.0,0.0,0.0,,IMD,2005.0,6.0,2.0
2005-07-07,2005-07-07,1.0,moderate flood (ravi),Gurdaspur,Punjab,,,0.0,0.0,0.0,0.0,13 villages cut off from Gurdaspur. ,IMD,2005.0,7.0,0.0
2005-08-07,2005-08-07,1.0,heavy rains,Bathinda,Punjab,,,2.0,0.0,0.0,450.0,"i) 100 acres of cotton crop destroyed. ii) Roof,wall of a poultry farm at Paras Ramnagar collapsed.",IMD,2005.0,8.0,2.0
2005-09-07,2005-09-07,1.0,moderate flood,"Amritsar,Patiala",Punjab,,,0.0,0.0,0.0,0.0,i) Landslide reported. ii) 40 houses damaged. iii) 16 villages submerged under flood water. ,IMD,2005.0,9.0,0.0
2005-08-05,2005-09-05,2.0,heavy rains,"Hanumangarh,Ganganagar",Rajasthan,,,0.0,0.0,0.0,0.0,i) Damage to crop reported. ii) A canal get breached in Hanumangarh.,IMD,2005.0,8.0,0.0
2005-05-07,2005-06-07,2.0,heavy rains,"Alwar,Jhalawar",Rajasthan,,,4.0,0.0,0.0,0.0,Dozens of Kachchha houses collapsed in Khanpur tehsil.,IMD,2005.0,5.0,4.0
2005-12-07,2005-12-07,1.0,heavy rains,Bharatpur,Rajasthan,,,3.0,2.0,0.0,0.0,,IMD,2005.0,12.0,5.0
2005-05-08,2005-05-08,1.0,heavy rains,Bharatpur,Rajasthan,,,0.0,0.0,0.0,0.0,,IMD,2005.0,5.0,0.0
2005-06-08,2005-06-08,1.0,heavy rains,Karauli,Rajasthan,,,0.0,3.0,0.0,0.0,,IMD,2005.0,6.0,3.0
2005-07-04,2005-07-04,1.0,heavy rains,"Kanniyakumariumari, Namakkal, The Nilgiris,Tiruchirappalli",Tamil Nadu,,,27.0,0.0,0.0,0.0,,IMD,2005.0,7.0,27.0
2005-09-11,2005-09-11,1.0,heavy rains,"Chennai, Cuddalore, Kancheepuram, Nagapattinam, Pudukkottai, Tiruchirappalli, Thanjavur, Thiruvallur,Viluppuram",Tamil Nadu,,,0.0,0.0,0.0,0.0,"i) 60,000 hectares of agricultural land submerged. ii) More than 10 villages marooned.",IMD,2005.0,9.0,0.0
2005-03-12,2005-04-12,2.0,heavy rains,"Chennai, Kancheepuram,Thiruvallur",Tamil Nadu,,,6.0,5.0,0.0,0.0,,IMD,2005.0,3.0,11.0
2005-06-12,2005-06-12,1.0,severe flood,Thiruvallur,Tamil Nadu,,,0.0,0.0,0.0,0.0,23 villages submerged in flood water.,IMD,2005.0,6.0,0.0
2005-08-12,2005-08-12,1.0,heavy rains,"Cuddalore, Nagapattinam, Tiruchirappalli,Thiruvarur",Tamil Nadu,,,0.0,0.0,0.0,0.0,Standing crops in 3.29 lakh hectares affected.,IMD,2005.0,8.0,0.0
2005-11-12,2005-11-12,1.0,heavy rains,"Ramanathapuram, Thanjavur,Thiruvarur",Tamil Nadu,,,2.0,0.0,0.0,0.0,"i) Extensive damage to private,public property reported. ii) 1.40 lakh hectares of crops submerged. ",IMD,2005.0,11.0,2.0
2005-06-07,2005-06-07,1.0,severe flood (ker),Banda,"Uttar Pradesh, Uttarakhand",,,23.0,0.0,0.0,0.0,,IMD,2005.0,6.0,23.0
2005-03-08,2005-03-08,1.0,heavy rains,Tehri Garhwal,Uttarakhand,,,11.0,0.0,0.0,0.0,,IMD,2005.0,3.0,11.0
2005-05-08,2005-05-08,1.0,heavy rains,Pithoragarh,Uttarakhand,,,10.0,0.0,0.0,0.0,,IMD,2005.0,5.0,10.0
2005-05-09,2005-06-09,2.0,heavy rains,Bageshwar,Uttarakhand,,,0.0,0.0,0.0,0.0,Motor road damaged at Jaojit area.,IMD,2005.0,5.0,0.0
2005-10-04,2005-10-04,1.0,heavy rains,Darjeeling,West Bengal,,,4.0,0.0,0.0,0.0,Damage to 3000 houses reported.,IMD,2005.0,10.0,4.0
2005-04-05,2005-04-05,1.0,heavy rains,Kolkata,West Bengal,,,11.0,4.0,0.0,0.0,,IMD,2005.0,4.0,15.0
2005-05-07,2005-05-07,1.0,heavy rains,Darjeeling,West Bengal,,,0.0,0.0,0.0,0.0,"i) Landslide reported. ii) Transport services disrupted between Darjiling, Kurseong  . ",IMD,2005.0,5.0,0.0
2005-09-07,2005-10-07,2.0,heavy rains,Darjeeling,West Bengal,,,0.0,0.0,0.0,0.0,i) Landslide reported. ii) Toy train service to Darjiling disrupted..,IMD,2005.0,9.0,0.0
2005-08-08,2005-08-08,1.0,heavy rains,"Birbhum, Dakshin Dinajpur, Nadia,South 24 Parganas",West Bengal,,,15.0,0.0,0.0,0.0,,IMD,2005.0,8.0,15.0
2005-01-11,2005-01-11,1.0,heavy rains,Nadia,West Bengal,,,0.0,0.0,0.0,0.0,Extensive damage to mustard crop reported.,IMD,2005.0,1.0,0.0
2005-03-08,2005-03-08,1.0,heavy rains,"Gurdaspur, Hoshiarpur, Amritsar, Jalandhar, Tarn Taran, Rupnagar, Shahid Bhagat Singh Nagar, Fazilka, Moga, Ludhiana, S.A.S Nagar*, Faridkot, Fatehgarh Sahib, Sri Sri Muktsar Sahib Sahib, Sangrur, Barnala, Bathinda, Patiala, Mansa, Ferozepur, Pathankot, Kapurthala",Punjab,,,0.0,1.0,0.0,0.0,,IMD,2005.0,3.0,1.0
2006-05-08,2006-11-08,7.0,"flash flood (godavari,rivulets)","Adilabad, East Godavari, Karimnagar, Khammam, Warangal, Warangal, Warangal, Warangal, West Godavari",Andhra Pradesh,,,200.0,0.0,0.0,0.0,"i) Low lying areas flooded. ������������) Crops in 2.5 lakh acres damaged. iii) Train/Bus/Air traffic disrupted. iv) 215 villages marooned.. v) 12,000 people affected.",IMD,2006.0,5.0,200.0
2006-04-06,2006-04-06,1.0,flash flood,Lohit,Arunachal Pradesh,,,0.0,0.0,0.0,0.0,"i) Landslide reported. ii) Road link cut off. iii) Standing paddy,other crops damaged.",IMD,2006.0,4.0,0.0
2006-11-06,,7.0,"severe flood (noona, tributaries of brahmaputra)","Barpeta, Cachar, Darrang, Dhemaji, Hailakandi, Jorhat, Kamrup, Karbi Anglong, Karimganj, Lakhimpur, Nagaon, Nalbari, Cachar, Mancachar, Sonitpur,Tinsukia",Assam,,,9.0,0.0,0.0,0.0,"i). More than 1000 villages affected. ii) Road/rail communication cut off. iii) 100 houses completely,172 partially damaged. 700 houses washed away,200 submerged. iv) NH31 overtopped by flood waters at several places v) Crop in 7460 hectares damaged.",IMD,2006.0,11.0,9.0
2006-08-07,2006-08-07,1.0,"flash flood (brahmaputra,its tributaries)",Dhemaji,Assam,,,1.0,0.0,0.0,0.0,i) 39 villages inundated. ii) A railway track washed away. iii) Standing crops damaged.,IMD,2006.0,8.0,1.0
2006-12-07,2006-12-07,1.0,flash flood,"Darbhanga, Sheohar, Patna,Sitamarhi",Bihar,,,0.0,0.0,0.0,0.0,"Road links between Masandi,Patna damaged",IMD,2006.0,12.0,0.0
2006-01-06,2006-01-06,1.0,heavy rains,"Surat, Bharuch, Narmada, Navsari, Dangs, Valsad, Tapi,Amreli,  Ahmedabad,Porbandar,  Botad, Gir Somnath, Surendranagar, Rajkot, Bhavnagar, Junagadh, Jamnagar,Devbhumi Dwarka Dwarka, Morbi",Gujarat,,,4.0,0.0,0.0,0.0,,IMD,2006.0,1.0,4.0
2006-04-07,2006-05-07,2.0,heavy rains,"Valsad, Amreli, Dangs, Banas Kantha, Patan, Mahesana, Gandhinagar, Ahmedabad, Panch Mahals, Dahod, Vadodara, Bharuch, Porbandar, Narmada, Surat, Tapi, Arvalli, Botad, Chota Udaipur, Mahisagar, Gir Somnath, Sabar Kantha, Kachchh, Surendranagar, Rajkot, Kheda, Anand, Bhavnagar, Junagadh, Jamnagar, Devbhumi Dwarka Dwarka, Morbi, Navsari",Gujarat,,,9.0,0.0,0.0,0.0,i) Low lying areas flooded. ii) 5600 people evacuated to safer places.,IMD,2006.0,4.0,9.0
2006-07-08,2006-07-08,1.0,flash flood (tapi),"Bharuch, Navsari, Surat,Vadodara",Gujarat,,,0.0,8.0,0.0,0.0,,IMD,2006.0,7.0,8.0
2006-11-07,2006-12-07,2.0,heavy rains,Panchkula,Haryana,,,0.0,1.0,0.0,0.0,i) One house collapsed. ii) Large number of beehives drowned.,IMD,2006.0,11.0,1.0
2006-09-07,2006-09-07,1.0,flash flood (tributaries of satlej),Kangra,Himachal Pradesh,,,0.0,0.0,0.0,42.0,i) Landslide reported. ii) Damage to Twenty Four houses reported. 6 houses sank. iii) A bridge in Sangla valley damaged.,IMD,2006.0,9.0,0.0
2006-11-07,2006-12-07,2.0,heavy rains,Shimla,Himachal Pradesh,,,0.0,0.0,0.0,0.0,"i) A Govt. building collapsed. ii) Damage to 3 houses,water storage tank reported. ",IMD,2006.0,11.0,0.0
2006-02-08,2006-04-08,3.0,flash flood (cloud burst),"Kangra, Kinnaur,Kullu",Himachal Pradesh,,,0.0,0.0,0.0,0.0,"i) Bridge of Ribba village on Hindustan-Tibet road washed away. ii) 8 houses partially damaged. iii) Standing crops of peas,other vegetables damaged. iv) Traffic stranded due to bridge on National Highway No. 88 collapsed.",IMD,2006.0,2.0,0.0
2006-12-08,2006-12-08,1.0,flash flood (cloud burst),Shimla,Himachal Pradesh,,,0.0,6.0,0.0,0.0,Shimla-Rohra road washed away.,IMD,2006.0,12.0,6.0
2006-02-09,2006-02-09,1.0,heavy rains,"Lahul And Spiti,Shimla",Himachal Pradesh,,,2.0,0.0,0.0,0.0,i) Landslide reported. ii) Extensive damage to fruit crops reported.,IMD,2006.0,2.0,2.0
2006-09-09,2006-09-09,1.0,heavy rains,Kangra,Himachal Pradesh,,,0.0,0.0,0.0,0.0,"i) Landslide reported. ii) Electricity, telecommunication systems badly affected",IMD,2006.0,9.0,0.0
2006-07-08,2006-07-08,1.0,flash flood,"Leh ladakh, Kargil",Jammu and Kashmir,,,15.0,0.0,0.0,0.0,800 people evacuated to safer places.,IMD,2006.0,7.0,15.0
2006-03-09,2006-03-09,1.0,"flash flood (jhelum, chenab)","Kathua,Pulwama",Jammu and Kashmir,,,6.0,0.0,0.0,0.0,i) Landslide reported. ii) One lakh people shifted to safer places. iii) Kashmir valley cut off from the rest of the country iv) Low lying areas flooded.,IMD,2006.0,3.0,6.0
2006-01-08,2006-01-08,1.0,"flash flood (bheema, krishna,ghatprabha)","Bagalkotee Belagavi,Bijapur",Karnataka,,,0.0,0.0,0.0,0.0,i) 26 villages submerged. ii) 1600 families evacuated to safer places. iii) Extensive damage to crops reported.,IMD,2006.0,1.0,0.0
2006-05-08,2006-05-08,1.0,"flash flood(bheema,krishna)",Bijapur,Karnataka,,,0.0,0.0,0.0,1.0,Crops in 4400 hectares destroyed.,IMD,2006.0,5.0,0.0
2006-05-03,2006-05-03,1.0,heavy rains,Wayanad,Kerala,,,0.0,18.0,0.0,0.0,,IMD,2006.0,5.0,18.0
2006-01-06,2006-01-06,1.0,heavy rains,"Alappuzha, Ernakulam, Kannur, Kollam, Kozhikode, Palakkad, Thrissur,Wayanad",Kerala,,,10.0,3.0,0.0,0.0,"i) Around 25 acres of paddy,plantains in 106 hectares of land destroyed. ii) Extensive damage to agriculture reported. ",IMD,2006.0,1.0,13.0
2006-01-07,2006-03-07,3.0,heavy rains,"Kannur,Wayanad",Kerala,,,1.0,0.0,0.0,0.0,"i) 2 houses completely,74 houses partially damaged. ii) Extensive damage to agriculture in 84.2 hectares reported",IMD,2006.0,1.0,1.0
2006-04-07,2006-04-07,1.0,heavy rains,"Malikkeri,Wayanad",Kerala,,,6.0,1.0,0.0,0.0,"i) Landslide reported. ii) 78 houses completely,266 houses partially damaged. iii) Extensive damage to agriculture reported. ",IMD,2006.0,4.0,7.0
2006-05-07,2006-06-07,2.0,heavy rains,Wayanad,Kerala,,,0.0,0.0,0.0,0.0,"i) 97 houses collapsed. 2 houses completely,154 houses partially damaged. ii) Low lying areas flooded. iii) Extensive damage to agriculture reported. ",IMD,2006.0,5.0,0.0
2006-04-11,2006-04-11,1.0,heavy rains,Wayanad,Kerala,,,0.0,0.0,0.0,0.0,i) Electric/telephone lines affected. ii) Low lying areas inundated.,IMD,2006.0,4.0,0.0
2006-08-11,2006-08-11,1.0,heavy rains,Thiruvananthapuram,Kerala,,,0.0,0.0,0.0,0.0,One bridge damaged in Nedumangad.,IMD,2006.0,8.0,0.0
2006-05-07,2006-05-07,1.0,heavy rains,Chhatisgarh,"Madhya Pradesh,  Chhattisgarh",,,2.0,0.0,0.0,0.0,"2,791 people shifted to relief camps.",IMD,2006.0,5.0,2.0
2006-06-08,2006-08-08,3.0,flash flood,"Barwani, Burhanpur, Jagdalpur,Khargone (Khargone (West Nimar))","Madhya Pradesh,  Chhattisgarh",,,1.0,16.0,0.0,0.0,,IMD,2006.0,6.0,17.0
2006-10-08,2006-10-08,1.0,flash flood,"Ujjain,West Madhya Pradesh","Madhya Pradesh,  Chhattisgarh",,,38.0,0.0,0.0,0.0,Damage to 1081 houses reported.,IMD,2006.0,10.0,38.0
2006-01-09,2006-01-09,1.0,flash flood,"Balaghat, Bhopal, Damoh, Datia, Narmadapuram, Jabalpur, Rajgarh, Sagar, Sehore , Ujjain,Vidisha","Madhya Pradesh,  Chhattisgarh",,,9.0,0.0,0.0,0.0,i) Many houses collapsed. ii) Many trees uprooted.,IMD,2006.0,1.0,9.0
2006-05-09,2006-06-09,2.0,flash flood,"Bhopal,Vidisha","Madhya Pradesh,  Chhattisgarh",,,0.0,4.0,0.0,0.0,Bridge on Kemaka river damaged.,IMD,2006.0,5.0,4.0
2006-03-06,2006-03-06,1.0,heavy rains,"Nanded, Ratnagiri,Thane",Maharashtra,,,6.0,0.0,0.0,0.0,,IMD,2006.0,3.0,6.0
2006-01-07,2006-07-07,7.0,heavy rains,"Amravati, Chandrapur, Dhule,  Gadchiroli, Jalgaon, Kolhapur, Mumbai, Nagpur, Nashik, Pune, Raigarh, Satara, Thane,Washim",Maharashtra,,,131.0,9.0,0.0,0.0,"i) Low lying areas, bridges inundated. About 185 villages cut off. ii) Road/rail /air traffic disrupted. iii) Extensive damage to agriculture & vegetable crop reported iv) Many houses,trees collapsed. ",IMD,2006.0,1.0,140.0
2006-11-07,2006-11-07,1.0,flash flood,"Hingoli,Nagpur",Maharashtra,,,29.0,0.0,0.0,0.0,Many trees uprooted.,IMD,2006.0,11.0,29.0
2006-05-08,2006-09-08,5.0,flash flood,"Ahmednagar, Akola, Aurangabad, Beed, Buldhana, Chandrapur, Dhule, Hingoli, Jalgaon, Jalna, Kolhapur, Latur, Nanded, Nashik, Parbhani, Pune, Sangli, Satara, Wardha, Washim,Yavatmal",Maharashtra,,,149.0,0.0,0.0,0.0,i) Damage to 3458 houses reported. ii) Extensive damage to crops reported. iii) Railway bridge damaged near Manmad. iv) Ahmadnagar-Shirdi stretch of NH 10 inundated by Godavari water. V) 500 villages affected. vi) 1.5 lakh people evacuated to safer places. ,IMD,2006.0,5.0,149.0
2006-12-09,,6.0,heavy rains,"Ahmednagar, Beed, Jalna, Mumbai, Nashik, Dharashiv, Pune,Satara",Maharashtra,,,12.0,0.0,0.0,0.0,i) Landslide reported. ii) Few houses inundated. iii) 7 embankment breached. iv) Low lying areas flooded. V) Road traffic disrupted. vi) Sugarcane in about 300 acres damaged. vii) Extensive damage to agriculture reported.,IMD,2006.0,12.0,12.0
2006-02-10,2006-03-10,2.0,heavy rains,Sindhudurg,Maharashtra,,,0.0,0.0,0.0,0.0,Extensive damage to paddy crop reported.,IMD,2006.0,2.0,0.0
2006-01-07,,31.0,severe flood,"Bhadrak, Dhenkanal, Jajapur, Subarnapur, Nuapada, Balangir, Boudh, Cuttack, Kandhamal, Nayagarh, Khordha, Kalahandi, Jagatsinghapur, Puri, Nagpur, Rayagada, Koraput, Malkangiri, Anugul, Kendrapara, Ganjam, Gajapati, Mayurbhanj, Sundargarh, Kendujhar, Baleshwar, Jharsuguda, Bargarh, Deogarh, Sambalpur",Odisha,,,36.0,0.0,0.0,17.0,Extensive damage to crops reported.,IMD,2006.0,1.0,36.0
2006-01-08,,31.0,severe flood,"Bhadrak, Dhenkanal, Jajapur, Subarnapur, Nuapada, Balangir, Boudh, Cuttack, Kandhamal, Nayagarh, Khordha, Kalahandi, Jagatsinghapur, Puri, Nagpur, Rayagada, Koraput, Malkangiri, Anugul, Kendrapara, Ganjam, Gajapati, Mayurbhanj, Sundargarh, Kendujhar, Baleshwar, Jharsuguda, Bargarh, Deogarh, Sambalpur",Odisha,,,45.0,0.0,0.0,0.0,Damage to 1.05 lakh houses reported. Crops in 6.68 lakh hectare affected.,IMD,2006.0,1.0,45.0
2006-01-09,,30.0,heavy rains,"Bhadrak, Dhenkanal, Jajapur, Subarnapur, Nuapada, Balangir, Boudh, Cuttack, Kandhamal, Nayagarh, Khordha, Kalahandi, Jagatsinghapur, Puri, Nagpur, Rayagada, Koraput, Malkangiri, Anugul, Kendrapara, Ganjam, Gajapati, Mayurbhanj, Sundargarh, Kendujhar, Baleshwar, Jharsuguda, Bargarh, Deogarh, Sambalpur",Odisha,,,18.0,0.0,0.0,0.0,Many houses damaged.,IMD,2006.0,1.0,18.0
2006-02-09,2006-02-09,1.0,heavy rains,"Amritsar, Ananthapuramuamu, Bathinda, Kapurthala, S.A.S Nagar*, Rupnagar",Punjab,,,1.0,4.0,0.0,0.0,"i)5 buildings,one house collapsed. ii) Extensive damage to crops reported.",IMD,2006.0,2.0,5.0
2006-01-08,2006-01-08,1.0,heavy rains,Sirohi,Rajasthan,,,0.0,0.0,0.0,0.0,About 100 houses collapsed.,IMD,2006.0,1.0,0.0
2006-06-09,2006-07-09,2.0,heavy rains,"Banswara,Dungarpur",Rajasthan,,,0.0,2.0,0.0,0.0,Large number of Kachchhha houses collapsed.,IMD,2006.0,6.0,2.0
2006-09-11,,7.0,heavy rains,The Nilgiris,Tamil Nadu,,,1.0,0.0,0.0,0.0,i)Landslide reported at many places. ii)7 bridges washed away. ,IMD,2006.0,9.0,1.0
2006-07-06,2006-07-06,1.0,heavy rains,Lucknow,"Uttar Pradesh, Uttarakhand",,,15.0,0.0,0.0,0.0,,IMD,2006.0,7.0,15.0
2006-07-09,2006-09-09,3.0,flash flood,"Darjeeling, Jalpaiguri,Siliguri",West Bengal,,,0.0,0.0,0.0,0.0,i) Landslide reported. ii) Low lying areas inundated.,IMD,2006.0,7.0,0.0
2006-08-09,2006-08-09,1.0,heavy rains,Chandigarh,Punjab,,,0.0,0.0,0.0,0.0,2 huts in sector 51 collapsed.,IMD,2006.0,8.0,0.0
2007-01-08,2007-02-08,2.0,heavy rains,"Kurnool,Vizianagaram",Andhra Pradesh,,,4.0,0.0,0.0,0.0,Thousand acres of crop submerged.,IMD,2007.0,1.0,4.0
2007-08-08,2007-08-08,1.0,"flood (krishna, nagavalli, tungabhadra,vamsadhara)","Khammam, Kurnool,Srikakulam",Andhra Pradesh,,,2.0,0.0,0.0,0.0,"i) 40 acres of paddy,sugarcane crop submerged. ii) Hundreds of villages submerged. iii) Breach of roads reported,houses collapsed. iv) 3,000 acres of land submerged",IMD,2007.0,8.0,2.0
2007-01-09,2007-01-09,1.0,heavy rains,Hyderabad,Andhra Pradesh,,,0.0,0.0,0.0,0.0,"i) Fly over at Punajagutta fallen, traffic,transport disrupted. ii) Many houses inundated. ",IMD,2007.0,1.0,0.0
2007-05-10,2007-05-10,1.0,heavy rains,"East Godavari, Khammam, Visakhapatnam,Vizianagaram",Andhra Pradesh,,,6.0,0.0,0.0,0.0,"i) Many villages,houses inundated. ii) 3000 acres of sugarcane,4000 acres of paddy damaged. iii) Visakhapatnam airport submerged.",IMD,2007.0,5.0,6.0
2007-12-07,,2.0,"flash flood (dhal, jia,kumtia)","Dhemaji,Kamrup",Assam,,,0.0,0.0,0.0,0.0,"i) Due to breach in embankment.60 villages inundated. ii) Thatched houses inundated. iii) Crops,vegetables damaged. iv) Road/Rail communication cut off for 3 days. v) 40,000 people of 120 villages affected. ",IMD,2007.0,12.0,0.0
2007-03-09,2007-10-09,8.0,flood,"Barpeta, Baksa, Cachar, Dhemaji, Kamrup,Nalbari",Assam,,,0.0,0.0,0.0,0.0,"NH 37,52 remained under water at several places.",IMD,2007.0,3.0,0.0
2007-09-09,2007-09-09,1.0,flood,"Barpeta, Golaghat,Sonitpur",Assam,,,0.0,5.0,0.0,0.0,i) Road communication affected. ii) Standing crops damaged.,IMD,2007.0,9.0,5.0
2007-01-08,,14.0,heavy rains,"Begusarai, Bhagalpur, Purbi Champaran, Gopalganj, Khagaria, Madhubani, Muzaffarpur, Samastipur, Supaul,Pashchim Champaran",Bihar,,,68.0,100.0,0.0,0.0,i) Many villages inundated. ii) Large number of houses damaged.iii) Crops of 60 villages damaged.,IMD,2007.0,1.0,168.0
2007-09-09,2007-09-09,1.0,flood,"Pashchim Champaran, Purbi Champaran, Sitamarhi, Sheohar, Gopalganj, Samastipur, Katihar, Khagaria, Bhojpur, Buxar, Darbhanga, Saharsa, Kaimur (Bhabua), Rohtas, Jamui, Banka, Nawada, Gaya, Munger, Vaishali, Begusarai, Bhagalpur, Lakhisarai, Sheikhpura, Arwal, Jehanabad, Nalanda, Patna, Saran, Siwan, Muzaffarpur, Madhepura, Araria, Supaul, Madhubani, Purnia, Kishanganj, Aurangabad",Bihar,,,9.0,0.0,0.0,0.0,,IMD,2007.0,9.0,9.0
2007-03-07,2007-03-07,1.0,heavy rains,"Ahmedabad, Bharuch, Bhavnagar, Junagadh, Narmada, Surat,Surendranagar",Gujarat,,,63.0,0.0,0.0,0.0,6000 people evacuated to safer places.,IMD,2007.0,3.0,63.0
2007-10-02,2007-10-02,1.0,heavy rains,"Ambala,Yamunanagar",Haryana,,,0.0,0.0,0.0,0.0,Crops of 2 lakh acres of land in more than 16 districts damaged.,IMD,2007.0,10.0,0.0
2007-12-09,2007-12-09,1.0,moderate flood,Bhiwani,Haryana,,,0.0,0.0,0.0,0.0,"i) Electric supply disrupted due to hundreds of trees,electric poles uprooted. ii) Normal life paralysed. ",IMD,2007.0,12.0,0.0
2007-11-02,2007-12-02,2.0,heavy rains,Solan,Himachal Pradesh,,,0.0,0.0,0.0,0.0,"Electric poles,hundreds of trees uprooted.",IMD,2007.0,11.0,0.0
2007-01-03,2007-01-03,1.0,heavy rains,"Kullu, Solan",Himachal Pradesh,,,0.0,0.0,0.0,0.0,i) Landslide reported. ii) Trees uprooted. ,IMD,2007.0,1.0,0.0
2007-01-05,2007-01-05,1.0,heavy rains,Mandi,Himachal Pradesh,,,0.0,0.0,0.0,26.0,About five flour mills damaged.,IMD,2007.0,1.0,0.0
2007-08-07,2007-09-07,2.0,heavy rains (cloud burst),"Kangra, Kangra, Kinnaur, Mandi,Shimla",Himachal Pradesh,,,4.0,4.0,0.0,0.0,"i) Landslide reported. ji) A portion of highway washed away. iii) A bridge, machinery of a power project destroyed. iv) Stretch of National Highway 88 washed away.",IMD,2007.0,8.0,8.0
2007-12-07,2007-12-07,1.0,heavy rains,Kullu,Himachal Pradesh,,,2.0,1.0,0.0,0.0,Extensive damage to agriculture reported.,IMD,2007.0,12.0,3.0
2007-06-08,2007-08-08,3.0,flash flood,Kinnaur,Himachal Pradesh,,,3.0,7.0,0.0,0.0,"i)Landslide reported. ii) A truck, car, two shops,some agricultural land washed away.",IMD,2007.0,6.0,10.0
2007-08-08,,7.0,flood (cloud burst),"Kinnaur,Lahul And Spiti",Himachal Pradesh,,,0.0,0.0,0.0,0.0,i) About 240 visitors stranded. ii) One bridge damaged.,IMD,2007.0,8.0,0.0
2007-12-08,2007-12-08,1.0,flash flood,"Bilaspur, Kangra, Kinnaur, Hamirpur, Lahul And Spiti, Mandi, Solan",Himachal Pradesh,,,11.0,2.0,0.0,0.0,"i) Landslide reported. ii) Twenty Four houses collapsed. iii) 7 bridges washed away. iv) Normal life disrupted. v) Telecommunication Network, roads, water supply schemes affected. vi) Mandi-Hamirpur bridge damaged. ",IMD,2007.0,12.0,13.0
2007-06-09,2007-06-09,1.0,heavy rains,"Kangra, Pithoragarh",Himachal Pradesh,,,15.0,2.0,0.0,0.0,i) Landslide reported. ii) The control room of power project affected. iii) 3 houses swept away. ,IMD,2007.0,6.0,17.0
2007-04-07,2007-04-07,1.0,heavy rains,"Bokaro, Chatra, Giridih,Ranchi",Jharkhand,,,15.0,0.0,0.0,0.0,,IMD,2007.0,4.0,15.0
2007-08-07,2007-08-07,1.0,heavy rains,Godda,Jharkhand,,,4.0,0.0,0.0,0.0,,IMD,2007.0,8.0,4.0
2007-05-08,2007-10-08,6.0,heavy rains,"Bokaro,Hazaribagh",Jharkhand,,,10.0,0.0,0.0,0.0,,IMD,2007.0,5.0,10.0
2007-01-07,2007-01-07,1.0,heavy rains,Kodagu,Karnataka,,,1.0,0.0,0.0,0.0,,IMD,2007.0,1.0,1.0
2007-04-07,2007-04-07,1.0,heavy rains,Belagavi,Karnataka,,,2.0,0.0,0.0,0.0,,IMD,2007.0,4.0,2.0
2007-08-07,2007-08-07,1.0,heavy rains,Belagavi,Karnataka,,,1.0,0.0,0.0,0.0,,IMD,2007.0,8.0,1.0
2007-08-08,2007-12-08,5.0,heavy rains,"Beedar, Kalaburagi, Belagavi, Yadgir, Bagalkotee, Raichur, Koppal, Gadag, Ballari, Dharwad, Uttar Kashia Kannada, Haveri, Chitradurga, Davangere, Shivamogga, Udupi, Chikkamagaluru, Chikkaballapura, Hassan, Kolar, Bengaluru Rural, Dakshina Kannada, Bengaluru Urban, Kodagu, Chamarajanagaraa, Tumakuru, Ramanagara, Mandya, Mysuru, Vijayapura",Karnataka,,,28.0,0.0,0.0,1200.0,"i) Extensive damage to agriculture reported. 60,000 acres of fields inundated. 14,000 acres of maize, 15,000 acres of paddy,20,000 acres of cotton affected. ii) Low lying areas flooded. 50 houses collapsed. iii) Coconut,arecanut trees uprooted. iv)Virupaksha temple submerged. v) In Bellary, 16 villages inundated.  ",IMD,2007.0,8.0,28.0
2007-09-09,2007-09-09,1.0,heavy rains,"Ballari, Davangere,Shivamogga",Karnataka,,,2.0,0.0,0.0,0.0,"i) About 235 houses inundated,500 houses damaged. ii) 750 acres of field inundated. i) 28,493 houses collapsed. ii) A wall collapsed in chemical factory. ",IMD,2007.0,9.0,2.0
2007-07-06,2007-07-06,1.0,heavy rains,Wayanad,Kerala,,,0.0,0.0,0.0,0.0,"i) Extensive damage to buildings,agriculture reported. ii) 600 plantains destroyed, rubber trees broken,coconut & palm trees uprooted. ",IMD,2007.0,7.0,0.0
2007-10-06,2007-10-06,1.0,heavy rains,Wayanad,Kerala,,,0.0,0.0,0.0,0.0,5000 plantains destroyed.,IMD,2007.0,10.0,0.0
2007-01-07,2007-01-07,1.0,heavy rains,Idukki,Kerala,,,0.0,3.0,0.0,0.0,"i) A police camp,workshed of power house damaged. ii) Road transport disrupted. iii) Widespread damage to agriculture,property reported. iv) 11 houses fully,88 houses partially damaged. ",IMD,2007.0,1.0,3.0
2007-02-07,2007-02-07,1.0,heavy rains,"Ernakulam, Idukki, Kollam, Wayanad",Kerala,,,1.0,0.0,0.0,0.0,"Few houses,agricultural areas washed away.",IMD,2007.0,2.0,1.0
2007-04-07,2007-05-07,2.0,heavy rains,Wayanad,Kerala,,,0.0,2.0,0.0,0.0,"i) 12 houses completely,487 partially damaged. ii) Low lying areas submerged. iii) Roads flooded, trees uprooted,traffic disrupted. ",IMD,2007.0,4.0,2.0
2007-09-09,2007-09-09,1.0,heavy rains,Thiruvananthapuram,Kerala,,,0.0,0.0,0.0,0.0,"i) First floor of a hospital submerged. ii) Road traffic disrupted. iii) Many houses,vehicles submerged under water. ",IMD,2007.0,9.0,0.0
2007-03-11,2007-09-11,7.0,heavy rains,"Alappuzha, Malappuram, Pathanamthitta, Thiruvananthapuram,Wayanad",Kerala,,,0.0,5.0,0.0,0.0,"i) Extensive damage to agriculture reported. ii) 15 houses,a school inundated. Roofs of houses collapsed. iii) Roads, rail tracks, canals,low lying areas flooded. iv) National highway submerged. v) Several trees uprooted. vi) Road traffic,electric supply disrupted. ",IMD,2007.0,3.0,5.0
2007-10-07,2007-11-07,2.0,heavy rains,"Dhar, Narmadapuram, Jabalpur, Katni, Chhindwara, Khargone (Khargone (West Nimar)), Mandsaur, Sehore, Shivpuri, Ujjain,Vidisha",Madhya Pradesh,,,42.0,0.0,0.0,0.0,,IMD,2007.0,10.0,42.0
2007-09-08,2007-09-08,1.0,heavy rains,"Indore, Khargone (Khargone (West Nimar)),Mandsaur",Madhya Pradesh,,,0.0,3.0,0.0,0.0,The wall of Maheshwar fort collapsed.,IMD,2007.0,9.0,3.0
2007-01-06,2007-01-06,1.0,heavy rains,Nashik,Maharashtra,,,3.0,20.0,0.0,0.0,,IMD,2007.0,1.0,23.0
2007-01-07,2007-02-07,2.0,heavy rains,"Amravati, Chandrapur, Gondia, Nagpur,Thane",Maharashtra,,,70.0,9.0,0.0,0.0,"i) Railway bridge,50 houses washed away. ii) Trees uprooted.",IMD,2007.0,1.0,79.0
2007-06-07,2007-06-07,1.0,flash flood,Gadchiroli,Maharashtra,,,5.0,0.0,0.0,0.0,,IMD,2007.0,6.0,5.0
2007-09-07,2007-10-07,2.0,flash flood,"Amravati,Nagpur",Maharashtra,,,9.0,0.0,0.0,0.0,,IMD,2007.0,9.0,9.0
2007-01-08,2007-09-08,9.0,flood (cloud burst),"Amravati, Bhandara, Chandrapur, Gadchiroli, Gondia, Aurangabad,Beed,Hingoli, Jalna, Latur, Nanded,Dharashiv,Parbhani, Mumbai, Nagpur, Nashik, Sindhudurg, Thane, Wardha,Washim",Maharashtra,,,32.0,22.0,0.0,100.0,"i) Standing crops at Nilanga damaged. ii) Low lying areas of Pathari inundated. iii) Walls of houses,hotels collapsed in Kudala taluka. iv) More than 500 villages marooned. v) 715 houses damaged. ",IMD,2007.0,1.0,54.0
2007-07-09,2007-07-09,1.0,heavy rains,"Bhandara,Nagpur",Maharashtra,,,4.0,0.0,0.0,0.0,,IMD,2007.0,7.0,4.0
2007-03-10,2007-11-10,9.0,heavy rains,"Imphal West, Imphal East",Manipur,,,0.0,0.0,0.0,0.0,i)More than 400 houses submerged. ii) National Highway 39 over topped at several places. iii)Standing crops damaged. iv) Landslide reported. v) 48 houses damaged. vi) State highway connecting Manipur to Nagaland affected. ,IMD,2007.0,3.0,0.0
2007-04-07,2007-09-07,6.0,flood,"Baleshwar, Bhadrak,Kendujhar",Odisha,,,17.0,0.0,0.0,0.0,"Large number of villages,crops damaged.",IMD,2007.0,4.0,17.0
2007-05-08,2007-06-08,2.0,flood,"Baleshwar, Bhadrak, Cuttack, Kendrapara,Kendujhar",Odisha,,,18.0,0.0,0.0,0.0,,IMD,2007.0,5.0,18.0
2007-01-07,2007-01-07,1.0,heavy rains,Amritsar,Punjab,,,2.0,0.0,0.0,0.0,"i)Many acres of land with paddy,jowar submerged. ii) 4 villages submerged. ",IMD,2007.0,1.0,2.0
2007-09-07,2007-09-07,1.0,heavy rains,Hoshiarpur,Punjab,,,0.0,0.0,0.0,0.0,i) Many places inundated. ii) One bridge washed away. iii) Crops on 55 acres of land damaged due to breach in canal. ,IMD,2007.0,9.0,0.0
2007-10-07,2007-10-07,1.0,heavy rains,"Ajmer, Banswara,Jodhpur",Rajasthan,,,1.0,0.0,0.0,0.0,Embankment of Jaswant Sagar breached.,IMD,2007.0,10.0,1.0
2007-12-09,2007-12-09,1.0,heavy rains,Bikaner,Rajasthan,,,3.0,0.0,0.0,0.0,5 Kachchha houses washed away.,IMD,2007.0,12.0,3.0
2007-02-06,2007-02-06,1.0,heavy rains,Gangtok,Sikkim,,,2.0,0.0,0.0,0.0,Large number of houses damaged.,IMD,2007.0,2.0,2.0
2007-07-09,2007-11-09,3.0,heavy rains,"Gangtok,Gyalshing",Sikkim,,,0.0,0.0,0.0,0.0,i) Landslide reported. ii) Road communication disrupted.,IMD,2007.0,7.0,0.0
2007-06-11,2007-06-11,1.0,heavy rains,Kanniyakumariumari,Tamil Nadu,,,6.0,0.0,0.0,0.0,,IMD,2007.0,6.0,6.0
2007-10-06,2007-10-06,1.0,heavy rains,"West Tripura,South Tripura",Tripura,,,1.0,2.0,0.0,0.0,i) Main wooden bridge over Muhuri river washed away. ii) Mudslide reported. ,IMD,2007.0,10.0,3.0
2007-12-06,2007-12-06,1.0,heavy rains,West Tripura,Tripura,,,0.0,0.0,0.0,0.0,3 Vast areas of Indo-Bangla border fencing damaged.,IMD,2007.0,12.0,0.0
2007-11-02,2007-11-02,1.0,heavy rains,"Bara Banki, Chitrakoot,Varanasi",Uttar Pradesh,,,4.0,5.0,0.0,0.0,,IMD,2007.0,11.0,9.0
2007-03-07,2007-11-07,9.0,flood,Unknown,West Bengal,,,51.0,0.0,0.0,0.0,i) Large number of thatched houses damaged. ii) Extensive damage to crops reported.,IMD,2007.0,3.0,51.0
2007-07-09,2007-07-09,1.0,heavy rains,Darjeeling,West Bengal,,,5.0,0.0,0.0,0.0,,IMD,2007.0,7.0,5.0
2008-08-08,,7.0,flash flood (palem),"Adilabad, Y.S.R., East Godavari, Guntur, Hyderabad, Khammam, Krishna, Medak, Nalgonda,","Andhra Pradesh, Telangana",,,66.0,3.0,0.0,0.0,i) Thousand acres of farm submerged. ii) About 1000 houses marooned. ,IMD,2008.0,8.0,69.0
2008-08-07,2008-08-07,1.0,"flash flood (jiadhal,semen)",Lower Subansiri,Arunachal Pradesh,,,37.0,0.0,0.0,0.0,i)Landslide reported. ii)Sonitpur - Tawang road cut off at several places.,IMD,2008.0,8.0,37.0
2008-06-06,2008-06-06,1.0,flash flood,Lakhimpur,Assam,,,0.0,0.0,0.0,0.0,"i) Damage to crops,vegetables reported. ii) Water logged at several places. ",IMD,2008.0,6.0,0.0
2008-06-07,2008-06-07,1.0,flash flood (tributory of ranganadi),"Dhemaji,Lakhimpur",Assam,,,0.0,0.0,0.0,0.0,i)More than 11 villages affected. ii) Some parts of NH 52 swept away. ,IMD,2008.0,6.0,0.0
2008-01-09,,14.0,"severe flood (brahmaputra,its tributaries)","Barpeta, Bongaigaon, Dhubri, Dibrugarh,Golaghat, Jorhat, Kamrup, Lakhimpur, Majuli, Mancachar, Nalbari",Assam,,,32.0,0.0,0.0,0.0,"i) NH 37 submerged. ii) Kaziranga sanctuary, neighbouring villages of district flooded. About 20 lakh people affected due to flood. iv) 60% of Kaziranga National Park submerged. ",IMD,2008.0,1.0,32.0
2008-06-07,2008-06-07,1.0,heavy rains,Sonipat,Haryana,,,4.0,3.0,0.0,0.0,,IMD,2008.0,6.0,7.0
2008-12-07,,3.0,heavy rains,"Faridabad, Panchkula",Haryana,,,3.0,0.0,0.0,0.0,Water logged in NH 22 Kalka-Panchkula stretch. ,IMD,2008.0,12.0,3.0
2008-08-08,2008-08-08,1.0,heavy rains,Bhiwani,Haryana,,,2.0,0.0,0.0,0.0,i)About 40 villages flooded. ii)90% of city inundated. ,IMD,2008.0,8.0,2.0
2008-02-04,2008-06-04,5.0,heavy rains,"Shimla,Una",Himachal Pradesh,,,0.0,0.0,0.0,0.0,"80% of wheat crop in 30,800 hectares of land damaged.",IMD,2008.0,2.0,0.0
2008-09-06,2008-09-06,1.0,cloud burst,"Chamba, Kullu, Shimla,Solan",Himachal Pradesh,,,1.0,0.0,0.0,0.0,i) Landslide reported. ii) Extensive damage to crops reported. iii) About 40 houses damaged. ,IMD,2008.0,9.0,1.0
2008-05-08,2008-08-08,4.0,heavy rains,"Kangra, Shimla,Sirmaur",Himachal Pradesh,,,0.0,0.0,0.0,3.0,"i)Landslide reported. li) Extensive damage to property reported.iii) Few houses collapsed,roads blocked. ",IMD,2008.0,5.0,0.0
2008-07-07,2008-07-07,1.0,heavy rains,Srinagar,Jammu and Kashmir,,,3.0,0.0,0.0,0.0,,IMD,2008.0,7.0,3.0
2008-01-06,,14.0,heavy rains,"Giridih, Gumla, Hazaribagh,Ranchi",Jharkhand,,,31.0,0.0,0.0,0.0,,IMD,2008.0,1.0,31.0
2008-01-08,,4.0,heavy rains,"Palamu,Ranchi",Jharkhand,,,11.0,0.0,0.0,28.0,,IMD,2008.0,1.0,11.0
2008-01-06,2008-02-06,2.0,heavy rains,"Bengaluru Rural, Belagavi,Uttar Kashia Kannada",Karnataka,,,0.0,0.0,0.0,0.0,i) Extensive damage to crops reported. ii) Electric poles uprooted. iii) Few houses damaged. ,IMD,2008.0,1.0,0.0
2008-01-08,,28.0,flood,Ballari,Karnataka,,,0.0,0.0,0.0,0.0,"i)Standing crops of paddy, maize, sunflower, sugarcane, banana, bajara & cotton in 7260 acres of land in 69 villages of Hadagali, Hospet & Siruguppa taluks damaged. ii) Loss estimated to worth Rs. 4.52 crores. ",IMD,2008.0,1.0,0.0
2008-01-09,2008-07-09,7.0,heavy rains,"Bagalkotee, Bengaluru Rural, Belagavi , Ballari, Beedar, Bijapur, Chikodi, Chitradurga, Davangere, Gadag, Kalaburagi, Hassan, Dharwad,Raichur",Karnataka,,,30.0,9.0,0.0,0.0,"i) Extensive damage to the crops reported. ii) 60 houses,a bridge collapsed. iii) Many villages inundated. ",IMD,2008.0,1.0,39.0
2008-08-10,2008-08-10,1.0,heavy rains,Bagalkotee,Karnataka,,,3.0,2.0,0.0,0.0,,IMD,2008.0,8.0,5.0
2008-08-04,2008-11-04,4.0,heavy rains,Thiruvananthapuram,Kerala,,,0.0,0.0,0.0,0.0,i) Many coconut trees uprooted. ii) Few houses collapsed.,IMD,2008.0,8.0,0.0
2008-11-07,,5.0,heavy rains,Thiruvananthapuram,Kerala,,,1.0,0.0,0.0,0.0,,IMD,2008.0,11.0,1.0
2008-10-08,2008-12-08,3.0,heavy rains,"Palakkad,Wayanad",Kerala,,,2.0,0.0,0.0,0.0,i). Few houses collapsed. 1) Extensive damage to agriculture reported. ,IMD,2008.0,10.0,2.0
2008-01-09,2008-05-09,5.0,heavy rains,"Malappuram, Pathanamthitta, Thiruvananthapuram",Kerala,,,1.0,0.0,0.0,0.0,"1) Landslide reported. ii) Extensive damage to crops,property reported. iii) Few houses flooded. iv) Traffic disrupted. ",IMD,2008.0,1.0,1.0
2008-07-09,2008-08-09,2.0,flash flood,"Idukki, Kasaragod,Kottayam",Kerala,,,0.0,0.0,0.0,0.0,i) Extensive damage to agriculture reported. ii) Landslide reported. ii) Many houses collapsed. ,IMD,2008.0,7.0,0.0
2008-04-06,2008-04-06,1.0,heavy rains,Pune,Maharashtra,,,0.0,0.0,0.0,0.0,i) 2000 acres of tomato crop damaged. ii) Many trees in fruit garden uprooted. ,IMD,2008.0,4.0,0.0
2008-06-06,2008-06-06,1.0,heavy rains,Gondia,Maharashtra,,,1.0,0.0,0.0,0.0,,IMD,2008.0,6.0,1.0
2008-07-06,2008-09-06,3.0,heavy rains,"Raigarh, Mumbai, Raigarh,Thane",Maharashtra,,,10.0,19.0,0.0,0.0,i) Landslide reported. ii) Many trees uprooted. iii) Low lying areas flooded. iv) Few houses collapsed.,IMD,2008.0,7.0,29.0
2008-01-07,2008-02-07,2.0,heavy rains,"Mumbai,Thane",Maharashtra,,,5.0,0.0,0.0,0.0,i) Low lying houses flooded. ii) Many trees uprooted.,IMD,2008.0,1.0,5.0
2008-03-08,2008-03-08,1.0,heavy rains,Pune,Maharashtra,,,0.0,1.0,0.0,0.0,,IMD,2008.0,3.0,1.0
2008-04-08,2008-08-08,5.0,flash flood,"Bhandara Chandrapur,Wardha",Maharashtra,,,18.0,0.0,0.0,0.0,About 50 houses fully & 900 houses partially damaged.,IMD,2008.0,4.0,18.0
2008-09-08,,6.0,"flood (indrayani, mula, panchganga, pavana)","Kolhapur, Mumbai, Pune, Ratnagiri, Satara,Sindhudurg",Maharashtra,,,35.0,35.0,0.0,0.0,"i) Landslide reported. ii) Road / rail traffic,power supply disrupted. iii) About 120 villages marooned, iv) Ratnagiri - Kolhapur highway disrupted. v) 1500 houses damaged. vi) About 900 people evacuated. vii) Extensive damage to grain stock reported. ",IMD,2008.0,9.0,70.0
2008-02-09,2008-02-09,1.0,heavy rains,Dharashiv,Maharashtra,,,5.0,0.0,0.0,0.0,,IMD,2008.0,2.0,5.0
2008-12-09,,6.0,"flood (bhima, bindusara,chandrabhaga)","Beed, Dhule, Latur, Nanded, Nandurbar, Dharashiv, Parbhani,Solapur",Maharashtra,,,32.0,11.0,0.0,0.0,i) About 1000 houses inundated.  ii) 80% of kharif crops damaged.  iii) Low lying areas flooded. ,IMD,2008.0,12.0,43.0
2008-05-10,2008-05-10,1.0,heavy rains,Nashik,Maharashtra,,,6.0,0.0,0.0,0.0,,IMD,2008.0,5.0,6.0
2008-01-12,2008-01-12,1.0,heavy rains,Pune,Maharashtra,,,0.0,0.0,0.0,0.0,i) Low lying areas flooded. ii) Many trees uprooted.,IMD,2008.0,1.0,0.0
2008-07-09,2008-07-09,1.0,heavy rains,Tamenglong,Manipur,,,0.0,0.0,0.0,0.0,"i)Land slide reported in NH 53,39. ii)Vehicular traffic affected. ",IMD,2008.0,7.0,0.0
2008-01-06,2008-09-06,9.0,heavy rains,"Anugul, Baleshwar, Dhenkanal, Nayagarh, Puri,Sambalpur",Odisha,,,14.0,0.0,0.0,0.0,,IMD,2008.0,1.0,14.0
2008-07-08,2008-07-08,1.0,heavy rains,Cuttack,Odisha,,,2.0,0.0,0.0,0.0,,IMD,2008.0,7.0,2.0
2008-07-09,2008-07-09,1.0,heavy rains,Cuttack,Odisha,,,2.0,0.0,0.0,0.0,,IMD,2008.0,7.0,2.0
2008-05-04,2008-06-04,2.0,heavy rains,Sangrur,Punjab,,,3.0,0.0,0.0,0.0,,IMD,2008.0,5.0,3.0
2008-04-07,2008-04-07,1.0,heavy rains,Bathinda,Punjab,,,0.0,1.0,0.0,0.0,,IMD,2008.0,4.0,1.0
2008-12-07,2008-12-07,1.0,heavy rains,Jalandhar,Punjab,,,0.0,0.0,0.0,0.0,i)A breach occurred in Darauli canal. ii) Standing crops damaged. ,IMD,2008.0,12.0,0.0
2008-05-08,2008-05-08,1.0,heavy rains,Hoshiarpur,Punjab,,,1.0,0.0,0.0,0.0,Low lying areas inundated.,IMD,2008.0,5.0,1.0
2008-08-08,2008-08-08,1.0,severe flood,Kapurthala,Punjab,,,0.0,0.0,0.0,0.0,i)3500 acres of crops submerged. ii)About a dozen villages affected. ,IMD,2008.0,8.0,0.0
2008-05-07,2008-07-07,3.0,flood,Many districts of Uttar Kashi Pradesh,Uttar Pradesh,,,32.0,0.0,0.0,0.0,Torrential rain causes damage to many houses.,IMD,2008.0,5.0,32.0
2008-01-06,,89.0,flood (gomati),"Amroha, Hapur, Bareilly, Pilibhit, Bulandshahr, Gautam Buddha Nagar, Kheri, Budaun, Bahraich, Shahjahanpur, Aligarh, Kasganj, Mathura, SShrawasti, Sitapur, Hathras, Etah, Hardoi, Farrukhabad, Firozabad, Siddharthnagar, Mainpuri, Mahrajganj, Agra, Gonda, Bara Banki, Kushinagar, Kannauj, Lucknow, Basti, Gorakhpur, Sant Kabir Nagar, Unnao, Etawah, Kanpur nagar Nagar, Auraiya, Ayodhya, Kanpur nagar Dehat, Deoria, Sultanpur, Ambedkar Nagar, Rae Bareli, Jalaun, Azamgarh, Mau, Fatehpur, Ballia, Jaunpur, Jhansi, Banda, Ghazipurr, Kaushambi, Prayagraj, Varanasi, Chitrakoot, Chandauli, Bhadohi, Mirzapur, Lalitpur, Sonbhadra, Amethi, Ghaziabad, Sambhal, Mahoba, Saharanpur, Bijnor, Muzaffarnagar, Baghpat, Meerut, Moradabad, Rampur, Shamli, Balrampur, Hamirpur, Pratapgarh",Uttar Pradesh,,,721.0,0.0,0.0,0.0,i) 15.29 lakh hectare of farmland affected. ii) Lakhs of people in 21 villages reported. iv) About 50 villages inundated. v) The embankment of the river breached at several places. ,IMD,2008.0,1.0,721.0
2008-05-08,2008-05-08,1.0,heavy rains,Chandigarh,Punjab,,,0.0,0.0,0.0,0.0,i) Many trees uprooted. ii) Many houses flooded.,IMD,2008.0,5.0,0.0
2008-11-08,2008-11-08,1.0,heavy rains,Chandigarh,Punjab,,,0.0,1.0,0.0,0.0,Basement of district court flooded.,IMD,2008.0,11.0,1.0
2008-05-09,2008-05-09,1.0,heavy rains,Chandigarh,Punjab,,,0.0,2.0,0.0,0.0,"i) Many trees uprooted. ii) Traffic,power supply disrupted. iii) Many areas flooded.",IMD,2008.0,5.0,2.0
2008-08-06,2008-08-06,1.0,heavy rains,Unknown,"Goa, Daman & Diu",,,5.0,6.0,0.0,0.0,,IMD,2008.0,8.0,11.0
2009-01-10,2009-07-10,7.0,flash flood (krishna),"Guntur, Krishna, Kurnool, Prakasam",Andhra Pradesh,,,49.0,0.0,0.0,0.0,"i) A loss of Rs. 12,225 crores property reported. 70,000 houses damaged,4,00,000 people rendered homeless. iii) 500 villages inundated. ",IMD,2009.0,1.0,49.0
2009-11-06,,6.0,flash flood (singra),Lakhimpur,Assam,,,0.0,0.0,0.0,0.0,i) About 15 villages inundated. ii) Huge amount of standing crops damaged. iii) The embankment of the river breached at 3-4 places. iv) Road communication disrupted ,IMD,2009.0,11.0,0.0
2009-02-07,2009-06-07,5.0,"flash flood (brahmaputra,its tributaries)","Barpeta, Bongaigaon, Jorhat, Karbi Anglong, Lakhimpur,Nagaon",Assam,,,0.0,0.0,0.0,0.0,"i) 1.5 lakh people affected. ii) 30,000 hectares of crop land,huge amount of crop damaged. ",IMD,2009.0,2.0,0.0
2009-10-07,2009-11-07,2.0,"flash flood (brahmaputra,deshang)","Marigaon,Sivasagar",Assam,,,0.0,2.0,0.0,0.0,"i)About 50,000 people,32 villages affected. ii)Water logged in Sivasagar- Najira Jorhat road. iii) Damage to paddy crops reported. ",IMD,2009.0,10.0,2.0
2009-05-08,2009-05-08,1.0,"flood (sopai,bisaikata)",Sonitpur,Assam,,,0.0,0.0,0.0,0.0,i)About 500 houses marooned. ii)Standing crops damaged. ,IMD,2009.0,5.0,0.0
2009-12-08,,2.0,Unknown,"Dhemaji, Lakhimpur,Sonitpur",Assam,,,0.0,2.0,0.0,0.0,"i) 1.5 lakh people affected. ii) N.H. 52 breached at three places between Dhemaji,Lakhimpur. iii) Arunachal link road affected. iv) Extensive damage to standing crops reported. ",IMD,2009.0,12.0,2.0
2009-08-10,2009-08-10,1.0,"flash flood (boka,singra)",Lakhimpur,Assam,,,0.0,0.0,0.0,0.0,i)Crop land in vast area damaged. ii)Several villages inundated.,IMD,2009.0,8.0,0.0
2009-01-09,2009-01-09,1.0,heavy rains,"Darbhanga, Madhubani, Muzaffarpur, Kishanganj,Supaul",Bihar,,,39.0,0.0,0.0,0.0,,IMD,2009.0,1.0,39.0
2009-01-07,,21.0,heavy rains,Most of the districts,Gujarat,,,58.0,0.0,0.0,308.0,"553 houses fully,5330 houses partially damaged causes a loss of about Rs. 135.57 lakhs.",IMD,2009.0,1.0,58.0
2009-01-08,,31.0,heavy rains,"Junagadh, Mahesana, Panch Mahals, Rajkot,Sabar Kantha",Gujarat,,,11.0,0.0,0.0,14.0,"221 houses fully,6279 houses partially damaged which causes a loss of about Rs. 1 lakh.",IMD,2009.0,1.0,11.0
2009-01-10,2009-07-10,7.0,heavy rains,"Bharuch, Surat, Dangs, Vadodara,Valsad",Gujarat,,,12.0,0.0,0.0,0.0,,IMD,2009.0,1.0,12.0
2009-11-09,2009-12-09,2.0,heavy rains,"Ambala, Bhiwani, Hisar, Karnal, Jind, Panchkula, Panipat, Rewari,Sonipat",Haryana,,,6.0,0.0,0.0,0.0,"i)Breaches in Kotbilla bridge,about a 30 ft. breach in embankment of Tangri river. 100 acres of land ii)Breaches in Kotbilla bridge,about a 30 ft. breach in embankment of Tangri river. iii)100 acres of land submerged.iv) 600 acres of cropland submerged in Jind. ",IMD,2009.0,11.0,6.0
2009-07-08,2009-07-08,1.0,moderate flood (cloud burst),Mandi,Himachal Pradesh,,,2.0,0.0,0.0,0.0,"Some cow sheds, shops,buses washed away.",IMD,2009.0,7.0,2.0
2009-11-06,,5.0,heavy rains,Bengaluru Urban,Karnataka,,,0.0,3.0,0.0,0.0,,IMD,2009.0,11.0,3.0
2009-03-07,2009-08-07,6.0,heavy rains,"Dakshina Kannada, Mangalore, Shivamogga,Udupi",Karnataka,,,0.0,11.0,0.0,0.0,32 houses washed away in Udupi,IMD,2009.0,3.0,11.0
2009-05-09,2009-05-09,1.0,flood (bhadra),"Chikkaballapura, Raichur, Kalaburagi",Karnataka,,,0.0,3.0,0.0,0.0,,IMD,2009.0,5.0,3.0
2009-01-10,2009-07-10,7.0,"flash flood (krishna, ghatprabha,malprabha)","Beedar, Kalaburagi, Belagavi, Yadgir, Bagalkotee, Raichur, Koppal, Gadag, Ballari, Dharwad, Uttar Kashia Kannada, Haveri, Chitradurga, Davangere, Shivamogga, Udupi",Karnataka,,,195.0,0.0,0.0,0.0,"i)Crops in 25000 hectares of area damaged. ii)2,40,000 houses damaged causing Rs. 16,500 crores loss. ",IMD,2009.0,1.0,195.0
2009-05-07,2009-05-07,1.0,heavy rains,"Kozhikode, Thrissur,Wayanad",Kerala,,,5.0,0.0,0.0,0.0,,IMD,2009.0,5.0,5.0
2009-11-07,2009-12-07,2.0,heavy rains,Wayanad,Kerala,,,0.0,0.0,0.0,0.0,i)About 600 plantations destroyed. ii) Landslide reported. ,IMD,2009.0,11.0,0.0
2009-03-10,2009-03-10,1.0,heavy rains,"Alappuzha, Ernakulam, Kollam, Kozhikode, Malappuram, Pathanamthitta, Thrissur,Thiruvananthapuram",Kerala,,,0.0,0.0,0.0,0.0,"i) 112 houses completely,539 houses partially damaged. ii) Landslide reported. iii) About 3,000 acres of paddy fields flooded. iv) Lossof around 1.5 crores of rupees reported. V) Extensive damage to Agriculture reported. ",IMD,2009.0,3.0,0.0
2009-07-11,2009-08-11,2.0,heavy rains,"Idukki, Palakkad,Thiruvananthapuram",Kerala,,,1.0,0.0,0.0,0.0,i) Landslide reported. ii) 21 houses collapsed and. 80 partially damaged. iii) Damage to standing crops reported. ,IMD,2009.0,7.0,1.0
2009-03-07,2009-08-07,6.0,heavy rains,"Amravati, Mumbai,Nashik",Maharashtra,,,12.0,0.0,0.0,0.0,,IMD,2009.0,3.0,12.0
2009-05-09,2009-05-09,1.0,heavy rains,Mumbai,Maharashtra,,,11.0,0.0,0.0,0.0,Landslide reported.,IMD,2009.0,5.0,11.0
2009-01-10,2009-06-10,6.0,heavy rains,"Ahmednagar, Kolhapur, Raigarh, Ratnagiri, Sangli, Sindhudurg,Solapur",Maharashtra,,,34.0,0.0,0.0,67.0,"i) 583 houses completely,4749 partially damaged. Crops in 1,28,772 hectares of land damaged causing a loss of about 1.5 crores. ",IMD,2009.0,1.0,34.0
2009-11-11,2009-11-11,1.0,heavy rains,"Ratnagiri,Sindhudurg",Maharashtra,,,10.0,62.0,0.0,0.0,Extensive damage to crops reported.,IMD,2009.0,11.0,72.0
2009-12-11,2009-12-11,1.0,heavy rains,Satara,Maharashtra,,,1.0,50.0,0.0,0.0,"i) 15 houses damaged. ii) Damage to jowar, groundnut, strawberry,grapes reported. ",IMD,2009.0,12.0,51.0
2009-10-10,2009-10-10,1.0,heavy rains,Siang,Meghalaya,,,4.0,15.0,0.0,0.0,,IMD,2009.0,10.0,19.0
2009-07-10,2009-07-10,1.0,heavy rains,Aizawl,Mizoram,,,3.0,10.0,0.0,0.0,Landslide reported.,IMD,2009.0,7.0,13.0
2009-07-09,2009-11-09,5.0,heavy rains,Baleshwar,Odisha,,,0.0,0.0,0.0,0.0,"i) About 1.16 lakhs of people affected. ii) Extensive damage to 0.05 lakhs of hectare, agricultural land affected. ",IMD,2009.0,7.0,0.0
2009-05-08,2009-05-08,1.0,heavy rains,Gurdaspur,Punjab,,,1.0,0.0,0.0,0.0,,IMD,2009.0,5.0,1.0
2009-04-10,2009-04-10,1.0,heavy rains,Faridkot,Punjab,,,0.0,0.0,0.0,0.0,Bridge adjoining Mirapur dam washed away.,IMD,2009.0,4.0,0.0
2009-09-09,2009-11-09,3.0,heavy rains,"Alwar, Bharatpur,Kota",Rajasthan,,,7.0,0.0,0.0,0.0,24 Kachchha houses swept away.,IMD,2009.0,9.0,7.0
2009-06-11,2009-11-11,6.0,heavy rains,"The Nilgiris,Kanniyakumariumari,Thiruvallur, Thiruvarur,Tirunelveli",Tamil Nadu,,,49.0,0.0,0.0,0.0,"i) Paddy cultivation in 30,000-40,000 acres submerged. ii) 700 houses completely damaged. iii) Land slide reported in The Nilgiris. ",IMD,2009.0,6.0,49.0
2009-08-08,2009-08-08,1.0,severe flood (cloud burst),Pithoragarh,Uttarakhand,,,43.0,0.0,0.0,100.0,i)About 12 houses trapped under debris. ii) Landslide reported.,IMD,2009.0,8.0,43.0
2009-11-09,2009-12-09,2.0,heavy rains,"Bahraich, Bara Banki, Hardoi,Unnao",Uttar Pradesh,,,16.0,0.0,0.0,0.0,,IMD,2009.0,11.0,16.0
2009-06-10,2009-07-10,2.0,heavy rains,"Bara Banki, Chitrakoot, Fatehpur, Gonda, Hathras, Kanpur nagar Nagar,Kanpur nagar Dehat, Kheri, Sitapur,Unnao",Uttar Pradesh,,,24.0,0.0,0.0,0.0,,IMD,2009.0,6.0,24.0
2009-09-10,2009-09-10,1.0,heavy rains,"Bahraich, Balrampur,Gonda",Uttar Pradesh,,,8.0,0.0,0.0,0.0,,IMD,2009.0,9.0,8.0
2009-05-09,2009-10-09,6.0,heavy rains,"Bankura, Purba Purba Bardhaman, Birbhum, East & West Purba Purba Medinipur, Howrah,South 24 Parganas,North 24 Parganas",West Bengal,,,7.0,0.0,0.0,0.0,"i)17 lakh people of about 11 villages marooned. ii)About 4,000 people shifted to safer places. iii) 14,000 houses fully/partially damaged. iv) 37,500 people were shifted to safer places. Large area of standing crops damaged. ",IMD,2009.0,5.0,7.0
2010-04-10,2010-04-10,1.0,heavy rains,"East Godavari,coastal districts of Andhra Pradesh",Andhra Pradesh,,,14.0,0.0,0.0,0.0,"i) Extensive damage to paddy,other standing crops in about 2.83 lakh hectares of land reported. ii) Damage to public property reported. iii) Low lying areas submerged. ",IMD,2010.0,4.0,14.0
2010-02-04,2010-02-04,1.0,heavy rains,Kurung Kumey,Arunachal Pradesh,,,7.0,0.0,0.0,0.0,i) Landslide reported. ii) Damage to public property reported.,IMD,2010.0,2.0,7.0
2010-09-09,2010-10-09,2.0,heavy rains,"East,West Siang",Arunachal Pradesh,,,8.0,0.0,0.0,0.0,"i) Landslide reported. ii) Pasighat-Pangin,Pasighat-Mebo roads washed away. iii) Damage to Siku bridge reported. iv) Thousands of people rendered homeless. ",IMD,2010.0,9.0,8.0
2010-10-05,,7.0,"flood (bramhaputra,its tributaries, tiyak,kakajan)","Dhemaji,Golaghat",Assam,,,5.0,0.0,0.0,0.0,"i)Extensive damage to standing crops reported. ii) NH-37,NH-39 disrupted. iii) About 30 villages inundated ",IMD,2010.0,10.0,5.0
2010-01-06,2010-01-06,1.0,"flood (singra, dikrang,paroi)",Lakhimpur,Assam,,,0.0,0.0,0.0,0.0,i) Standing crops damaged. ii) About 25 villages inundated. iii) Many trees uprooted.,IMD,2010.0,1.0,0.0
2010-06-06,2010-09-06,4.0,"flood (brahmaputra,its tributaries)","Darrang, Dhemaji, Kamrup, Lakhimpur, Marigaon, Nalbari,Sonitpur",Assam,,,40.0,0.0,0.0,0.0,"i) Extensive damage to Boro crops reported. ii) About 60 villages inundated. iii) Lakhs of people affected. iv) Few houses completely damaged due to landslide. v) Poultry farms, fisheries affected. ",IMD,2010.0,6.0,40.0
2010-02-07,2010-02-07,1.0,heavy rains,Sonitpur,Assam,,,0.0,0.0,0.0,0.0,i) Damage to standing crops reported. ii) About 7 villages inundated. ,IMD,2010.0,2.0,0.0
2010-06-07,2010-07-07,2.0,"flood (brahmaputra,its tributaries)","Marigaon,Sonitpur",Assam,,,0.0,0.0,0.0,0.0,i) Damage to standing crops reported. ii) About 1500 hectares of crop land affected. iii) About 120 villages inundated. iv) 60 % area of Pabitora reserved forest inundated. ,IMD,2010.0,6.0,0.0
2010-10-07,2010-10-07,1.0,"flood (brahmaputra,its tributaries)","Barpeta, Dhubri,Marigaon",Assam,,,0.0,2.0,0.0,0.0,i) About 20 villages inundated. ii) Vast area of crop land affected. iii) Low lying areas submerged.,IMD,2010.0,10.0,2.0
2010-05-09,2010-09-09,5.0,"flood (brahmaputra,its tributaries)","Dhemaji, Dibrugarh, Lakhimpur,Nagaon",Assam,,,1.0,0.0,0.0,0.0,"i) About 20,000 bighas paddy crops damaged. ii) About 50 villages inundated. iii) A part of NH 52 damaged. ",IMD,2010.0,5.0,1.0
2010-02-08,2010-08-08,7.0,heavy rains,Bastar,Chhattisgarh,,,1.0,0.0,0.0,0.0,"i) About 7800 hectares of crop land affected. ii) About 800 houses completely,400 partially damaged. iii) Damage to public property reported. iv) Road transport on highways disrupted. ",IMD,2010.0,2.0,1.0
2010-07-09,2010-08-09,2.0,heavy rains,"Dhamtari, Narayanpur, Rajnandgaon",Chhattisgarh,,,14.0,2.0,0.0,0.0,i) Low lying areas flooded. ii) Trees/electricity poles uprooted,IMD,2010.0,7.0,16.0
2010-08-12,2010-09-12,2.0,heavy rains,Raipur,Chhattisgarh,,,0.0,0.0,0.0,0.0,i) Extensive damage to crops reported. ii) Damage to public property reported. iii) Many trees uprooted.,IMD,2010.0,8.0,0.0
2010-01-07,,31.0,heavy rains,Most of the districts,Gujarat,,,90.0,0.0,0.0,240.0,i) About 20 houses partially damaged  ii) Estimated value of damage to public property about Rs. 630 lakhs reported. ,IMD,2010.0,1.0,90.0
2010-01-08,,31.0,heavy rains,Most of the districts,Gujarat,,,85.0,0.0,0.0,130.0,"i) About 250 houses fully,3500 houses partially damaged. ii) Estimated value of damage to public property about Rs. 4900 lakhs reported. ",IMD,2010.0,1.0,85.0
2010-01-09,,30.0,heavy rains,Most of the districts,Gujarat,,,70.0,0.0,0.0,200.0,"i) About 60 houses fully,1920 houses partially damaged ii) Estimated value of damage to public property about Rs. 1050 lakhs reported. ",IMD,2010.0,1.0,70.0
2010-07-07,2010-08-07,2.0,flood (yamuna),"Ambala, Jhajjar, Kaithal,Kurukshetra",Haryana,,,8.0,0.0,0.0,0.0,"i) About 5,000 thousand people affected. ii) Many places inundated. iii) Water,electricity supply disrupted. ",IMD,2010.0,7.0,8.0
2010-05-09,2010-05-09,1.0,heavy rains,"Hamirpur,Shimla",Himachal Pradesh,,,0.0,0.0,0.0,0.0,i) Landslide reported. ii) Damage to public property reported.,IMD,2010.0,5.0,0.0
2010-08-09,2010-10-09,3.0,heavy rains,Sirmaur,Himachal Pradesh,,,1.0,0.0,0.0,0.0,i) Electric supply/ road traffic disrupted. ii) Few vehicles damaged.,IMD,2010.0,8.0,1.0
2010-12-09,,2.0,heavy rains,"Hamirpur, Kangra, Kullu,Shimla",Himachal Pradesh,,,0.0,0.0,0.0,0.0,"i) Cloud burst reported. ii) Many houses,bridges damaged. ",IMD,2010.0,12.0,0.0
2010-09-02,2010-09-02,1.0,heavy rains,Reasi,Jammu and Kashmir,,,1.0,0.0,0.0,0.0,i) Electric supply/ road traffic disrupted. ii) Damage to public property reported.,IMD,2010.0,9.0,1.0
2010-06-08,2010-06-08,1.0,heavy rains,Leh ladakh,Jammu and Kashmir,,,150.0,30.0,0.0,0.0,"i) Damage to agriculture reported.  ii) Landslide reported. iii) Massive destruction to public  property reported. iv) Thousands of tourists stranded at Leh,Manali. v) Electricity/Radio/television/ telephone services disrupted. ",IMD,2010.0,6.0,180.0
2010-08-08,2010-08-08,1.0,heavy rains,Kupwara,Jammu and Kashmir,,,0.0,0.0,0.0,0.0,"i) Cloud burst reported. ii) Few bridges,shops damaged.",IMD,2010.0,8.0,0.0
2010-10-08,2010-10-08,1.0,heavy rains,Srinagar,Jammu and Kashmir,,,0.0,0.0,0.0,0.0,"i) Cloud burst reported. ii) Many families affected. iii) Damage to saffron, paddy, orchards reported. iv) Damage to public property reported.",IMD,2010.0,10.0,0.0
2010-03-05,2010-03-05,1.0,heavy rains,Wayanad,Kerala,,,0.0,0.0,0.0,0.0,i) Damage to crops reported. ii) Few houses damaged.,IMD,2010.0,3.0,0.0
2010-08-06,2010-08-06,1.0,heavy rains,Idukki,Kerala,,,0.0,0.0,0.0,0.0,"i) More than 25 acres of crop land damaged. ii) Water tank, check dams,pipelines destroyed. iii) Landslide reported. ",IMD,2010.0,8.0,0.0
2010-11-06,,5.0,heavy rains,"Alappuzha, Ernakulam, Idukki, Kasaragod, Kochi,Kottayam, Kozhikode, Malappuram, Palakkad, Pathanamthitta,Thrissur,Thiruvananthapuram,Wayanad",Kerala,,,0.0,0.0,0.0,0.0,"i) Widespread damage to crops reported.ii) About 230 houses completely,170 partially damaged. iii) Landslide reported. iv) Low lying areas flooded. v) State highway submerged. vi) Power lines / rail / road / air traffic disrupted. ",IMD,2010.0,11.0,0.0
2010-03-10,2010-08-10,6.0,"flood (karamana, neyyak,vamanapuram)","Alappuzha, Kollam Kozhikode, Malappuram,Thrissur, Thiruvananthapuram,Wayanad",Kerala,,,20.0,1.0,0.0,0.0,"i) About 500 acres of ginger,other person missing,3 crops damaged.ii) About 400 houses completely,1380 houses partially damaged. iii) About 3,000 persons shifted to safer places. iv) Loss to paddy crops worth about Rs. 2.5 crores reported. v) Low lying areas flooded. vi) Telecommunication,power supply disrupted. . vii) Trees,electric poles uprooted. viii) Road/rail /air traffic disrupted. ",IMD,2010.0,3.0,21.0
2010-08-11,2010-08-11,1.0,heavy rains,Thiruvananthapuram,Kerala,,,0.0,0.0,0.0,0.0,i) Heavy loss to agriculture reported. ii) About 550 houses damaged iii) Low lying areas flooded.,IMD,2010.0,8.0,0.0
2010-08-12,2010-08-12,1.0,heavy rains,Thiruvananthapuram,Kerala,,,1.0,1.0,0.0,0.0,i) About Rs. 125 lakhs of crops damaged. ii) Landslide reported. iii) About 100 families shifted to relief camps. iv) About 600 houses damaged. v) Road/rail/air traffic disrupted. vi) Electric supply disrupted. vii) Low lying areas flooded. ,IMD,2010.0,8.0,2.0
2010-03-07,2010-03-07,1.0,heavy rains,Chhindwara,Madhya Pradesh,,,1.0,0.0,0.0,0.0,,IMD,2010.0,3.0,1.0
2010-12-03,,3.0,heavy rains,"Ahmednagar, Akola, Buldhana, Parbhani, Pune,Satara",Maharashtra,,,2.0,7.0,0.0,0.0,"i) Grapes in nearly 12,000 hectares damaged of about 2,000 farmers. ii) Widespread damage to standing crops jawar, wheat,gram, onion,fruit orchards reported. ",IMD,2010.0,12.0,9.0
2010-11-06,,4.0,heavy rains,"Aurangabad, Nandurbar, Pune,Thane",Maharashtra,,,12.0,7.0,0.0,0.0,"i) About 100 trees uprooted. ii) Roofs of houses blown away. iii) Banana,Papaya plantations damaged. iv) Walls of few houses collapsed.. v) Some vehicles swept away. ",IMD,2010.0,11.0,19.0
2010-03-07,2010-03-07,1.0,heavy rains,"Mumbai, Nanded, Parbhani",Maharashtra,,,4.0,0.0,0.0,0.0,Air/rail/road traffic disrupted.,IMD,2010.0,3.0,4.0
2010-07-07,2010-08-07,2.0,heavy rains,"Chandrapur,Gadchiroli",Maharashtra,,,1.0,0.0,0.0,0.0,Communication to about 25 villages disrupted.,IMD,2010.0,7.0,1.0
2010-05-08,2010-06-08,2.0,heavy rains,"Gadchiroli,Mumbai",Maharashtra,,,1.0,3.0,0.0,0.0,i) Many villages affected. ii) Road communication disrupted. ,IMD,2010.0,5.0,4.0
2010-09-08,2010-09-08,1.0,heavy rains,"Akola, Amravati, Buldhana,Washim",Maharashtra,,,38.0,0.0,0.0,0.0,i) Several people affected ii) Low lying areas flooded. iii) Many trees uprooted. iv) Rail/road traffic disrupted. ,IMD,2010.0,9.0,38.0
2010-05-09,2010-05-09,1.0,heavy rains,Gadchiroli,Maharashtra,,,2.0,0.0,0.0,0.0,,IMD,2010.0,5.0,2.0
2010-09-09,2010-10-09,2.0,Unknown,"Amravati, Chandrapur,Gondia",Maharashtra,,,13.0,0.0,0.0,0.0,i) Damage to crops reported. ii) A lake wall breached.,IMD,2010.0,9.0,13.0
2010-04-10,2010-04-10,1.0,heavy rains,Pune,Maharashtra,,,2.0,1.0,0.0,0.0,i) Many houses flooded. ii) Damage to public/private property reported. ,IMD,2010.0,4.0,3.0
2010-08-11,,14.0,heavy rains,"Aurangabad, Beed, Jalna, Kolhapur, Nashik, Pune,Sangli",Maharashtra,,,0.0,0.0,0.0,0.0,"Damage to grapes, pomegranate, strawberries, onion, cotton, maize,toor crops in about 6,000 hectares of land reported. ",IMD,2010.0,8.0,0.0
2010-05-08,2010-06-08,2.0,heavy rains,"Bargarh, Kalahandi, Koraput, Malkangiri",Odisha,,,3.0,0.0,0.0,0.0,i) Damage to crops in about 6500 hectares reported. ii) About 4600 houses damaged. iii) Damage to thousand hectares of paddy crops reported. ,IMD,2010.0,5.0,3.0
2010-07-07,2010-08-07,2.0,heavy rains,"Ludhiana,Patiala",Punjab,,,9.0,0.0,0.0,0.0,Heavy damage to crops reported.,IMD,2010.0,7.0,9.0
2010-07-06,2010-09-06,3.0,heavy rains,"Bikaner, Churu, Jaisalmer, Kanpur Nagar",Rajasthan,,,0.0,47.0,0.0,48.0,"Many houses collapsed,few damaged.",IMD,2010.0,7.0,47.0
2010-04-07,2010-04-07,1.0,heavy rains,"Sirohi,Udaipur",Rajasthan,,,2.0,4.0,0.0,0.0,,IMD,2010.0,4.0,6.0
2010-08-08,2010-08-08,1.0,heavy rains,"Jalore,Jhalawar",Rajasthan,,,0.0,4.0,0.0,0.0,,IMD,2010.0,8.0,4.0
2010-02-09,2010-02-09,1.0,heavy rains,Bharatpur,Rajasthan,,,1.0,0.0,0.0,0.0,,IMD,2010.0,2.0,1.0
2010-07-06,2010-08-06,2.0,heavy rains,Parts of Sikkim,Sikkim,,,0.0,0.0,0.0,0.0,i) Landslide reported. ii) A bridge collapsed.,IMD,2010.0,7.0,0.0
2010-01-05,2010-05-05,5.0,heavy rains,"Kanniyakumariumari, Salem,  Tiruchirappalli,Thoothukkudi",Tamil Nadu,,,2.0,0.0,0.0,0.0,,IMD,2010.0,1.0,2.0
2010-09-07,2010-09-07,1.0,heavy rains,Kancheepuram,Tamil Nadu,,,1.0,0.0,0.0,0.0,,IMD,2010.0,9.0,1.0
2010-08-08,2010-08-08,1.0,heavy rains,"Cuddalore,Kancheepuram",Tamil Nadu,,,0.0,0.0,0.0,0.0,250 acres of banana plantations damaged.,IMD,2010.0,8.0,0.0
2010-07-11,2010-07-11,1.0,heavy rains,"Chennai, Cuddalore, Tiruchirappalli,Tiruvannamalai, Vellore,Viluppuram",Tamil Nadu,,,5.0,32.0,0.0,0.0,i)About 150 houses damaged. ii) About 200 boats damaged ,IMD,2010.0,7.0,37.0
2010-01-12,2010-03-12,3.0,heavy rains,"Ariyalur, Ramanathapuram, Thanjavur,Thoothukkudi",Tamil Nadu,,,12.0,0.0,0.0,0.0,"i) About 30,000 hectares of crop affected. ii) About 11,000 hectares of paddy fields submerged. iii) Thousands of houses damaged. iv) Landslide reported. v) Low lying areas flooded. ",IMD,2010.0,1.0,12.0
2010-09-12,2010-09-12,1.0,heavy rains,"Kanniyakumariumari,Tirunelveli",Tamil Nadu,,,0.0,0.0,0.0,0.0,i)Thousand acres of paddy fields submerged. ii)Communication of about hundreds of villages disrupted. iii)Rail traffic disrupted. ,IMD,2010.0,9.0,0.0
2010-05-07,2010-05-07,1.0,heavy rains,Mathura,Uttarakhand,,,6.0,2.0,0.0,0.0,,IMD,2010.0,5.0,8.0
2010-06-09,2010-06-09,1.0,heavy rains,"Agra, Kheri,Sitapur",Uttar Pradesh,,,6.0,0.0,0.0,0.0,,IMD,2010.0,6.0,6.0
2010-12-09,,3.0,"flood (ganga, yamuna,sarayu)",Many districts of Uttar Kashi Pradesh,Uttar Pradesh,,,7.0,0.0,0.0,0.0,i) Extensive damage to standing crops reported. ii) Lakhs of people affected. ,IMD,2010.0,12.0,7.0
2010-12-07,2010-12-07,1.0,"flood (kaljani, pana)",Jalpaiguri,West Bengal,,,0.0,0.0,0.0,0.0,i) Thousands of people affected. ii) Many houses washed away. ,IMD,2010.0,12.0,0.0
2010-12-08,,2.0,heavy rains,"South 24 Parganas,North 24 Parganas",West Bengal,,,0.0,0.0,0.0,0.0,i) Several thousand acres farm land flooded. ii) Several hundreds thatched houses damaged. ,IMD,2010.0,12.0,0.0
2010-08-09,2010-09-09,2.0,heavy rains,"Purba Purba Medinipur, North 24 Parganas",West Bengal,,,0.0,0.0,0.0,0.0,"i) About 400 shops,many houses inundated. ii) About 50 thatched houses completed damaged. iii) About 250 families affected. ",IMD,2010.0,8.0,0.0
2010-09-10,2010-10-10,2.0,heavy rains,Purba Purba Medinipur,West Bengal,,,0.0,0.0,0.0,0.0,i) Paddy fields in about 2000 hectares of land submerged. ii) About 100 thatched houses damaged. iii) Along Digha - Sankarpur coast 65 boats completely damaged. iv) Thousands of people affected. ,IMD,2010.0,9.0,0.0
2011-04-06,2011-04-06,1.0,heavy rains,"Dhemaji,Lakhimpur",Assam,,,0.0,0.0,0.0,0.0,i)Heavy damage to standing crops reported. ii)30 to 40 villages inundated. ,IMD,2011.0,4.0,0.0
2011-03-07,2011-05-07,3.0,heavy rains,"Dhemaji,Lakhimpur",Assam,,,0.0,0.0,0.0,0.0,"i) Abut 30,000 people of 60 villages badly affected. Damage to huge quantity of crops reported. iii) Vast area inundated. iv) Road traffic disrupted. ",IMD,2011.0,3.0,0.0
2011-05-07,2011-06-07,2.0,"flood (brahmaputra,tributaries)","Dhemaji, Lakhimpur, Jorhat,Sonitpur",Assam,,,0.0,0.0,0.0,0.0,i) About 500 families of 40 villages affected. ii) 30 villages inundated. iii)Standing crops damaged. iv) Embankment of river Puthi breached at some places. ,IMD,2011.0,5.0,0.0
2011-04-09,2011-04-09,1.0,"flood (tiyak, puthi)",Jorhat,Assam,,,0.0,0.0,0.0,0.0,"i) Damage to huge quantity of standing crops,agricultural land reported. ii) NH-37 submerged at several places. ",IMD,2011.0,4.0,0.0
2011-04-07,2011-06-07,3.0,heavy rains,"Purbi Champaran, Kishanganj, Madhubani,Sitamarhi",Bihar,,,7.0,0.0,0.0,0.0,About 100 acres of cultivated land flooded.,IMD,2011.0,4.0,7.0
2011-06-09,2011-08-09,3.0,heavy rains,"Bilaspur, Janjgir-Champa, Korba, Mahasamund, Rajnandgaon, Raigarh,Raipur",Chhattisgarh,,,6.0,0.0,0.0,0.0,"i) Rail/road/air traffic disrupted.ii) 2 houses completely damaged. iii) Roads,houses flooded. ",IMD,2011.0,6.0,6.0
2011-01-07,,31.0,"severe flood (narmada,sabarmati)","Valsad, Amreli, Dangs, Banas Kantha, Patan, Mahesana, Gandhinagar, Ahmedabad, Panch Mahals, Dahod, Vadodara, Bharuch, Porbandar, Narmada, Surat, Tapi, Arvalli, Botad, Chota Udaipur, Mahisagar, Gir Somnath, Sabar Kantha, Kachchh, Surendranagar, Rajkot, Kheda, Anand, Bhavnagar, Junagadh, Jamnagar, Devbhumi Dwarka Dwarka, Morbi, Navsari",Gujarat,,,58.0,0.0,0.0,0.0,i) One house damaged partially. ii) Estimated total loss Rs. 368.40 lakhs reported. ,IMD,2011.0,1.0,58.0
2011-01-08,,31.0,"severe flood (tapi,mahanadi)","Valsad, Amreli, Dangs, Banas Kantha, Patan, Mahesana, Gandhinagar, Ahmedabad, Panch Mahals, Dahod, Vadodara, Bharuch, Porbandar, Narmada, Surat, Tapi, Arvalli, Botad, Chota Udaipur, Mahisagar, Gir Somnath, Sabar Kantha, Kachchh, Surendranagar, Rajkot, Kheda, Anand, Bhavnagar, Junagadh, Jamnagar, Devbhumi Dwarka Dwarka, Morbi, Navsari",Gujarat,,,71.0,0.0,0.0,288.0,"i)156 houses completely,5053 houses partially damaged. ii) Estimated total loss Rs. 4388.80 lakhs ",IMD,2011.0,1.0,71.0
2011-01-09,,30.0,severe floodi) (narmada),"Valsad, Amreli, Dangs, Banas Kantha, Patan, Mahesana, Gandhinagar, Ahmedabad, Panch Mahals, Dahod, Vadodara, Bharuch, Porbandar, Narmada, Surat, Tapi, Arvalli, Botad, Chota Udaipur, Mahisagar, Gir Somnath, Sabar Kantha, Kachchh, Surendranagar, Rajkot, Kheda, Anand, Bhavnagar, Junagadh, Jamnagar, Devbhumi Dwarka Dwarka, Morbi, Navsari",Gujarat,,,36.0,0.0,0.0,188.0,"i)14 houses completely,749 houses partially damaged. ii)Estimated total loss Rs. 171,73 lakhs reported. ",IMD,2011.0,1.0,36.0
2011-01-06,2011-01-06,1.0,heavy rains (cloud burst),Chamba,Himachal Pradesh,,,1.0,4.0,0.0,0.0,i) About 40 houses destroyed. ii) 6 vehicles washed away. ,IMD,2011.0,1.0,5.0
2011-08-06,2011-08-06,1.0,heavy rains,Shimla,Himachal Pradesh,,,0.0,0.0,0.0,0.0,Damage to private/government property reported of estimated cost worth Rs. 30 to 35 lakhs reported.,IMD,2011.0,8.0,0.0
2011-09-07,2011-09-07,1.0,heavy rains,"Chamba,Mandi",Himachal Pradesh,,,0.0,0.0,0.0,0.0,i)Road blocked due to landslide reported in Chamba.ii) A house destroyed in Mandi. ,IMD,2011.0,9.0,0.0
2011-06-08,2011-08-08,3.0,heavy rains (cloud burst),Mandi,Himachal Pradesh,,,0.0,0.0,0.0,4.0,Damage to maize crops reported. NH-154 blocked due to,IMD,2011.0,6.0,0.0
2011-12-08,,5.0,heavy rains (cloud burst),"Kangra, Kullu, Mandi, Sirmaur,Una",Himachal Pradesh,,,0.0,0.0,0.0,0.0,i) 185 persons rendered homeless.ii) About 200 houses damaged. 4 persons washed away iii) Damage to maize crops in Beas river reported. iv) NH-6 & NH-35 link roads damaged. ,IMD,2011.0,12.0,0.0
2011-12-09,,4.0,heavy rains,"Mandi, Kangra, Kullu, Sirmaur",Himachal Pradesh,,,1.0,0.0,0.0,0.0,i) Damage to the crops reported. ii) NH-154 blocked due to landslide. ,IMD,2011.0,12.0,1.0
2011-06-04,2011-06-04,1.0,heavy rains,Baramulla,Jammu and Kashmir,,,0.0,0.0,0.0,0.0,"11 houses,12 cow sheads partially damaged due to landslide on the Srinagar-Muzaffarabad road.",IMD,2011.0,6.0,0.0
2011-11-07,2011-11-07,1.0,heavy rains,Ranchi,Jharkhand,,,1.0,1.0,0.0,0.0,Power supply disrupted.,IMD,2011.0,11.0,2.0
2011-05-08,2011-05-08,1.0,heavy rains,Belagavi,Karnataka,,,0.0,2.0,0.0,0.0,,IMD,2011.0,5.0,2.0
2011-06-09,2011-07-09,2.0,"flood (ghataprabha,krishna)",BagalkoteeBijapur,Karnataka,,,0.0,2.0,0.0,0.0,Electricity / television / telephone services disrupted.,IMD,2011.0,6.0,2.0
2011-01-06,2011-03-06,3.0,heavy rains,"Alappuzha, Idukki, Kollam, Kottayam, Kozhikode, Malappuram, Pathanamthitta, Thrissur, Thiruvananthapuram,Wayanad",Kerala,,,1.0,4.0,0.0,0.0,"i) 25 houses completely,429 houses partially damaged while 8 houses submerged. ii) About 5,500 banana crops damaged. iii)Coir industry affected. iv) Estimated loss of about Rs. 18 lakhs in 150 hectares of land reported. vi) Landslides reported. vi)Several trees uprooted disrupting road/rail/electric supply.  ",IMD,2011.0,1.0,5.0
2011-05-06,2011-08-06,4.0,heavy rains,"Alappuzha, Ernakulam, Idukki, Kottayam, Malappuram, Pathanamthitta, Thiruvananthapuram,Thrissur",Kerala,,,4.0,5.0,0.0,0.0,"i) 4 houses completely,153 houses partially damaged. ii) Damage to crops worth Rs. 60 lakhs reported. iii) Damage to property worth Rs.8 lakhs reported. iv) About 10,000 banana plantations damaged. ",IMD,2011.0,5.0,9.0
2011-06-08,2011-07-08,2.0,heavy rains,"Idukki, Kannur, Kottayam, Pathanamthitta,Thiruvananthapuram",Kerala,,,1.0,1.0,0.0,0.0,"i) Around 2,000 people shifted to safer places. ii)Damage to crops reported. iii) Landslides at 18 places reported causing road traffic disruption on Kollam-Theni,Kochi-Madhura NH. iv) 65 houses completely,117 houses partially damaged.v) Road traffic,power supply on Punalur-Murattupuzha state highway disrupted. vi) 3 bridges across Pampa river submerged. ",IMD,2011.0,6.0,2.0
2011-10-10,2011-10-10,1.0,heavy rains,Wayanad,Kerala,,,0.0,0.0,0.0,0.0,"Padimudi bridge collapsed,traffication was cut off.",IMD,2011.0,10.0,0.0
2011-01-08,2011-01-08,1.0,flood(dhasan),"Morena,Raisen",Madhya Pradesh,,,30.0,0.0,0.0,0.0,"i)Low lying houses,areas flooded. ii) Electric supply,road traffic disrupted. ",IMD,2011.0,1.0,30.0
2011-08-08,2011-08-08,1.0,flood (bina river),"Neemuch,Raisen",Madhya Pradesh,,,0.0,2.0,0.0,0.0,"Low lying areas,crop land inundated.",IMD,2011.0,8.0,2.0
2011-01-03,2011-01-03,1.0,heavy rains,Pune,Maharashtra,,,0.0,0.0,0.0,0.0,"Wheat, Jawar, mango flowers affected.",IMD,2011.0,1.0,0.0
2011-10-04,2011-11-04,2.0,heavy rains,Pune,Maharashtra,,,0.0,0.0,0.0,0.0,"i) Onion, wheat, mango flowers affeced. ii) Damage to houses, brick kilns,fodders reported. ",IMD,2011.0,10.0,0.0
2011-08-07,2011-08-07,1.0,heavy rains,Mumbai,Maharashtra,,,10.0,0.0,0.0,0.0,i)Low lying areas flooded. ii)Road traffic / electric supply disrupted. iii) Trees uprooted.,IMD,2011.0,8.0,10.0
2011-01-08,2011-01-08,1.0,heavy rains,Ratnagiri,Maharashtra,,,0.0,2.0,0.0,0.0,Road traffic disrupted.,IMD,2011.0,1.0,2.0
2011-03-09,2011-03-09,1.0,heavy rains,"Dhule, Jalgaon, Mumbai,Nandurbar",Maharashtra,,,8.0,0.0,0.0,0.0,,IMD,2011.0,3.0,8.0
2011-08-09,,14.0,severe flood (mahanadi & its tributaries),19 districts of Orissa,Odisha,,,14.0,12.0,0.0,0.0,About 3 lakh people of 800 villages affected. Many kachcha houses damaged.,IMD,2011.0,8.0,26.0
2011-12-08,2011-12-08,1.0,heavy rains,Ludhiana,Punjab,,,0.0,0.0,0.0,0.0,"i) Damage to 19,000 acres standing crops reported. ii) 575 houses damaged. iii) 115 villages inundated. ",IMD,2011.0,12.0,0.0
2011-05-09,2011-05-09,1.0,heavy rains,Jaipur,Rajasthan,,,2.0,0.0,0.0,0.0,Air traffic disrupted.,IMD,2011.0,5.0,2.0
2011-01-11,2011-09-11,9.0,heavy rains,"Districts of Cauvery delta zone, Chennai,Dindigul",Tamil Nadu,,,70.0,0.0,0.0,162.0,"i) Damage to turmeric, chilly, tomatoes, ladies fingers in more than 500 acres of cropland reported. ii)Landslides reported. iii) Many houses,bridges damaged. ",IMD,2011.0,1.0,70.0
2011-01-07,2011-01-07,1.0,heavy rains,Murshidabad,West Bengal,,,0.0,0.0,0.0,0.0,Damage to crops reported.,IMD,2011.0,1.0,0.0
2011-07-08,2011-08-08,2.0,heavy rains,"Birbhum, howrah, Kolkata,Purba Purba Medinipur",West Bengal,,,1.0,0.0,0.0,0.0,i) Extensive damage to crops reported. ii) Many houses damaged. iii) Roofs of some structures collapsed in Kolkata. ,IMD,2011.0,7.0,1.0
2011-03-09,2011-03-09,1.0,heavy rains,Purba Purba Medinipur,West Bengal,,,0.0,0.0,0.0,0.0,i) Damage to crops reported. ii) Muddy houses damaged.,IMD,2011.0,3.0,0.0
2011-09-09,2011-09-09,1.0,heavy rains,New New Delhi,Delhi,,,1.0,0.0,0.0,0.0,i) ������������ Road traffic disrupted. ii) Many trees uprooted.,IMD,2011.0,9.0,1.0
2012-07-06,2012-07-06,1.0,heavy rains,North And Middle Andaman,Andaman & Nicobar Islands,,,0.0,0.0,0.0,0.0,"Damage to kachcha houses,household property reported.",IMD,2012.0,7.0,0.0
2012-07-04,2012-07-04,1.0,heavy rains,"Kurnool, Medak,Prakasam",Andhra Pradesh,,,1.0,0.0,0.0,0.0,"Karnool : i) Chilly crop worth lakhs of rupees damaged. ii) Extensive damage to mango iii) crops reported. Medak: i) Paddy crops in 2500 acres,Mango crops ii)600 acres badly damaged. ii) Reliance tower uprooted. iii) Vehicular traffic disrupted. iv) Low lying areas inundated. v) Number of electric poles uprooted. Prakasam : Extensive damage to plantain farms, turmeric,chilly plants reported. ",IMD,2012.0,7.0,1.0
2012-09-04,2012-09-04,1.0,heavy rains,"Warangal, Warangal, Warangal, Warangal",Andhra Pradesh,,,0.0,0.0,0.0,0.0,About 4500 plantations badly affected in  Kambalakkad.,IMD,2012.0,9.0,0.0
2012-04-09,2012-04-09,1.0,heavy rains,"Krishna,Nizamabad",Andhra Pradesh,,,4.0,0.0,0.0,0.0,i)Many houses damaged. ii)Rail/road traffic disrupted. ,IMD,2012.0,4.0,4.0
2012-02-10,2012-03-10,2.0,heavy rains,"East & West Godavari, East Godavari, West Godavari, Guntur, Krishna,  Sri Potti Sriramulu Nellore, Prakasam, Palnadu, Guntur, Dakshina Kannada, West Godavari, Ntr,Kurnool, Krishna, Prakasam",Andhra Pradesh,,,9.0,0.0,0.0,0.0,"About 5,000 hectares of paddy land submerged in East Godavari,25,000 hectares in West Godavari.",IMD,2012.0,2.0,9.0
2012-01-11,2012-06-11,6.0,heavy rains,"Chittoor, East Godavari, Guntur, Hyderabad, Khammam, Krishna,  Sri Potti Sriramulu Nellore, Prakasam, Visakhapatnam,West Godavari",Andhra Pradesh,,,50.0,0.0,0.0,0.0,"i) 30,973 houses damaged. ii) 8,37,619 hectares of crop damaged. iii) 53,693 hectares of horticulture damaged. iv)44.5 hectares of sericulture damaged. v) Normal life paralysed. ",IMD,2012.0,1.0,50.0
2012-05-12,2012-05-12,1.0,heavy rains,Sri Potti Sriramulu Nellore,Andhra Pradesh,,,0.0,0.0,0.0,0.0,About 2000 acres of paddy crops submerged.,IMD,2012.0,5.0,0.0
2012-04-06,2012-08-06,5.0,"flood (brahmaputra,its tributories)","Baksa, Jorhat,Nalbari",Assam,,,0.0,0.0,0.0,0.0,i) Extensive damage to standing crops reported. ii) A vast area of the National Park of Kaziranga inundated. iii) Normal life paralysed in Indo-Bhutan border. ,IMD,2012.0,4.0,0.0
2012-11-06,,8.0,"flood (brahmaputra,its tributories)",14 districts of Assam,Assam,,,6.0,0.0,0.0,0.0,"i) About 184 villages, 23923 people affected only in Barpeta district. ii) Extensive damage to crops reported. ",IMD,2012.0,11.0,6.0
2012-05-07,2012-05-07,1.0,heavy rains,Dhemaji,Assam,,,0.0,0.0,0.0,0.0,i) Damage to huge quantity of crops reported. ii) About 300 villages affected. iii) Many places inundated. iv) NH-52 badly affected. v) Road traffic disrupted.,IMD,2012.0,5.0,0.0
2012-10-07,2012-10-07,1.0,heavy rains,Lakhimpur,Assam,,,3.0,0.0,0.0,0.0,"i) Many places inundated. ii) Road traffic disrupted,",IMD,2012.0,10.0,3.0
2012-12-09,2012-12-09,1.0,heavy rains,Dhemaji,Assam,,,0.0,0.0,0.0,0.0,i)Extensive damage to standing crops reported. ii) More than 100 villages inundated. iii) District Dhemaji cut off brom main land. ,IMD,2012.0,12.0,0.0
2012-02-08,2012-02-08,1.0,heavy rains,Raipur,Chhattisgarh,,,1.0,0.0,0.0,0.0,,IMD,2012.0,2.0,1.0
2012-01-08,,31.0,heavy rains,"Amreli, Bharuch,Dangs, Gir Somnath, Junagadh, Kachchh, Navsari, Tapi",Gujarat,,,3.0,7.0,0.0,0.0,Lakhs rupees of total damage due to flood reported.,IMD,2012.0,1.0,10.0
2012-01-09,,30.0,heavy rains,"Amreli, Bharuch,Dangs, Gir Somnath, Junagadh, Kachchh, Navsari, Tapi",Gujarat,,,8.0,14.0,0.0,0.0,Lakhs rupees of total damage due to flood reported.,IMD,2012.0,1.0,22.0
2012-07-07,2012-11-07,5.0,heavy rains,"Shimla, Sirmaur,Solan",Himachal Pradesh,,,3.0,9.0,0.0,0.0,i)Landslides reported. ii)Shimla-kalka train services disrupted. ,IMD,2012.0,7.0,12.0
2012-03-08,2012-04-08,2.0,heavy rains,"Kullu,Manali",Himachal Pradesh,,,0.0,1.0,0.0,0.0,"i) Landslides reported. ii) Many structures, bridges washed away causing disruption in transport services. iii) Damage to Manali-Rohtang road reported. ",IMD,2012.0,3.0,1.0
2012-02-08,2012-06-08,5.0,heavy rains,Different parts of Jammu,Jammu and Kashmir,,,0.0,0.0,0.0,0.0,"Few kachcha houses collapsed,some damaged.",IMD,2012.0,2.0,0.0
2012-06-08,2012-07-08,2.0,heavy rains,"Kodagu, Shivamogga,Udupi",Karnataka,,,4.0,0.0,0.0,0.0,i)Low lying areas flooded. ii)Trees/electricity poles uprooted disrupting road traffic. iii) Electricity supply ,IMD,2012.0,6.0,4.0
2012-07-04,2012-07-04,1.0,heavy rains,Kollam,Kerala,,,0.0,0.0,0.0,0.0,Damage to the crops in lakhs of rupees reported.,IMD,2012.0,7.0,0.0
2012-09-04,2012-09-04,1.0,heavy rains,Wayanad,Kerala,,,0.0,0.0,0.0,0.0,"i)Approx. 10,000 banana,500 rubber plantations damaged. ii) 4 houses damaged in Punalur. ",IMD,2012.0,9.0,0.0
2012-06-06,2012-06-06,1.0,heavy rains,Wayanad,Kerala,,,0.0,0.0,0.0,0.0,About 600 plantations damaged.,IMD,2012.0,6.0,0.0
2012-12-06,2012-12-06,1.0,heavy rains,Kottayam,Kerala,,,40.0,0.0,0.0,0.0,A huge tree uprooted causing damage to school building.,IMD,2012.0,12.0,40.0
2012-02-07,2012-03-07,2.0,heavy rains,Thiruvananthapuram,Kerala,,,3.0,0.0,0.0,0.0,"i)18 houses completely,70 houses partially damaged. ii)Extensive damage to agricultural land reported. iii)Asbestos roofs of Malayankizhu Govt. Girls School blown away. ",IMD,2012.0,2.0,3.0
2012-04-08,2012-08-08,5.0,heavy rains,"Kannur, Kozhikode,Wayanad",Kerala,,,14.0,3.0,0.0,0.0,"i)Extensive damage to several houses, shops, school buldings, Govt. offices,hospitals in the Iritty town of Kannur reported. ii) About 300 houses inundated in Kannur. iii) 2 pumping stations of Kerala Water Authority flooded causing damage to crops. iv) Total loss worth about 3 crores rupees estimated excluding damage to crops.v) Number of houses completely/partially damaged,about 100 persons shifted to safer places. vi) Disruption in traffic,power supply  reported. vii) 2 bridges connecting the region to Kuttiyadi,Mananthavady submerged. ",IMD,2012.0,4.0,17.0
2012-04-09,2012-04-09,1.0,heavy rains,Kollam,Kerala,,,0.0,0.0,0.0,0.0,"i)About 20 houses partially damaged. ii)Power supply disrupted as trees uprooted. iii) Houses on the banks flooded. iv) Fibre boat damaged. v)Loss worth Rs. 88,468 estimated.  ",IMD,2012.0,4.0,0.0
2012-01-11,2012-01-11,1.0,heavy rains,"Ernakulam, Kollam,Thiruvananthapuram",Kerala,,,0.0,0.0,0.0,0.0,"i) About 40 houses partially damaged. ii) Loss of Agricultural property reported. iii) Many trees uprooted causing disruption in power/telecommunication services. iv) Several low lying areas,roads inundated affecting normal life. v) Damage to property worth Rs. 7.5 lakhs reported.  ",IMD,2012.0,1.0,0.0
2012-11-11,2012-11-11,1.0,heavy rains,Thiruvananthapuram,Kerala,,,0.0,0.0,0.0,0.0,"i)Hundreds of rubber trees uprooted. ii)Low lying areas inundated. iii) Number of trees uprooted causing disruption in road/power/ telecommunication services. v) 33 KV substation damaged. vi) Thampanoor railway station, bus stand, KSRTC garage flooded. ",IMD,2012.0,11.0,0.0
2012-07-08,2012-07-08,1.0,heavy rains,"Bhopal,Chhindwara",Madhya Pradesh,,,3.0,1.0,0.0,0.0,"i)Low lying areas,crop land inundated. ii)Trees/electric poles uprooted. ",IMD,2012.0,7.0,4.0
2012-03-09,2012-05-09,3.0,heavy rains,"Indore, Sehore,Shajapur",Madhya Pradesh,,,4.0,0.0,0.0,0.0,,IMD,2012.0,3.0,4.0
2012-09-06,2012-09-06,1.0,heavy rains,Mumbai,Maharashtra,,,0.0,0.0,0.0,0.0,A building collapsed.,IMD,2012.0,9.0,0.0
2012-12-09,2012-12-09,1.0,heavy rains,Patiala,Punjab,,,0.0,0.0,0.0,0.0,"Damage to household articles,property reported. ",IMD,2012.0,12.0,0.0
2012-01-09,2012-01-09,1.0,heavy rains,Namchi,Sikkim,,,5.0,0.0,0.0,0.0,"i)Landslide reported. ii) Damage to several houses,school building reported. ",IMD,2012.0,1.0,5.0
2012-01-11,2012-02-11,2.0,heavy rains,"Chennai, Thiruvarur,Vellore",Tamil Nadu,,,0.0,0.0,0.0,0.0,"i) 415 huts completely, 3283 partially damaged. ii) Paddy crops in 4656 hectares submerged. ",IMD,2012.0,1.0,0.0
2012-04-06,2012-04-06,1.0,heavy rains,North Tripura,Tripura,,,1.0,0.0,0.0,0.0,Number of houses damaged.,IMD,2012.0,4.0,1.0
2012-04-08,2012-04-08,1.0,heavy rains (cloud burst),Chamoli,Uttarakhand,,,7.0,20.0,0.0,0.0,i) Landslides reported.ii) About 30 houses washed away. iii) Gangotri bridge collapsed. iv) Pilgrims of Badrinath-Kedarnath stranded.  v) About 250 falilies shifted to safer places. ,IMD,2012.0,4.0,27.0
2013-12-07,2013-12-07,1.0,heavy rains,"Adilabad, Karimnagar, Khammam, Hyderabad,Visakhapatnam",Andhra Pradesh,,,12.0,0.0,0.0,0.0,"i) Trees/poles uprooted. ii) Rail/road/air traffic disrupted. iii) Roads,houses submerged. ",IMD,2013.0,12.0,12.0
2013-01-08,2013-04-08,4.0,heavy rains,"East Godavari, Khammam,Nalgonda,Warangal, Warangal, Warangal, Warangal",Andhra Pradesh,,,4.0,1.0,0.0,0.0,"1 August: 1.5 lakh coal production loss in Adilabad. 3 August: 140 villages submerged in Khammam,East Godavari. 4 August: 68 villages submerged. ",IMD,2013.0,1.0,5.0
2013-11-10,,4.0,heavy rains,"Srikakulam, Visakhapatnam,Vizianagaram",Andhra Pradesh,,,1.0,0.0,0.0,99.0,"i) 5,233 hectare agricultural crops, 7,000 hectares horticultural crops damaged. ii) 1,720 houses damaged. iii) 70 km. roads damaged. iv) Damage to 3,602 boats & nets reported. ",IMD,2013.0,11.0,1.0
2013-05-07,2013-12-07,8.0,"flood (brahmaputra,tributaries)","Bongaigaon, Chirang, Dhemaji, Golaghat, Jorhat, Kamrup, Lakhimpur, Marigaon, Nagaon, Sivasagar,,Tinsukia",Assam,,,0.0,0.0,0.0,0.0,"i) About 1,16, 176 people of 550 villages badly affected. ii) Damage to cropland of area 8812.63 hectares reported. iii) Landslide reported on 12 July causing hundreds of people stranded on NH-29. iv) 6 roads, 1 bridge 3 culverts in Golaghat damaged. v) Vast area inundated. vi) Road traffic disrupted. ",IMD,2013.0,5.0,0.0
2013-10-08,,4.0,heavy rains,"Goalpara,Jorhat",Assam,,,0.0,0.0,0.0,0.0,"i) Damage to about 2300 hectares of cropland in 17 villages reported. ii) Extensive damage to paddy,vegetables reported. iii) Rail/road/air traffic disrupted. iv) Roads,houses flooded. ",IMD,2013.0,10.0,0.0
2013-07-09,2013-08-09,2.0,"flash flood (brahmaputra,dibru rivers)","Bongaigaon, Dhemaji, Dibrugarh, Jorhat, Lakhimpur, Nagaon, Nalbari, Sonitpur, Sivasagar,Tinsukia",Assam,,,0.0,0.0,0.0,0.0,"i) The worst affected area in Dibrugarh: Larua Mouza area 48 villages, 50 villages in Kalakhowa,Madhupur areas. ii) Dibru Saikhowa National Park affected for a week in Tinsukia. iii) 172 villages affected in the district Tinsukia. iv) Total 3 lakh people affected in 10 districts. ",IMD,2013.0,7.0,0.0
2013-06-10,2013-06-10,1.0,heavy rains,Kamrup,Assam,,,1.0,0.0,0.0,0.0,,IMD,2013.0,6.0,1.0
2013-11-07,,5.0,heavy rains,"Araria, Katihar, Kishanganj, Madhepura, Purnia,Supaul",Bihar,,,37.0,0.0,0.0,0.0,"i) Damage to crops reported. ii) Trees/poles uprooted. iii) Rail/road/air traffic disrupted. iv) Roads,houses submerged. ",IMD,2013.0,11.0,37.0
2013-07-08,2013-07-08,1.0,heavy rains,"Bhojpur,Munger",Bihar,,,5.0,0.0,0.0,0.0,"i) Trees/poles uprooted ii) Rail/road/air traffic disrupted. iii) Roads,houses submerged. ",IMD,2013.0,7.0,5.0
2013-01-08,2013-01-08,1.0,heavy rains,"Korba,Raipur",Chhattisgarh,,,0.0,2.0,0.0,0.0,"i) Trees/poles uprooted disrupting rail/road traffic. ii) Roads,houses submerged. ",IMD,2013.0,1.0,2.0
2013-06-07,2013-07-07,2.0,heavy rains,"Kangra, Mandi, Sirmaur,Una",Himachal Pradesh,,,1.0,0.0,0.0,0.0,i) Landslides reported. ii) Nearly 60 roads including Chandigarh-Manali road blocked. iii) Power generation in NAPHTHA -Jakhri power project affected. ,IMD,2013.0,6.0,1.0
2013-02-08,2013-06-08,5.0,heavy rains,"Chamba, Mandi, Kangra, Parts of Lahul & Spitti,Shimla",Himachal Pradesh,,,5.0,0.0,0.0,200.0,"i) Damage to more than 60 roads,50 army quarters reported due to landslides in Kangra. ii) Number of kachcha houses,electric poles washed away. ",IMD,2013.0,2.0,5.0
2013-09-09,2013-09-09,1.0,heavy rains,Shimla,Himachal Pradesh,,,1.0,1.0,0.0,0.0,,IMD,2013.0,9.0,2.0
2013-01-08,2013-01-08,1.0,heavy rains(cloud burst),Kargil,Jammu and Kashmir,,,0.0,1.0,0.0,0.0,i) Number of persons trapped in flash flood. ii) NH SRN-Leh washed away. ,IMD,2013.0,1.0,1.0
2013-09-08,2013-09-08,1.0,heavy rains,"Jammu, Kathua,Samba",Jammu and Kashmir,,,1.0,0.0,0.0,0.0,Damage to some houses reported.,IMD,2013.0,9.0,1.0
2013-09-09,2013-09-09,1.0,heavy rains,Rajouri,Jammu and Kashmir,,,2.0,0.0,0.0,0.0,,IMD,2013.0,9.0,2.0
2013-02-10,2013-02-10,1.0,heavy rains,Ranchi,Jharkhand,,,2.0,0.0,0.0,0.0,"i) Few kachcha houses collapsed. ii) Many trees uprooted disrupting power,road communication. ",IMD,2013.0,2.0,2.0
2013-05-06,2013-05-06,1.0,heavy rains,Belagavi,Karnataka,,,1.0,0.0,0.0,0.0,,IMD,2013.0,5.0,1.0
2013-10-06,,9.0,heavy rains,Dakshina Kannada,Karnataka,,,4.0,10.0,0.0,0.0,"i) Low lying areas flooded. ii) Trees/electricity poles uprooted causing disruption in road traffic,power communication. ",IMD,2013.0,10.0,14.0
2013-02-07,2013-05-07,4.0,heavy rains,"Belagavi, Dakshina Kannada,Kodagu",Karnataka,,,3.0,4.0,0.0,0.0,"i) Low lying areas flooded. ii) Trees/electricity poles uprooted causing disruption in road traffic,power communication.",IMD,2013.0,2.0,7.0
2013-01-08,2013-01-08,1.0,heavy rains,Kodagu,Karnataka,,,1.0,0.0,0.0,0.0,,IMD,2013.0,1.0,1.0
2013-05-08,2013-05-08,1.0,heavy rains,Udupi,Karnataka,,,1.0,10.0,0.0,0.0,,IMD,2013.0,5.0,11.0
2013-09-03,2013-09-03,1.0,heavy rains,Wayanad,Kerala,,,0.0,0.0,0.0,4500.0,"i) Around 10,000 banana, coconut, arecanut plantations damaged. ii) Damage to crops worth lakhs rupees reported. ",IMD,2013.0,9.0,0.0
2013-12-03,2013-12-03,1.0,heavy rains,Kannur,Kerala,,,0.0,0.0,0.0,0.0,Damage to farm equipments of worth 12 lakhs rupees reported. ,IMD,2013.0,12.0,0.0
2013-03-05,2013-07-05,5.0,heavy rains,Wayanad,Kerala,,,0.0,0.0,0.0,0.0,"i) Damage to thousands of banana, rubber,mango plantations reported. ii) Number of villages inundated. ",IMD,2013.0,3.0,0.0
2013-05-05,2013-05-05,1.0,heavy rains,Thiruvananthapuram,Kerala,,,0.0,0.0,0.0,0.0,i) Several villages inundated. ii) Few houses damaged. iii) Many trees including rubber plantations uprooted. iv) Mango orchards completely damaged. v) Cattle sheds inundated. vi) Loss worth 3.5 crore rupees reported. ,IMD,2013.0,5.0,0.0
2013-02-06,2013-06-06,5.0,heavy rains,Thiruvananthapuram,Kerala,,,0.0,0.0,0.0,0.0,"i) Extensive damage to banana, rubber, coconut reported. ii) Few houses partially damaged. ",IMD,2013.0,2.0,0.0
2013-08-06,2013-08-06,1.0,heavy rains,"Thiruvananthapuram,Thrissur",Kerala,,,0.0,1.0,0.0,0.0,"Thiruvananthapuram : i) Several crops submerged. ii) About 300 houses submerged,more than 100 houses damaged. iii) Around 150 people shifted relief camps. iv) Several trees uprooted,fell over several buildings, houses, roads causing disruption in traffic,power supply. Thrissur: i) More than 80 houses partially damaged. ii) Several houses flooded. iii) People shifted to relief camps. iv) Number of coconut trees uprooted. ",IMD,2013.0,8.0,1.0
2013-08-06,,9.0,heavy rains,Wayanad,Kerala,,,0.0,0.0,0.0,0.0,"About 20,500 banana plantations damaged.",IMD,2013.0,8.0,0.0
2013-11-06,,16.0,heavy rains,Thiruvananthapuram,Kerala,,,7.0,0.0,0.0,0.0,"i) About 3,000 houses partially,500 completely damaged. ii) Extensive damage to the banana, rubber, bamboo, coconut plantations reported. iii) Several roads/canals/houses flooded. iv) More than 500 people shifted to the relief camps. v) Extensive damage to agricultural crops/land reported. vi) Several cable lines damaged. vii) Many trees/electric poles uprooted causing traffic disruption,also fell over buildings, vehicles causing damage to the property. viii) Massive damage to the house hold articles reported. ix) Number of boats, boat nets,fishing equipments drowned.  ",IMD,2013.0,11.0,7.0
2013-01-07,2013-04-07,4.0,heavy rains,Wayanad,Kerala,,,0.0,0.0,0.0,0.0,"Mananthavady Tehsil: i) Landslides reported. ii) One house partially damaged. iii) One well caved in. iv) Many bamboo grooves, rubber trees uprooted causing traffic disruption. v) Niravill bridge submerged. vi) Mainly tribal people,farmers affected. vii) Pollampara bridge damaged as it was submerged. Vythiri Tehsil: i) 56 houses partially,3 houses completely damaged. ii) One well caved in. iii) 257 families shifted to 16 relief camps. iv) Rs. 7.89 lakhs worth loss reported.   ",IMD,2013.0,1.0,0.0
2013-05-07,2013-12-07,8.0,heavy rains,"Idukki,Thiruvananthapuram",Kerala,,,0.0,2.0,0.0,0.0,"Cheruthoni town in Idukki: i) Landslide reported. ii) 5 acres of standing crops washed away. Thiruvananthapuram: i) A tree fell over a house damaging it in Killimanoor town. ii) A tree fell over electric cable lines disrupting power supply. iii) Acacia, Jackfruit, coconut, rubber, teak trees uprooted fell over a transformer, one house,a shop compound wall, damaging/collapsing the structures,also damaging some vehicles. iv) Several trees uprooted fell over NH road disrupting traffic,damaging a temple, a school building,a cattle-shed. v) A well caved in. vi) Taluka hospital of Chrayankeezhu damaged as a tree fell over it. vii) Few houses damaged.     ",IMD,2013.0,5.0,2.0
2013-11-07,2013-11-07,1.0,heavy rains,Wayanad,Kerala,,,0.0,0.0,0.0,0.0,"Mananthavady Tehsil: 1,90,000 banana plantations damaged. 8 hectares of ginger, 5 hectares of yam, 1118 arecanut trees, 336 rubber trees, 1.5 acres of paddy damaged causing Rs.2 crores worth loss reported. ",IMD,2013.0,11.0,0.0
2013-11-07,,3.0,heavy rains,"Alappuzha, Ernakulam, Kollam,Kottayam",Kerala,,,1.0,3.0,0.0,0.0,"Alappuzha: i) Coconut, banana plantations, tapioca, vegetables damaged. ii) 15,000 houses inundated. iii) About one lakh people shifted in relief camps. ",IMD,2013.0,11.0,4.0
2013-01-08,2013-02-08,2.0,heavy rains,Wayanad,Kerala,,,0.0,2.0,0.0,0.0,"Taruvana town: i) Thousands of paddy, banana, arecanut, coconut, rubber plantations submerged,damaged. ii) 841.30 ha. of crops damaged. iii) 4 houses partially damaged. Kalpetta town: i) 17 houses completely while 14 houses partially damaged. ii) 361 families shifted to relief camps. Mananthavady Tehsil: i) 18 families with 133 people shifted to relief  camps. ii) Several trees uprooted causing traffic disruption. iii) Cherupuzha bridge submerged. iv) One house damaged fully,other partially. Padinjarathara town:  i) Agricultural crops, worth lakhs rupees damaged. ii) Thousands of banana, paddy, arecanut, coconut plantations submerged. iii) Several families shifted to safer places.  ",IMD,2013.0,1.0,2.0
2013-02-08,2013-06-08,5.0,heavy rains,Thiruvananthapuram,Kerala,,,0.0,1.0,0.0,0.0,"Kilimanoor, Kallara, Pangode,Chirayankeezhu towns: i) Several rubber, banana, coconut,agricultural crops damaged. ii) Several trees uprooted damaging houses. 60 houses damaged partially in Neyyattinkkara, Nedumangad,Chirayankeezhu tehsils. iii) In Pangode 3 hectares of Mangiyam trees uprooted. iv) Wall of a well caved in. v) Several electric lines damaged in Kadakkavoor,Vakkom areas.   ",IMD,2013.0,2.0,1.0
2013-04-08,2013-08-08,5.0,heavy rains,"Alappuzha, Ernakulam,Idukki,",Kerala,,,17.0,3.0,0.0,0.0,"Alappuzha: i) One house washed away,several houses inundated. ii) About 1.8 lakh people shifted to 183 relief camps. iii) Damage to 1600 acres of agricultural crops reported. Ernakulam: i) Kothamangalam town,Kochi airport runway flooded. ii) Landslide at Blavana Pooyamkutty road reported. iii) About 14,043 people shifted to 121 relief camps. iv) Manikandanchal bridge, Mahadeva temple submerged in Aluva. Idukki: i) About 10 shops buried in landslide. ii) Few houses,buildings collapsed. iii) 240 people shifted to 5 relief camps. iv) Landslide reported near Kulamavu,around 4 acres of land washed away. v) A hill caved down around 600 feet causing damage to agricultural crops. vi) Land caved in,roads blocked causing  road traffic disruption.   ",IMD,2013.0,4.0,20.0
2013-10-08,,7.0,heavy rains,Wayanad,Kerala,,,0.0,0.0,0.0,0.0,i) Landslide reported. ii) Acres of paddy fields damaged. iii) Thalasserry-Mananthavady road completely damaged disrupting vehicular traffic ,IMD,2013.0,10.0,0.0
2013-01-09,2013-01-09,1.0,heavy rains,Idukki,Kerala,,,0.0,0.0,0.0,0.0,i) 15 acres of paddy fields washed away in Mangad. ii) Loss of worth lakh rupees reported. ,IMD,2013.0,1.0,0.0
2013-12-09,2013-12-09,1.0,heavy rains,Wayanad,Kerala,,,0.0,0.0,0.0,0.0,i) Padumutty bridge collapsed. ii) 2 houses damaged partially. iii) Several houses inundated. iv) Landslide reported. v) People shifted to safer places.,IMD,2013.0,12.0,0.0
2013-04-07,2013-04-07,1.0,heavy rains,Indore,Madhya Pradesh,,,0.0,3.0,0.0,0.0,,IMD,2013.0,4.0,3.0
2013-11-02,2013-11-02,1.0,heavy rains,"Jalgaon,Nanded",Maharashtra,,,0.0,0.0,0.0,0.0,"Damage to wheat, banana, pappya, chilly crops reported",IMD,2013.0,11.0,0.0
2013-07-06,2013-07-06,1.0,heavy rains,Pune,Maharashtra,,,0.0,2.0,0.0,0.0,,IMD,2013.0,7.0,2.0
2013-09-06,2013-09-06,1.0,heavy rains,Mumbai,Maharashtra,,,2.0,9.0,0.0,0.0,"i) Low lying areas flooded. ii) Trees/poles uprooted causing vehicular,traffic disruption. ",IMD,2013.0,9.0,11.0
2013-03-07,2013-03-07,1.0,heavy rains,"Raigarh,Ratnagiri",Maharashtra,,,5.0,1.0,0.0,0.0,"i) Low lying areas flooded. ii) Trees/poles uprooted causing vehicular,traffic disruption. ",IMD,2013.0,3.0,6.0
2013-01-08,2013-03-08,3.0,heavy rains,"Amravati, Chandrapur, Nagpur, Wardha,Yavatmal",Maharashtra,,,9.0,23.0,0.0,0.0,"i) Low lying areas,crop land inundated. ii) Railway tracks, vehicles, roads inundated. iii) About 5.42 lakh hectares of land of standing crops washed away in Nagpur district. iv) About 2.5 lakh hectares of crops damaged in Chandrapur district. v) About 5000 houses damaged/collapsed. vi) Many places inundated,many families shifted to safer places. vii) Road traffic/ electricity/ telecommunication services disrupted. viii) More than hundreds of a cattle sheds damaged. ix) Estimated loss of about 100 crore rupees reported.    ",IMD,2013.0,1.0,32.0
2013-11-10,2013-11-10,1.0,heavy rains,Jalgaon,Maharashtra,,,5.0,0.0,0.0,0.0,"i) Low lying areas flooded. ii) Trees/poles uprooted causing vehicular, traffic disruption. ",IMD,2013.0,11.0,5.0
2013-11-05,2013-11-05,1.0,heavy rains,Aizawl,Mizoram,,,17.0,0.0,0.0,0.0,Damage to some buildings reported. ,IMD,2013.0,11.0,17.0
2013-12-07,2013-12-07,1.0,heavy rains,Kohima,Nagaland,,,0.0,0.0,0.0,0.0,i) Landslides disrupt vehicular movement on NH-29. ii) A large number of vehicles were stranded on NH-29 near Phesama village ,IMD,2013.0,12.0,0.0
2013-02-08,2013-02-08,1.0,heavy rains,Bhadrak,Odisha,,,2.0,0.0,0.0,0.0,,IMD,2013.0,2.0,2.0
2013-10-08,2013-10-08,1.0,heavy rains,Koraput,Odisha,,,2.0,0.0,0.0,0.0,,IMD,2013.0,10.0,2.0
2013-08-06,2013-08-06,1.0,heavy rains,"Kota, Tonk,Udaipur",Rajasthan,,,6.0,0.0,0.0,0.0,Road traffic/ electricity/ telecommunication services disrupted.,IMD,2013.0,8.0,6.0
2013-11-06,2013-11-06,1.0,heavy rains,Jaipur,Rajasthan,,,1.0,0.0,0.0,0.0,,IMD,2013.0,11.0,1.0
2013-11-09,2013-11-09,1.0,heavy rains,"Chennai,Tiruvannamalai",Tamil Nadu,,,4.0,0.0,0.0,0.0,i) Several trees/electric poles uprooted causing traffic disruption. ii) Roof of some houses blown away. ,IMD,2013.0,11.0,4.0
2013-12-06,2013-12-06,1.0,heavy rains,Kannauj,Uttar Pradesh,,,10.0,0.0,0.0,0.0,"i) Low lying areas,crop land inundated. ii) Several trees/electric poles uprooted causing traffic disruption. iii) Roof of some houses blown away. ",IMD,2013.0,12.0,10.0
2014-02-05,2014-03-05,2.0,heavy rains,"Adilabad, Karimnagar, Khammam, Krishna, Kurnool, Medak, Mahabubnagar, Nalgonda, Nizamabad, Ranga Reddy, Warangal, Warangal, Warangal, Warangal,West Godavari",Andhra Pradesh,,,0.0,0.0,0.0,86.0,"i) Damage to crops in 2,037 hectares reported. ii) Damage to horticulture in 36,380 hectares reported. iii) Damage to 86 houses reported. ",IMD,2014.0,2.0,0.0
2014-06-09,2014-09-09,4.0,heavy rains,"East & West Godavari,Srikakulam",Andhra Pradesh,,,4.0,0.0,0.0,0.0,"Extensive damage to crops in 12,667 hectares reported. ",IMD,2014.0,6.0,4.0
2014-08-07,2014-10-07,3.0,heavy rains,Dhemaji,Assam,,,0.0,0.0,0.0,0.0,i) Damage to standing crops reported ii) About 900 people of 100 villages affected. ,IMD,2014.0,8.0,0.0
2014-06-08,2014-08-08,3.0,heavy rains,"Bilaspur,Mandi",Himachal Pradesh,,,1.0,4.0,0.0,0.0,"i) Damage to the crops reported. ii) Landslides reported. iii) NH-72 , Kangra ������������������Chadigarh,Kangra ������������������ Hosiarpur roads blocked due to landslide.",IMD,2014.0,6.0,5.0
2014-08-09,,7.0,"flood (jehlum,chenab, tawi)","Anantnag, Budgam, Baramulla, Ganderbal, Kulgam, Poonch, Pulwama, Rajouri, Reasi,Srinagar",Jammu and Kashmir,,,200.0,63.0,0.0,2500.0,"i) Extensive damage to agricultural land,infrastructure reported. ii) River Jhelum had breached embankments in several parts. iii) About 2600 villages submerged. iv) Extensive damage to lakhs of houses reported. v) Massive landslides reported. vi) Thousands of Vaishnavdevi pilgrims stranded. vii)Many major,minor roads cut off,number of bridges washed away. viii)Thousands of people shifted to safer places. ix) More than 4 lakh people stranded for many days. x) NH Jammu- Srinagar closed due to massive landslides at various places. ",IMD,2014.0,8.0,263.0
2014-09-11,2014-09-11,1.0,heavy rains (cloudburst),Anantnag,Jammu and Kashmir,,,0.0,14.0,0.0,0.0,Damage to the property worth lakhs of rupees reported.,IMD,2014.0,9.0,14.0
2014-12-10,,3.0,heavy rains,Parts of Jharkhand,Jharkhand,,,0.0,0.0,0.0,0.0,About 300 houses damaged. Many people shifted to safer places. ,IMD,2014.0,12.0,0.0
2014-08-03,2014-10-03,3.0,heavy rains,"Belagavi,Bijapur",Karnataka,,,4.0,0.0,0.0,0.0,,IMD,2014.0,8.0,4.0
2014-02-06,2014-06-06,5.0,heavy rains,"Ballari, Gadag,Koppal",Karnataka,,,1.0,0.0,0.0,0.0,,IMD,2014.0,2.0,1.0
2014-04-07,2014-09-07,6.0,heavy rains,"Bengaluru Rural, Gadag, Haveri,Kolar",Karnataka,,,4.0,1.0,0.0,0.0,,IMD,2014.0,4.0,5.0
2014-01-08,2014-08-08,8.0,heavy rains,"Chikkamagaluru, Dakshina Kannada, Dharwad, Raichur,Uttar Kashia Kannada",Karnataka,,,4.0,3.0,0.0,0.0,,IMD,2014.0,1.0,7.0
2014-01-09,2014-01-09,1.0,heavy rains,Chitradurga,Karnataka,,,1.0,0.0,0.0,0.0,"i) 12,310 houses damaged. ii) Crops in 0.228 m. ha. damaged.",IMD,2014.0,1.0,1.0
2014-02-09,2014-02-09,1.0,heavy rains,Kalaburagi,Karnataka,,,0.0,1.0,0.0,0.0,,IMD,2014.0,2.0,1.0
2014-01-10,2014-01-10,1.0,heavy rains,Tumakuru,Karnataka,,,1.0,0.0,0.0,0.0,,IMD,2014.0,1.0,1.0
2014-05-10,2014-09-10,5.0,heavy rains,"Bengaluru Urban, Chikkaballapura,Dharwad",Karnataka,,,2.0,3.0,0.0,0.0,,IMD,2014.0,5.0,5.0
2014-07-03,2014-09-03,3.0,heavy rains,Wayanad,Kerala,,,0.0,0.0,0.0,0.0,"i) One house damaged completely. ii) More than 100 banana plants uprooted in Athiyoor colony. iii) Several bamboo trees uprooted,fell across the National Highway leading to traffic disruption. ",IMD,2014.0,7.0,0.0
2014-10-04,,7.0,heavy rains,"Alappuzha, Kasaragod, Kozhikode, Thiruvananthapuram, Thrissur,Wayanad",Kerala,,,6.0,0.0,0.0,0.0,"i) Thousands of banana, rubber,betel-leaves plantations,crops in Neyyattinkara & Katakkada Tehsils damaged. ii) Several electric,electronic equipments damaged. iii) Damage worth rupees lakhs reported. iv) Roofs of several houses blown away. v) 10 houses completely,15 partially damaged. vi) Low lying areas inundated. vii)Several trees/electric poles uprooted causing disruption in vehicular traffic,power supply. ",IMD,2014.0,10.0,6.0
2014-03-05,2014-09-05,7.0,heavy rains,"Alappuzha, Ernakulam, Kozhikode, Malappuram, Thrissur, Thiruvananthapuram,Wayanad",Kerala,,,4.0,20.0,0.0,0.0,"Thiruvananthapuram: Varkala town: i) Damage to crops reported. ii) Many electric cable lines,about 15 electric posts damaged. Low tension wires broke causing disruption in power supply. iii) About 70 houses,few structures damaged.Attingal: i) About 32 houses damaged partially. ii) Tapioca, banana, rubber,other crops damaged. iii) About 7.20 lakhs worth rupees damage reported. iv) 11 KV lines broke causing disruption in power supply. Pallichal village: More than 2 lakhs banana plantations damaged.Malayankeezhu village: i) Acres of banana, tapioca, other crops  damaged. ii) Loss worth lakhs rupees reported. iii) Several trees uprooted,roofs of many houses blown away.  Parashala town: 11 KV line with 4 Electric posts uprooted causing disruption in power supply. Sreekaryam & Malayankeezhu: i) Low lying areas flooded. ii) Roof tops of several houses blown away. iii) 2 houses damaged completely  Wayanad: Kalpetta, Mananthavady & Sulthan Bathery towns: i) Extensive damage to about 500 hectares of crops reported. ii) Extensive damage to banana, tapioca,  arecanut plantations reported. iii) More than 5,000 ripe banana crops damaged  causing about 6.5 lakhs damage reported. iv) About 10,000 banana plantations uprooted. v) Several houses completely,partially  damaged. vi) Damage to a transformer reported due to a huge tree fell on it disrupting 11 KV lines at many places. vii)Roofs of many houses blown away. viii)Several trees uprooted causing traffic disruption. Malappuram: About 620 acres of paddy fields sumerged.  Alappuzha: About 800 acres of agricultural land submerged,crops damaged .  ",IMD,2014.0,3.0,24.0
2014-06-06,2014-06-06,1.0,heavy rains,Wayanad,Kerala,,,0.0,0.0,0.0,0.0,About 2000 banana plantations uprooted,IMD,2014.0,6.0,0.0
2014-12-06,,3.0,heavy rains,Thiruvananthapuram,Kerala,,,0.0,0.0,0.0,0.0,i) Damage to 12 houses reported. ii) People shifted to relief camps. ,IMD,2014.0,12.0,0.0
2014-12-07,,4.0,heavy rains,"Kannur, Kasaragod, Kozhikode, Malappuram,Wayanad",Kerala,,,9.0,2.0,0.0,0.0,"Kannur: i) 5 houses damaged completely,41 partially. ii) 11 hectares of standing crops damaged. iii) Agricultural loss rupees 5.4 crores reported. Kasaragod: i) Extensive damage to arecanut, coconut,banana plantations reported. ii) Number of houses damaged.  Kozhikode: i) Low lying areas inundated. ii) Extensive damage to crops in nearly 12 hectares land of rupees 9.4 crores reported. iii) About 14 houses damaged. Malappuram: i) 36 houses destroyed completely,246 partially. ii) Loss of rupees 1.42 crores reported.   Wayanad: Ambalavayal village, Kalpetta, Mananthavady, Pandhaloor,Sulthan Bathery towns: i) Low lying areas,crops submerged. ii) About 32 families shifted to relief camps. iii) Landslide reported. iv) Several trees uprooted disrupting power supply,road traffic. Kozhikode:  Extensive damage to the standing crops,banana, ginger, vegetables crops reported. Thiruvananthapuram:  Few houses damaged. ",IMD,2014.0,12.0,11.0
2014-01-08,2014-07-08,7.0,heavy rains,"Alappuzha, Kannur, Kasaragod, Kozhikode, Kottayam, Malappuram, Palakkad, Pathanamthitta, Thrissur, Thiruvananthapuram,Wayanad",Kerala,,,0.0,0.0,0.0,0.0,"Alappuzha: i) Low areas inundated. ii) Vegetable crops submerged. iii) 5 acres of paddy fields submerged. iv) About 50 houses damaged partially. v) 500 families shifted to relief camps. vi) Damage to one school building reported. vii)Extensive damage to school building reported. 2 persons died,other missing while one person drowned in Kannur. Kannur: i) One house damaged completely,25 partially. ii) Landslide reported in Kelakattum & Periyothu areas. iii) About 67 families shifted to relief camps. Kasaragod:  Several houses inundated causing 15 families shifted to relief camps. Kottayam: i) About 4 houses damaged completely,428 partially. ii) Damage worth around rupees 32 lakhs reported. iii) About 127 persons shifted to relief camps.  Wayanad: i) Well caved in Tharuvana town, Mananthavady tehsil. ii) About 41 persons shifted to relief camps.  ",IMD,2014.0,1.0,0.0
2014-01-09,2014-03-09,3.0,heavy rains,Thiruvananthapuram,Kerala,,,0.0,0.0,0.0,0.0,"i) Damage to the crops reported. ii) Landslides reported. iii) Damage to few houses,some structures reported. iv)House- hold electric appliances damaged. v)About 50 families shifted to safer places. vi)One well caved in at Vengaranmood village. ",IMD,2014.0,1.0,0.0
2014-03-03,2014-04-03,2.0,heavy rains,Washim,Maharashtra,,,0.0,0.0,0.0,0.0,Extensive damage to the gram crops reported.,IMD,2014.0,3.0,0.0
2014-09-03,2014-09-03,1.0,heavy rains,Sangli,Maharashtra,,,0.0,0.0,0.0,0.0,,IMD,2014.0,9.0,0.0
2014-10-06,2014-10-06,1.0,heavy rains,Ahmednagar,Maharashtra,,,2.0,0.0,0.0,0.0,,IMD,2014.0,10.0,2.0
2014-05-08,2014-05-08,1.0,heavy rains,Pune,Maharashtra,,,144.0,0.0,0.0,0.0,Most of the houses of the village were hit by the landslide.,IMD,2014.0,5.0,144.0
2014-05-08,2014-06-08,2.0,heavy rains,"Bhandara, Gondia,Ratnagiri",Maharashtra,,,3.0,0.0,0.0,0.0,"Landslides reported in Khed taluka,Poladpur-Mahabaleshwar road. Bhandara, Gondia:i) 7 houses completely,100 houses partially  damaged. ii) 33 cattle sheds damaged. ",IMD,2014.0,5.0,3.0
2014-08-09,2014-09-09,2.0,heavy rains,"Chandrapur, Gadchiroli,Wardha",Maharashtra,,,1.0,0.0,0.0,0.0,i) Armori village submerged. ii) Several linking roads cut off. ,IMD,2014.0,8.0,1.0
2014-03-08,,14.0,"flood (baitrani, budhaba langa, subarnarekha,mahanadi)","Bhadrak, Cuttack, Jagatsinghapur,Jajapur, Jharsuguda, Kendrapara, Khordha,Puri",Odisha,,,45.0,0.0,0.0,149.0,"i) Damage to the crops in 3,67,691 ha. area affected. ii) Damage to the 45,953 houses reported. iii) Across 23 districts near about 830 villages marooned. iv) 32.9 lakh people affected. v) Thousands of people shifted to safer places. ",IMD,2014.0,3.0,45.0
2014-05-09,2014-09-09,5.0,heavy rains,"Boudh, Gajapati, Kandhamal, Nayagarh,Subarnapur",Odisha,,,3.0,0.0,0.0,0.0,,IMD,2014.0,5.0,3.0
2014-04-09,2014-10-09,7.0,heavy rains,"Amritsar, Fazilka,Gurdaspur",Punjab,,,22.0,0.0,0.0,0.0,Low lying villages inundated.,IMD,2014.0,4.0,22.0
2014-03-08,2014-03-08,1.0,heavy rains,Hanumangarh,Rajasthan,,,2.0,0.0,0.0,0.0,,IMD,2014.0,3.0,2.0
2014-11-08,2014-11-08,1.0,heavy rains,"Ajmer, Baran, Dausa, Jaipur,Tonk",Rajasthan,,,19.0,0.0,0.0,0.0,,IMD,2014.0,11.0,19.0
2014-05-09,2014-05-09,1.0,heavy rains,Unknown,Rajasthan,,,2.0,0.0,0.0,0.0,,IMD,2014.0,5.0,2.0
2014-08-03,2014-08-03,1.0,heavy rains,Coimbatore,Tamil Nadu,,,0.0,1.0,0.0,0.0,,IMD,2014.0,8.0,1.0
2014-06-05,2014-08-05,3.0,heavy rains,"Kanniyakumariumari, Madurai, The Nilgiris,Theni",Tamil Nadu,,,3.0,3.0,0.0,0.0,"i) Few houses damaged. ii) Many trees/electric poles uprooted disrupting road traffic,power supply. iii) Landslides reported in Theni district. ",IMD,2014.0,6.0,6.0
2014-06-09,2014-09-09,4.0,heavy rains,"Adilabad, Khammam, Karimnagar,Warangal, Warangal, Warangal, Warangal",Telangana,,,4.0,0.0,0.0,0.0,"i) Exrensive damage to crops in 11,777 hectares reported. ii) Damage to about 963 houses reported. ",IMD,2014.0,6.0,4.0
2014-11-08,2014-11-08,1.0,heavy rains,Parts of Uttar Kashiakhand,Uttarakhand,,,0.0,0.0,0.0,0.0,,IMD,2014.0,11.0,0.0
2015-10-06,2015-10-06,1.0,heavy rains,"Upper Lower Subansiri, Anjaw, Changlang, Tawang, Papum Pare, Tirap, East Siang, Lohit, Kurung Kumey, Lower Lower Subansiri, East Kameng, West Kameng, West Kameng, West Kameng, Kra Daadi, Namsai, Longding, Upper Siang, Lower Siang, Dibang Valley, Lower Dibang Valley, Siang, Shi Yomi, Pak",Arunachal Pradesh,,,2.0,0.0,0.0,0.0,,IMD,2015.0,10.0,2.0
2015-01-06,2015-06-06,6.0,heavy rains,"Barpeta, Dhemaji, Goalpara",Assam,,,0.0,0.0,0.0,0.0,About 900 people of 135 villages affected,IMD,2015.0,1.0,0.0
2015-09-06,,9.0,flood,"Baksa, Barpeta, Darrang, Dhemaji, Dibrugarh, Goalpara,Jorhat, Kamrup, Kamrup Metro, Lakhimpur, Marigaon, Nagaon, Nalbari, Sivasagar, Sonitpur,Tinsukia",Assam,,,3.0,0.0,0.0,0.0,"i)About 3,17,182 people of 580 villages badly affected ii)Damage to cropland of area 11,421 hectares reported",IMD,2015.0,9.0,3.0
2015-01-09,2015-12-09,12.0,flood,"Barpeta, Baksa, Bongaigaon, Cachar, Darrang, Dhemaji, Dhubri, Dibrugarh, Golaghat, Goalpara, Jorhat, Kamrup, Kamrup Metro, Kokrajhar, Lakhimpur, Marigaon, Nagaon, Nalbari, Sivasagar, Sonitpur,Tinsukia",Assam,,,28.0,0.0,0.0,0.0,"i)17,67,159 population affected ii)Extensive damage to 280 villages from 21 district reported iii)Damage to cropland of area 1,72,308 hectares reported",IMD,2015.0,1.0,28.0
2015-03-09,2015-03-09,1.0,heavy rains,Mungeli,Chhattisgarh,,,1.0,4.0,0.0,0.0,"Several trees/electric poles uprooted causing disruption in telecommunication services, vehicular traffic,power supply",IMD,2015.0,3.0,5.0
2015-03-04,2015-04-04,2.0,heavy rains,Shimla,Himachal Pradesh,,,1.0,0.0,0.0,0.0,,IMD,2015.0,3.0,1.0
2015-10-07,2015-11-07,2.0,heavy rains,"Hamirpur, Kangra, Kullu, Mandi, Shimla,Sirmaur",Himachal Pradesh,,,0.0,0.0,0.0,0.0,"i)Power projects shut down in SHimla,Kullu District ii)Air India flights cancelled at Gaggal Airport iii)Roads blocked due to landslides iv)The Bora Bhangal valley of Kangra District cut off as Hanny bridge collapsed due to flash floods",IMD,2015.0,10.0,0.0
2015-08-08,2015-12-08,5.0,heavy rains,"Bilaspur, Chamba, Hamirpur, Kangra, Mandi, Shimla, Sirmaur, Una",Himachal Pradesh,,,6.0,0.0,0.0,0.0,"i)Damage to vegetables,Maize crops reported ii)A bus stand at Dharampur, District Mandi inundated iii)Several vehicles washed away in flashflood iv)100 shops submerged v)Several roads including Theog Hatkoti road, Kangra - Dharamshala Nh-88 roads blocked due to landslide",IMD,2015.0,8.0,6.0
2015-04-04,2015-04-04,1.0,heavy rains,"Jammu,Kashmir",Jammu and Kashmir,,,24.0,0.0,0.0,0.0,Massive Landslide,IMD,2015.0,4.0,24.0
2015-06-07,2015-06-07,1.0,heavy rains,Pulwama,Jammu and Kashmir,,,1.0,0.0,0.0,0.0,,IMD,2015.0,6.0,1.0
2015-09-07,,8.0,heavy rains,"Anantnag, Ganderbal",Jammu and Kashmir,,,13.0,0.0,0.0,0.0,i)Several villages washed away ii)Damage to about 50 houses reported iii)Extensive damage to Government owned Trout Fish Hatcheries reported,IMD,2015.0,9.0,13.0
2015-06-03,,9.0,heavy rains,"Ballari, Dakshina Kannada, Gadag, Hassan, Uttar Kashia Kannada",Karnataka,,,1.0,0.0,0.0,4.0,"i)Damage to standing crops,Mango, Banana trees reported ii)Damage to 8 houses reported",IMD,2015.0,6.0,1.0
2015-07-04,2015-12-04,6.0,heavy rains,"Ballari, Beedar, Hassan, Kodagu, Raichur",Karnataka,,,4.0,1.0,0.0,0.0,"i)Damage to Paddy crops, thousands of Banana plants, hundreds of Coconut trees,Rice bags reported ii)Damage to many houses reported iii)Damage to about 250 Tin-sheds reported iv)Many trees/elctric poles uprooted",IMD,2015.0,7.0,5.0
2015-04-05,2015-11-05,8.0,heavy rains,"Raichur, Tumakuru",Karnataka,,,2.0,1.0,0.0,0.0,Damage to Paddy crops resulting loss of lakhs of rupees reported,IMD,2015.0,4.0,3.0
2015-10-07,,11.0,heavy rains,"Ballari, Dakshina Kannada, Udupi",Karnataka,,,10.0,0.0,0.0,0.0,,IMD,2015.0,10.0,10.0
2015-05-09,2015-07-09,3.0,heavy rains,"Ballari, Bengaluru Rural, Chitradurga",Karnataka,,,5.0,1.0,0.0,0.0,"i)Damage to many acres of Paddy, Sugarcane, Cotton, Pulses, Onion crops,Banana plantation reported ii)Choultry (Dharmshala) in front of Vijaya Vittala Mandir in Haampi village collapsed",IMD,2015.0,5.0,6.0
2015-01-10,2015-04-10,4.0,heavy rains,"Bagalkotee Belagavi, Ballari, Chitradurga, Davangere, Dharwad,  Kalaburagi, Tumakuru",Karnataka,,,4.0,0.0,0.0,0.0,"i)Damage to crops standing crops of Sugarcane, Tobacco,sowing grains of Jowar, Cotton,Paddy crops reported ii)Damage to several houses reported iii)A small bridge collapsed causing inundated the road,disruption in traffic iv)Several trees uprooted",IMD,2015.0,1.0,4.0
2015-02-11,2015-02-11,1.0,heavy rains,Chitradurga,Karnataka,,,0.0,0.0,0.0,0.0,6 houses collapsed,IMD,2015.0,2.0,0.0
2015-03-03,2015-09-03,7.0,heavy rains,"Alappuzha, Ernakulam, Kottayam, Malappuram, Thrissur, Pathanamthitta",Kerala,,,0.0,0.0,0.0,0.0,"i)Damage to Paddy fields, vegetable plantations, thousands of Banana crops, Betel-leaves, Tapioca, Yam, Nutmeg Coconut trees, fruit crops etc. reported ii)Roof of Co-operative bank building,a school building blown away causing damage to all files in the staff-room iii)Rice sacks kept for afternoon meals for school children extensively damaged in Pathanamthitta District iv)Damage to several houses reported v)Several trees / electric poles uprooted causing disruption in telecommunication services vehicular traffic,power supply",IMD,2015.0,3.0,0.0
2015-06-04,2015-10-04,5.0,heavy rains,"Alappuzha, Ernakulam, Palakkad, Idukki, Kollam",Kerala,,,1.0,0.0,0.0,0.0,"i)Damage to 250 acres of Paddy crops, 500 Banana plantation, vegetables,Gingili crops reported ii)Damage to worth Rs.30,000",IMD,2015.0,6.0,1.0
2015-11-04,,6.0,heavy rains,"Ernakulam, Idukki, Kollam, Kozhikode, Malappuram, Pathanamthitta, Thiruvananthapuram, Wayanad",Kerala,,,5.0,0.0,0.0,0.0,"i)Damage to more than 12,000 Banana plantation, more than 350 acres of vegetable cultivation,Teak, Rubber trees reported ii)Damage to several houses reported iii)Approx Rs. 8 lakhs worth damage reported iv)Several trees uprooted,fell across the road causing damage to small vendors ad traffic disruption",IMD,2015.0,11.0,5.0
2015-03-05,2015-05-05,3.0,heavy rains,"Ernakulam, Idukki, Kannur, Palakkad, Thrissur, Thiruvananthapuram",Kerala,,,0.0,2.0,0.0,0.0,"i)Damage to more than 2,500 Banana crops reported,severe loss to Nutmeg, Tapioca,vegetable reported ii)Damage to more than 80 houses reported iii)Damage to portion of a school building, portion of a school building portion of a mosque reported iv)Damage to several electric cable lines including 11 KV electric ines reported v)Several trees uprooted causing disruption in vehicular traffic,power supply",IMD,2015.0,3.0,2.0
2015-07-05,2015-09-05,3.0,heavy rains,"Kottayam, Palakkad, Thrissur",Kerala,,,0.0,1.0,0.0,0.0,"KOTTAYAM : i)Damage to agriculture crops reported ii)Transformer collapsed iii)Damage to few houses reported iv)Damage to few houses reported by KSEB (Kerela State Electricity Board) authorities PALAKKAD & THRISSUR : i)Damage to more than 70 houses (Pookotkavu village - 40 Srikrishnapuram village - 29 reported ii)Damage to around 400 planation reported iii)15 Rubber trees,more than 50 electric poles uprooted causing disruption in vehicular traffic,power supply iv)Damage to Anganwadi building reported as uprooted tree fell over it v)Water supply disrupted for 2 days",IMD,2015.0,7.0,1.0
2015-10-05,,5.0,heavy rains,"Ernakulam, Idukki, Kannur, Kasaragod, Kollam, Kozhikode, Malappuram, Palakkad, Thrissur, Wayanad",Kerala,,,0.0,4.0,0.0,0.0,"i)Damage to Agriculture crops Banana, Rubber crops,500 acres of Paddy fields reported ii)Damage to several houses reported iii)Water logging in low lying areas iv)Loss worth Rs.60,000/- v)Well caved in vi)A huge tree uprooted,fell across Kozhikode-Vythiri-Ooty State Highway causing traffic disruption",IMD,2015.0,10.0,4.0
2015-08-06,,9.0,Unknown,"Alappuzha, Kannur, Kollam, Thrissur, Thiruvananthapuram",Kerala,,,1.0,1.0,0.0,0.0,ALAPPUZHA : i)Damage to two acres of Banana crops reported ii)Damage to 10 houses reported iii)26 families of 90 persons shifted to relief camps iv)Water supply disrupted in beach areas KANNUR : District offie of Kerala Aided School Employees' Provident fund caved in KOLLAM : Damage to a house reported as coconut tree uprooted fell over it THRISSUR : i)Damage to 5 houses reported ii)Low-lying areas inundated iii)Severe waterlogging in the low-lying areas THIRUVANANTHAPURAM : i)Damage to 15 houses reported ii)Damage to Fiber oat factory reported iii)Around 1 lakh rupees worth damage reported iv)Several trees uprooted,IMD,2015.0,8.0,2.0
2015-12-08,2015-12-08,1.0,heavy rains,Kannur,Kerala,,,0.0,0.0,0.0,0.0,i)Complete damage to one house reported ii)2 lakhs rupees worth damage reproted,IMD,2015.0,12.0,0.0
2015-05-09,2015-06-09,2.0,heavy rains,"Pathanamthitta, Thiruvananthapuram",Kerala,,,0.0,0.0,0.0,3000.0,"PATHANAMTHITTA : Loss of worth Rs. 3 lakhs reported as compund wall of a house collapsed THIRUVANANTHAPURAM : i)Damage to Agricultural crops including Rubber plantation, Banana, Tapioca worth crores reported ii)Damage to several shops, workshops, Govt. Dept. houses, bridges Oil-mill completely submerged causing damage worth Rs. 8 lakhs iii)Medicines of worth Rs.3 lakhs damaged, as Anand Veterinary hospital inundated iv)Low lying areas inundated v)200 houses marooned",IMD,2015.0,5.0,0.0
2015-08-10,2015-09-10,2.0,heavy rains,Thiruvananthapuram,Kerala,,,0.0,1.0,0.0,0.0,"i)Damage to Agriculture crops including Rubber, Coconut trees reported ii)Damage to more than 150 houses reported",IMD,2015.0,8.0,1.0
2015-01-11,,21.0,heavy rains,"Ernakulam, Malappuram, Pathanamthitta, Thiruvananthapuram",Kerala,,,2.0,0.0,0.0,0.0,"i)Damage to Agricultural crops including Banana, Tapioca, Betelleaves, vegetables reported ii)Several houses inundated,complete damage to 11 houses reported iii)Many people shifted to safer places iv)Damage to about 70 vehicles reported v)Several trees/electric poles uprooted causing disruption in vehicular traffic,power supply",IMD,2015.0,1.0,2.0
2015-08-12,,12.0,heavy rains,"Alappuzha, Thiruvananthapuram",Kerala,,,0.0,0.0,0.0,0.0,"i)Damage to more than 2,000 acres of Paddy cultivation,agricultural crops including Rubber, Banana, Tapioca, Yam, vegetables reproted ii)Low lying areas flooded iii)Tones of the seeds washed away iv)Several trees/electric poles uproooted causing disruption in vehicular traffic,power supply",IMD,2015.0,8.0,0.0
2015-07-06,,10.0,heavy rains,"Aurangabad, Beed, Hingoli, Jalna, Latur, Nanded, Dharashiv, Parbhani",Maharashtra,,,17.0,0.0,0.0,0.0,"i)Roofs of hused blown away ii)Several trees/electic poles uprooted causing disruption in vehicular traffic,power supply",IMD,2015.0,7.0,17.0
2015-06-08,,9.0,heavy rains,"Akola, Amravati, Chandrapur, Nagpur, Wardha",Maharashtra,,,8.0,1.0,0.0,0.0,"i)Wide spread damage to crops reported ii)Damage to many houses reported iii)Thousands of people affected iv)Water logging in at most places including Railway Station, Bus stand,over bridge v)Several trees/electric poles uprooted causing disruption in vehicular traffic,power supply",IMD,2015.0,6.0,9.0
2015-01-08,2015-01-08,1.0,heavy rains,Kendujhar,Odisha,,,1.0,0.0,0.0,0.0,,IMD,2015.0,1.0,1.0
2015-02-08,2015-02-08,1.0,heavy rains,"Anugul, Kendujhar",Odisha,,,5.0,0.0,0.0,0.0,,IMD,2015.0,2.0,5.0
2015-01-09,,30.0,heavy rains,"Amritsar, Bathinda, Barnala, Ferozepur, Fazilka, Jalandhar, Moga, Pathankot, Rupnagar, Sangrur, Sri Sri Muktsar Sahib Sahib, Tarn Taran",Punjab,,,11.0,0.0,0.0,14.0,"i)Damage to 70894 acres of crops of estimated value of Rs. 55 crore reported ii)31,754 populations affected iii)Loss of estimated cost Rs. 46,78,900/- reported as 226 houses damaged",IMD,2015.0,1.0,11.0
2015-01-08,2015-05-08,5.0,heavy rains,Parts of Rajasthan,Rajasthan,,,41.0,0.0,0.0,0.0,"i)Damage to Wheat, Gram, Masur, Mustard etc. Rabbi crops,all types of vegetables reported ii)Damage to several houses reported",IMD,2015.0,1.0,41.0
2015-01-07,2015-01-07,1.0,heavy rains,Parts of Sikkim,Sikkim,,,18.0,0.0,0.0,0.0,Landslide,IMD,2015.0,1.0,18.0
2015-05-07,2015-05-07,1.0,heavy rains,Parts of Sikkim,Sikkim,,,41.0,0.0,0.0,0.0,Massive landslide,IMD,2015.0,5.0,41.0
2015-12-04,2015-12-04,1.0,heavy rains,Virudhunagar,Tamil Nadu,,,0.0,0.0,0.0,0.0,"Damage to 30,000 tons of Mangoes reported",IMD,2015.0,12.0,0.0
2015-09-11,2015-09-11,1.0,heavy rains,"Thiruvallur, Chennai, Krishnagiri, Tiruvannamalai, Dharmapuri, Salem, Erode, The Nilgiris, Namakkal, Perambalur, Coimbatore, Tiruchirappalli, Ariyalur, Tiruppur, Thanjavur, Karur, Thiruvarur, Dindigul, Madurai, Theni, Virudhunagar, Thoothukkudi, Kanniyakumari",Tamil Nadu,,,13.0,0.0,0.0,0.0,"i)2,000 acres of paddy fields submerged ii)Damage to 900 acres of Banana crops reported iii)Power generation stopped as the mines flooded in Cuddalore District iv)Damage to 45 thatched houses reported",IMD,2015.0,9.0,13.0
2015-11-11,,3.0,heavy rains,"Chennai, Cuddalore, Dharmapuri, Erode, The Nilgiris, Thiruvallur, Thoothukkudi, Viluppuram",Tamil Nadu,,,25.0,0.0,0.0,0.0,"i)Damage to more than 28 houses reported ii)Several trees/electric poles uprooted causing disruption in vehicular traffic,power supply",IMD,2015.0,11.0,25.0
2015-01-12,2015-03-12,3.0,heavy rains,"Thiruvallur, Chennai, Krishnagiri, Tiruvannamalai, Dharmapuri, Salem, Erode, The Nilgiris, Namakkal, Perambalur, Coimbatore, Tiruchirappalli, Ariyalur, Tiruppur, Thanjavur, Karur, Thiruvarur, Dindigul, Madurai, Theni, Virudhunagar, Thoothukkudi, Kanniyakumari",Tamil Nadu,,,17.0,0.0,0.0,0.0,"i)Damage to crops reported ii)Damage to many houses reported iii)Several trees / electric poles uprooted causing disruption in vehicular traffic,power supply",IMD,2015.0,1.0,17.0
2015-08-12,2015-11-12,4.0,heavy rains,"Thiruvallur, Chennai, Krishnagiri, Tiruvannamalai, Dharmapuri, Salem, Erode, The Nilgiris, Namakkal, Perambalur, Coimbatore, Tiruchirappalli, Ariyalur, Tiruppur, Thanjavur, Karur, Thiruvarur, Dindigul, Madurai, Theni, Virudhunagar, Thoothukkudi, Kanniyakumari",Tamil Nadu,,,30.0,0.0,0.0,1210.0,"i)Extensive damage to 25 hectares of Paddy crops reported ii)20,000 hectares of cotton plants submerged iii)Damage to 5,631 huts fully,331 huts partially reported iv)Damage to around 25 lakh vehicles reported",IMD,2015.0,8.0,30.0
2015-06-09,2015-12-09,7.0,heavy rains,"Adilabad, Karimnagar, Khammam, Medak, Nalgonda, Nizamabad,Warangal, Warangal, Warangal, Warangal",Telangana,,,5.0,0.0,0.0,91.0,"i)Damage to 40,131.88 hectares of Agricultural crops,35,175.2 hectares of Horticulture crops reported ii)Damage to about 286 houses reported",IMD,2015.0,6.0,5.0
2015-04-04,2015-04-04,1.0,heavy rains,"Bara Banki, Mainpuri, Sitapur",Uttar Pradesh,,,12.0,0.0,0.0,0.0,i)Damage to crops reported ii)Damage to several houses reported,IMD,2015.0,4.0,12.0
2015-11-07,2015-12-07,2.0,heavy rains,"Bareilly, Budaun, Bulandshahr, Etah, Etawah, Farrukhabad, Hamirpur, Sitapur, Shahjahanpur, Unnao",Uttar Pradesh,,,15.0,0.0,0.0,0.0,i)Damage to crops reported ii)Damage to many houses reported,IMD,2015.0,11.0,15.0
2015-01-12,2015-01-12,1.0,heavy rains,Unknown,Uttar Pradesh,,,5.0,0.0,0.0,0.0,i)Damage to crops reproted ii)Damage to several houses reported,IMD,2015.0,1.0,5.0
2015-01-07,2015-10-07,10.0,heavy rains,"Darjeelingm, Kolkata",West Bengal,,,48.0,0.0,0.0,0.0,"i)Damage to crops reported ii)Damage to several houses reported iii)Several trees/electric poles uprooted causing disruption in vehicular traffic,power supply",IMD,2015.0,1.0,48.0
2015-02-12,2015-02-12,1.0,heavy rains,Pondicherry,Puducherry,,,2.0,0.0,0.0,0.0,,IMD,2015.0,2.0,2.0
2016-01-09,,30.0,heavy rains & floods,"Guntur, Kurnool, Visakhapatnam, Vizianagaram",Andhra Pradesh,,,20.0,429.0,0.0,39562.0,"i) Damage to 49,035 hectares of crops reported. ii) Damage to 16807 houses, 17 school buildings & 48 Panchayat Raj buildings reported. iii) Damage to 46 boats reported. iv) Damage to roads reported. v) Several trees/electric poles uprooted causing disruption in vehicular traffic & power supply. ",IMD,2016.0,1.0,449.0
2016-01-07,2016-01-07,1.0,massive landslide,"West Kameng, West Kameng",Arunachal Pradesh,,,10.0,5.0,0.0,0.0,Damage to 4 houses completely & 9 buildings partially reported.,IMD,2016.0,1.0,15.0
2016-05-08,2016-05-08,1.0,heavy rains(landslide),Tawang,Arunachal Pradesh,,,3.0,0.0,0.0,0.0,8 houses collapsed.,IMD,2016.0,5.0,3.0
2016-11-09,2016-12-09,2.0,heavy rains & flood in sigin river.,Upper Lower Subansiri,Arunachal Pradesh,,,0.0,0.0,0.0,0.0,i) Damage to huge quantity of standing crops reported. ii) The entire town Daporijo inundated. iii) Commodity of Daporijo market damaged. ,IMD,2016.0,11.0,0.0
2016-03-07,2016-07-07,5.0,"flood ( brahmaputra,tributaries)","Barpeta, Golaghat, Jorhat, Kamrup Metro, Lakhimpur, Mancachar, Nagaon, Sonitpur",Assam,,,2.0,6.0,0.0,0.0,"i) About 1,52,977 population of 294 villages in 8 districts affected. ii) Crop land of area 26.86 hectares affected. ",IMD,2016.0,3.0,8.0
2016-07-07,2016-07-07,1.0,heavy rain,Kamrup Metro,Assam,,,2.0,2.0,0.0,0.0,Vehicular traffic badly affected due to water logging.,IMD,2016.0,7.0,4.0
2016-01-08,2016-05-08,5.0,"flood( brahmaputra,tributaries)","Barpeta, Bongaigaon,Chirang, Darrang, Dhemaji, Dhubri, Dibrugarh, Golaghat, Goalpara, Jorhat, Karbi Anglong, Kamrup Metro, Kokrajhar, Lakhimpur, Mancachar, Nagaon, Nalbari, Sivasagar, Sonitpur,Kamrup, Tinsukia",Assam,,,3.0,0.0,0.0,229.0,"i) Cropland of area 1,00,651.71 hectares affected ii) 11,00,618 population from 1659 villages of 21 districts affected. ",IMD,2016.0,1.0,3.0
2016-01-09,2016-07-09,7.0,"flood( brahmaputra,tributaries)","Dhemaji, Lakhimpur,Udalguri",Assam,,,0.0,0.0,0.0,0.0,"i) Cropland of area 1,382.53 hectares ii) 24,540 population from 32 villages affected. ",IMD,2016.0,1.0,0.0
2016-12-08,2016-12-08,1.0,heavy rain & floods in punpun & falgu river.,"Gaya, Patna",Bihar,,,0.0,0.0,0.0,0.0,"Damage to the bridge on the river Punpun near Siswa Chawak, Patna reported. ",IMD,2016.0,12.0,0.0
2016-01-09,2016-02-09,2.0,floods in ganga & tributaries,"Begusarai, Bhojpur, Samastipur, Khagaria, Vaishali",Bihar,,,11.0,0.0,0.0,61.0,i) 37.70 lakh people affected in different parts of the state. ii) 2029 villages innundated.,IMD,2016.0,1.0,11.0
2016-03-09,2016-03-09,1.0,heavy rain,"Begusarai , Lakhisarai, Patna, Samastipur, Saran",Bihar,,,19.0,0.0,0.0,0.0,41.90 lakh people affected in different parts of the state.,IMD,2016.0,3.0,19.0
2016-02-06,2016-03-06,2.0,heavy rain,Bastar,Chhattisgarh,,,0.0,2.0,0.0,0.0,Pandal of Kisan Mela collapsed in Jagdalpur tehsil.,IMD,2016.0,2.0,2.0
2016-12-06,,2.0,heavy rain,Raipur,Chhattisgarh,,,0.0,2.0,0.0,0.0,i) Damage to houses reported. ii) Several trees/electric poles uprooted causing disruption in vehicular traffic & power supply.,IMD,2016.0,12.0,2.0
2016-02-08,2016-02-08,1.0,heavy rains & flood in sheonath river,"Uttar Kashi Bastar Kanker, Rajnandgaon",Chhattisgarh,,,1.0,5.0,0.0,0.0,4 van with goods washed away in Rajnandgaon Dist.,IMD,2016.0,2.0,6.0
2016-11-09,,3.0,heavy rains,"Jagdalpur, Janjgir-Champa, Narayanpur, Rajnandgaon",Chhattisgarh,,,4.0,6.0,0.0,0.0,,IMD,2016.0,11.0,10.0
2016-01-06,,120.0,heavy rains & floods,"Ahmedabad, Amreli, Bharuch, Bhavnagar, Botad,Udaiur, Devbhumi Dwarka, Devbhumi Dwarka Dwarka, Dahod, Gandhinagar, Gir Somnath, Jamnagar, Junagadh, Kachchh, Mahesana, Morbi, Navsari, Panch Mahals, Patan, Rajkot, Sabar Kantha,Tapi, Dangs, Vadodara, Valsad",Gujarat,,,81.0,4.0,0.0,220.0,"i) 12,121 population affected. ii) 3 houses fully & 125 houses partially damaged.",IMD,2016.0,1.0,85.0
2016-10-05,2016-10-05,1.0,cloud burst,Shimla,Himachal Pradesh,,,5.0,3.0,0.0,0.0,"i) Damage to crops reported. ii) Damage to cow-shed reported. iii) Electricity, water & Telephone services disrupted iv) Scorpio car washed away.",IMD,2016.0,10.0,8.0
2016-03-07,2016-04-07,2.0,heavy rains,"Chamba, Kangra, Shimla",Himachal Pradesh,,,0.0,0.0,0.0,0.0,i) Damage to 6 houses & 2 bridges reported ii) Roads blocked.,IMD,2016.0,3.0,0.0
2016-10-07,,8.0,cloud burst,"Chamba, Kinnaur",Himachal Pradesh,,,0.0,0.0,0.0,0.0,"i) Apple, Deodar trees uprooted causing loss of lakhs of rupees. ii) Electricity generation in BASPA hydropower project in Kinnaur Dist. stopped.iii) Damage to many houses & small bridges reported. iv) National Highways remained closed.",IMD,2016.0,10.0,0.0
2016-01-08,2016-02-08,2.0,heavy rains,"Chamba, Hamirpur, Kangra, Kullu, Mandi, Shimla,Sirmaur, Una",Himachal Pradesh,,,1.0,0.0,0.0,0.0,"i) Extensive damage to crops reported. ii) Damage to shops, houses & buildings reported. iii) Damage to bridges reported. iv) Damage to railway track reported.",IMD,2016.0,1.0,1.0
2016-05-08,2016-07-08,3.0,heavy rains & landslide,"Bilaspur, Chamba, Hamirpur, Kangra, Kullu, Mandi, Shimla, Solan, Una",Himachal Pradesh,,,1.0,1.0,0.0,111.0,"i) Extensive damage to the crops reported. ii) Damage to cow-shed, houses reported. iii) Damage to bridges reported. iv) Damage to roads & railway track reported.",IMD,2016.0,5.0,2.0
2016-10-08,2016-12-08,3.0,heavy rains,"Bilaspur, Chamba, Hamirpur, Kangra, Kinnaur, Kullu, Mandi,",Himachal Pradesh,,,1.0,1.0,0.0,0.0,"i) Partial damage to houses, cow-sheds reported. ii) Several trees uprooted & fell on vehicles causing damage. iii) Vehicular traffic disrupted due to damage of roads.",IMD,2016.0,10.0,2.0
2016-12-05,2016-12-05,1.0,heavy rain,Ramban,Jammu and Kashmir,,,0.0,3.0,0.0,0.0,Damage to several houses reported.,IMD,2016.0,12.0,3.0
2016-07-06,2016-07-06,1.0,heavy rains,"Anantnag, Bandipora",Jammu and Kashmir,,,2.0,0.0,0.0,0.0,i) Extensive damage to fruits & vegetables reported. ii) Damage to many houses & government buildings reported.,IMD,2016.0,7.0,2.0
2016-05-08,2016-05-08,1.0,heavy rains & landslide,"Kathua, Reasi",Jammu and Kashmir,,,5.0,10.0,0.0,0.0,,IMD,2016.0,5.0,15.0
2016-06-08,2016-07-08,2.0,heavy rains & cloudburst,"Doda, Kathua, Pulwama",Jammu and Kashmir,,,2.0,7.0,0.0,0.0,Damage to several houses reported.,IMD,2016.0,6.0,9.0
2016-03-07,2016-05-07,3.0,heavy rains,"Chatra, Garhwa, Hazaribagh, Ramgarh, Ranchi",Jharkhand,,,2.0,0.0,0.0,0.0,i) Damage to 1008 Katcha houses reported. ii) Damage to some small bridges reported. iii) Vehicles washed away.,IMD,2016.0,3.0,2.0
2016-03-08,2016-03-08,1.0,heavy rains,Ramgarh,Jharkhand,,,1.0,11.0,0.0,2.0,,IMD,2016.0,3.0,12.0
2016-12-08,2016-12-08,1.0,heavy rains,East West Singhbhum,Jharkhand,,,4.0,0.0,0.0,0.0,Damage to 3 bridges reported.,IMD,2016.0,12.0,4.0
2016-09-09,2016-12-09,4.0,heavy rains,"Chatra, Hazaribagh, Khunti, Ranchi",Jharkhand,,,1.0,7.0,0.0,4.0,i) Damage to standing crops reported ii) Damage to 10 mud houses reported.,IMD,2016.0,9.0,8.0
2016-09-10,2016-09-10,1.0,heavy rains,"Chatra, Hazaribagh",Jharkhand,,,1.0,0.0,0.0,4.0,One bridge washed away.,IMD,2016.0,9.0,1.0
2016-03-07,2016-06-07,4.0,heavy rains,"Dakshina Kannada, Uttar Kashia Kannada",Karnataka,,,0.0,0.0,0.0,1.0,i) Damage to many houses reported. ii) Several trees uprooted.,IMD,2016.0,3.0,0.0
2016-11-07,2016-12-07,2.0,heavy rains,"Belagavi, Chikkamagaluru, Kodagu, Uttar Kashia Kannada",Karnataka,,,1.0,4.0,0.0,0.0,i) Damage of about 90 houses fully & 200 houses partially reported. ii) Several trees/electric poles uprooted causing vehicular traffic & power supply disruption.,IMD,2016.0,11.0,5.0
2016-05-08,2016-09-08,5.0,heavy rains & floods in krishna river,"Bagalkotee Belagavi, Raichur, Yadgir",Karnataka,,,0.0,1.0,0.0,0.0,"i) Extensive damage to standing crops of Toor, Cotton reported. ii) Several villages on Krishna river bank inundated. iii) Bridges inundated in Belgaum & RaichurDist.",IMD,2016.0,5.0,1.0
2016-07-06,2016-09-06,3.0,"heavy rains, flood & landslides","Idukki, Kottayam, Thiruvananthapuram, Wayanad",Kerala,,,2.0,2.0,0.0,0.0,"Idukki : Complete damage to a house reported. Kottayam : i) One Anganvadi building collapsed in Thazhangadi. ii) Several trees/electric poles uprooted causing disruption in vehicular traffic & power supply. Thiruvananthapuram : i) Damage to vegetable crops reported as fields submerged. ii) 3 wells caved in. iii) Damage to more than 25 houses including house-hold appliances, Taluka office, dispensary, shop & a compound wall of a school reported. iv) More than 11 KV line broke & functioning of 4 transformers disrupted. v) In Kazhakootam, nearby houses inundated as Tettayar river flooded. Wayanad : A house completely damaged as a huge rock fell from 50 feet.",IMD,2016.0,7.0,4.0
2016-10-06,,4.0,heavy rain,"Idukki, Kannur, Kollam, Pathanamthitta, Thiruvananthapuram, Wayanad",Kerala,,,2.0,3.0,0.0,0.0,"Idukki & Pathanamthitta : 15 houses completely & 128 houses partially damaged. Kannur : 730 mts. long & 71/2 feet high compound wall of a house damaged. Kollam : i) 9 houses completely, 134 partially & several cowsheds damaged. ii) Several houses inundated. iii) Many electric cable lines broke. Thiruvananthapuram : i) Extensive damage to agricultural crops, vegetables, Banana crops, Tapioca reported. ii) Rs.7.25 lakhs worth damage reported. iii) 210 Rubber trees & 150 Banana plants & 7 electric posts uprooted in Pothencode area. iv) Low lying areas inundated. v) Well caved in vi) Damage to vehicles reported.vii) 12 houses completely & 22 partially damaged. Roofs of many houses blown away. viii) Side wall of a bridge collapsed. ix) Several trees/electric poles uprooted causing disruption in vehicular traffic & power supply. Wayanad : One house completely damaged.",IMD,2016.0,10.0,5.0
2016-02-07,2016-02-07,1.0,heavy rain,Wayanad,Kerala,,,0.0,0.0,0.0,0.0,i) Damage to 69 hectares agriculture crops reported due to which 444 farmers affected. ii) 22 houses fully & 65 partially damaged. iii) Several trees/electric poles uprooted causing disruption in vehicular traffic & power supply.,IMD,2016.0,2.0,0.0
2016-10-07,,6.0,heavy rain,"Idukki, Kasaragod, Wayanad",Kerala,,,1.0,1.0,0.0,0.0,"i) 4 houses, shop & five storied building under construction by the wayside of Kozhikode-Mysuru NH_212 collapsed. ii) Several trees/electric poles uprooted causing disruption in vehicular traffic & power supply.",IMD,2016.0,10.0,2.0
2016-06-07,2016-06-07,1.0,floods & heavy rains,"Rewa, Sehore",Madhya Pradesh,,,6.0,0.0,0.0,0.0,,IMD,2016.0,6.0,6.0
2016-07-07,2016-07-07,1.0,flood in tamas river,"Bhind, Panna, Rewa",Madhya Pradesh,,,3.0,0.0,0.0,0.0,"i) Damage to 2 dams reported. ii) More than 50 villages in Tyonthar,Sirmaur blocks of Rewa Dist. cut off from the other parts of the state due to rising water in the river. iii) One motor boat washed away.",IMD,2016.0,7.0,3.0
2016-08-07,2016-10-07,3.0,floods & heavy rains,"Bhopal, Damoh, Malda, Morena, Seoni",Madhya Pradesh,,,11.0,0.0,0.0,0.0,The excessive rains have affected at least 3 lakh 46 thousand people,IMD,2016.0,8.0,11.0
2016-02-08,2016-02-08,1.0,heavy rains,Vidisha,Madhya Pradesh,,,4.0,0.0,0.0,0.0,,IMD,2016.0,2.0,4.0
2016-06-06,2016-06-06,1.0,heavy rains,Parts of Maharashtra,Maharashtra,,,2.0,0.0,0.0,0.0,,IMD,2016.0,6.0,2.0
2016-01-07,2016-03-07,3.0,heavy rains,"Ahmednagar, Dhule, Jalgaon, Mumbai, Nandurbar, Nashik, Pune",Maharashtra,,,11.0,0.0,0.0,0.0,,IMD,2016.0,1.0,11.0
2016-08-07,2016-10-07,3.0,"heavy rains & flood in narmada, tapi wainganga","Chandrapur, Gadchiroli, Nandurbar",Maharashtra,,,9.0,2.0,0.0,50.0,i) Damage to 200 houses reported. ii) Damage to railway track reported.,IMD,2016.0,8.0,11.0
2016-11-07,2016-12-07,2.0,heavy rains,"Kolhapur, Mumbai, Mumbai Suburban, Raigad, Ratnagiri, Sindhudurg, Thane, Palghar",Maharashtra,,,1.0,0.0,0.0,0.0,"i) 31 roads including 22 main roads,9 highways are completely under water in Kolhapur Dist. ii) Around 80 villages lost contact from rest of the state in Konkan region.",IMD,2016.0,11.0,1.0
2016-12-07,2016-12-07,1.0,heavy rains,"Akola, Amravati, Chandrapur, Gadchiroli Yavotmal, Washim",Maharashtra,,,2.0,0.0,0.0,0.0,More than 100 villages marooned.,IMD,2016.0,12.0,2.0
2016-01-08,2016-01-08,1.0,heavy rains,Thane,Maharashtra,,,9.0,10.0,0.0,0.0,i) Dilapidated building collapsed. ii) Water logging in low lying areas reported.,IMD,2016.0,1.0,19.0
2016-02-08,2016-02-08,1.0,flood in godavari,Nashik,Maharashtra,,,0.0,5.0,0.0,0.0,,IMD,2016.0,2.0,5.0
2016-03-08,2016-03-08,1.0,flood in savitri river,Raigarh,Maharashtra,,,0.0,41.0,0.0,0.0,2 MSRTC (Maharashtra State Road transport Corporation) buses & several other vehicles washed away as a bridge on the Savitri River collapsed near Mahad in Raigarh district of Maharashtra on Mumbai - Goa highway on 2nd August at late night.,IMD,2016.0,3.0,41.0
2016-02-10,2016-04-10,3.0,heavy rain & flash flood,"Beed, Latur, Dharashiv",Maharashtra,,,0.0,5.0,0.0,36.0,"About 50% of the Kharif crops viz. Soya bean, Cotton, tur,Jowar were damaged. Soya bean, which is one of the major crops of Marathwada, suffered a damage of about Rs.2500 crores over an area of about 15 lakh hectares.",IMD,2016.0,2.0,5.0
2016-03-08,2016-08-08,6.0,heavy rains,"Koraput, Sambalpur",Odisha,,,2.0,0.0,0.0,0.0,10 villages from Alwar district & 36 villages from Baran districts cut off from nearby areas,IMD,2016.0,3.0,2.0
2016-11-07,2016-11-07,1.0,heavy rains,Baran,Rajasthan,,,0.0,2.0,0.0,0.0,,IMD,2016.0,11.0,2.0
2016-09-08,,5.0,heavy rains,"Barmer, Jodhpur, Kota",Rajasthan,,,0.0,14.0,0.0,0.0,,IMD,2016.0,9.0,14.0
2016-06-08,,15.0,heavy rains,"Baran, Jhalawar, Pali",Rajasthan,,,11.0,0.0,0.0,0.0,House collapsed in Baran Dist.,IMD,2016.0,6.0,11.0
2016-11-06,,3.0,"flood(kuzhithurai ,sitraru rivers)",Kanniyakumariumari,Tamil Nadu,,,3.0,0.0,0.0,0.0,"Kulasekaram,Tiruvattar towns were inundated.",IMD,2016.0,11.0,3.0
2016-02-03,2016-02-03,1.0,heavy rains,"Karimnagar, Khammam, Nizamabad, Warangal, Warangal, Warangal, Warangal",Telangana,,,0.0,0.0,0.0,0.0,"Damage to 2585 hectares of Maize crops, 254 hectares of Banana crops & 350 Hectares of Chilli crops reported.",IMD,2016.0,2.0,0.0
2016-01-09,,30.0,heavy rains & floods,"Hyderabad, Kamareddy, Karimnagar, Medak, Medchal Malkajgiri, Nalgonda, Nizamabad, Sangareddy, Vikarabad, Warangal, Yadadri Yadadri Bhuvanagiri",Telangana,,,49.0,9.0,0.0,6733.0,i) Damage to 2.60 lakh hectares of crops reported. ii) Damage to 37991 houses reported. iii) Damage to 644 boats & 1493 nets reported. iv) Damage to roads reported. v) Several trees/electric poles uprooted causing disruption in vehicular traffic & power supply.,IMD,2016.0,1.0,58.0
2016-12-03,2016-12-03,1.0,heavy rains,Meerut,Uttar Pradesh,,,5.0,0.0,0.0,0.0,Extensive damage to building reported.,IMD,2016.0,12.0,5.0
2016-01-07,2016-03-07,3.0,heavy rains,"Bahraich, Gonda, Basti, Gorakhpur, Deoria, Ballia, Azamgarh, Ayodhya, Sultanpur, Jaunpur, Ghazipurr, Varanasi, Mirzapur, Prayagraj, Pratapgarh",Uttar Pradesh,,,26.0,0.0,0.0,0.0,"Damage to Mango, Maize crops reported.",IMD,2016.0,1.0,26.0
2016-08-05,2016-08-05,1.0,landslide,Chamoli,Uttarakhand,,,0.0,0.0,0.0,0.0,i) Damage to more than 10 houses reported ii) Damage to more than half dozen vehicles reported.,IMD,2016.0,8.0,0.0
2016-03-07,2016-03-07,1.0,cloud burst,"Chamoli, Pithoragarh",Uttarakhand,,,20.0,12.0,0.0,0.0,i) 150 families affected ii) 4 houses fully & 12 houses partially damaged.,IMD,2016.0,3.0,32.0
2017-11-07,2017-11-07,1.0,Landslide,Papum Pare,Andhra Pradesh,,,15.0,0.0,0.0,0.0,Extensive damage to agricultural land & Property reported.,IMD,2017.0,11.0,15.0
2017-04-01,2017-04-02,2.0,"Flood (Brahmaputra,tributaries)","Cachar, Goalpara",Assam,,,0.0,0.0,0.0,0.0,"i) Huge amount of standing crops, vegetables, more than 5000 hectares of baro rice paddy extensively damaged. ii) 13,340 families from more than 131 villages from Silchar & Lakhipur circles severely affected. iii) Several trees/electric poles uprooted causing disruption in vehicular traffic & power supply",IMD,2017.0,4.0,0.0
2017-07-01,2017-07-07,7.0,"Flood (Brahmaputra,tributaries)","Barpeta, Biswanath, Bongaigaon, Chirang, Dhemaji, Golaghat, Hailakandi, Jorhat, Karimganj, Kokrajhar, Kamrup, Lakhimpur, Mancachar, Nagaon, Nalbari, Sivasagar, Sonitpur",Assam,,,14.0,0.0,0.0,0.0,"i) About 4,25,764 population of 1037 villages in 17 districts affected. ii) Crop land of area 32148.59 hectares affected",IMD,2017.0,7.0,14.0
2017-07-09,,5.0,"Flood (Brahmaputra,tributaries)","Barpeta, Biswanath, Bongaigaon, Cachar, Charaideo, Chirang, Darrang, Dhemaji, Dhubri, Dibrugarh,Golaghat, Goalpara, Hailakandi, Jorhat, Karimganj, Kamrup, Karbi Anglong, Kokrajhar, Lakhimpur, Majuli, Mancachar, Nagaon, Nalbari, Sivasagar, Sonitpur, South Salmara Mancachar",Assam,,,24.0,0.0,0.0,0.0,"i) 17,43,119 population of 2450 villages from 26 districts affected. ii) Crop land of area 86,223.19 hectares affected",IMD,2017.0,7.0,24.0
2017-08-10,,12.0,"Flood (Brahmaputra,tributaries)","Barpeta, Biswanath, Bongaigaon, Charaideo, Chirang, Darrang, Dhemaji, Dibrugarh, Dhubri, Goalpara, Golaghat, Jorhat, Kamrup, Kamrup Metro, Karbi Anglong, Kokrajhar, Lakhimpur, Majuli, Mancachar, Nagaon, Nalbari, Sivasagar, Sonitpur, South Salmara Mancachar",Assam,,,72.0,0.0,0.0,0.0,"i) Crop land of area 1,82,343.06 hectares affected. ii) 33,27,986 population from 3186 villages of Twenty Four districts affected.",IMD,2017.0,8.0,72.0
2017-09-07,2017-09-11,5.0,"Flood (Brahmaputra,tributaries)","Cachar, Chirang, Dhemaji, Jorhat, Lakhimpur, Marigaon, Nagaon, Sonitpur,Udalguri",Assam,,,2.0,0.0,0.0,0.0,i) Cropland of area 12266.09 hectares affected. ii) 49335 population from 200 villages of 9 districts affected.,IMD,2017.0,9.0,2.0
2017-05-09,2017-05-09,1.0,Heavy Rain,"Araria, Aurangabad, Begusarai, Lakhisarai, Madhubani,Munger, Nalanda,Patna, Purnia, Supaul",Bihar,,,15.0,0.0,0.0,0.0,i) Damage to standing crops reported. ii) Damage to property reported. iii) Several trees/electric poles uprooted.,IMD,2017.0,5.0,15.0
2017-07-01,2017-07-02,2.0,Floods in Tilyuga & Koshi river due to heavy rain in hilly & Tarai areas of Nepal.,"Madhubani, Supaul",Bihar,,,0.0,0.0,0.0,0.0,"i) Damage to over 35 acres of Paddy crops reported. ii) More than 20,000 people affected from 2 Panchait areas. iii) Several trees/electric poles uprooted",IMD,2017.0,7.0,0.0
2017-07-05,2017-07-05,1.0,Floods in Koshi & Bagmati river due to heavy rain in Nepal,"Araria, Muzaffarpur, Supaul",Bihar,,,0.0,0.0,0.0,0.0,i) Large number of people affected. ii) Several trees/electric poles uprooted,IMD,2017.0,7.0,0.0
2017-07-11,,3.0,"Floods in Koshi, Bagmati, Mahananda & Gandak river due to heavy rain in Nepal","Araria, Darbhanga, Purbi Champaran, Gopalganj, Katihar, Khagaria, Kishanganj, Madhepura, Madhubani, Muzaffarpur, Purnia, Rohtas, Saran, Sitamarhi, Supaul, Vaishali, Pashchim Champaran",Bihar,,,4.0,0.0,0.0,0.0,"i) More than 60,000 people affected. ii) Several trees/electric poles uprooted",IMD,2017.0,7.0,4.0
2017-07-11,2017-07-11,1.0,Heavy Rains,Surguja,Chhattisgarh,,,3.0,0.0,0.0,0.0,Damage to many houses reported.,IMD,2017.0,7.0,3.0
2017-06-01,,122.0,Heavy rains & Floods,"Ahmedabad, Amreli, Anand, Arvalli, Bharuch, Banas Kantha, Devbhumi Dwarka Dwarka, Gandhinagar, Gir Somnath, Jamnagar, Junagadh, Kheda, Kachchh, Mahisagar, Mahesana, Morbi, Navsari, Panch Mahals, Patan, Rajkot, Surat, Surendranagar, Dangs, Valsad",Gujarat,,,288.0,25.0,0.0,16543.0,"i) 8,91,355 hectares of cropland affected. ii) 5,20,000 population from 875 villages affected. iii) 1,12,900 persons evacuated in 90 relief camps. iv) Damage to 5,460 houses fully & 33,728 houses partially reported. v) Extensive damage to roads reported.",IMD,2017.0,6.0,313.0
2017-06-06,2017-06-06,1.0,Heavy Rains,"Bilaspur, Hamirpur, Shimla, Solan,Chamba",Himachal Pradesh,,,8.0,0.0,0.0,0.0,i) Roofs of houses blown away. ii) Damage to 5 vehicles reported. iii) National Highways remained closed. iv) Several trees/electric poles uprooted causing disruption in vehicular traffic & power supply,IMD,2017.0,6.0,8.0
2017-07-12,2017-07-12,1.0,Heavy Rains,Mandi,Himachal Pradesh,,,1.0,0.0,0.0,0.0,i) Many roads remained closed. ii) Disruption in power supply reported.,IMD,2017.0,7.0,1.0
2017-08-05,2017-08-05,1.0,Heavy rains & landslide,"Solan, Una",Himachal Pradesh,,,1.0,0.0,0.0,0.0,"i) Chandigarh-Shimla National highway remained closed due to landslide near Jabali, Kasulli taluk in Solan Dist.",IMD,2017.0,8.0,1.0
2018-08-06,2017-08-07,2.0,Heavy rains & landslide,"Chamba, Hamirpur, Kangra, Kullu, Shimla",Himachal Pradesh,,,3.0,0.0,0.0,0.0,i) Damage to more than 6 houses reported. ii) Several trees uprooted & roads damaged in many areas due to which vehicular traffic disrupted,IMD,2018.0,8.0,3.0
2017-08-08,2017-08-09,2.0,Heavy rains & landslide,"Bilaspur, Kangra, Sirmaur",Himachal Pradesh,,,0.0,0.0,0.0,500.0,i) Damage to crops reported. ii) Damage to Sattacheck dam reported. iii) Damage to building & truck reported. iv) Palampur-Mandi National highway & other roads remained closed.,IMD,2017.0,8.0,0.0
2017-08-02,2017-08-02,1.0,Heavy Rains,"Ganderbal, Srinagar",Jammu & Kashmir,,,0.0,0.0,0.0,0.0,i) Damage to crops reported. ii) Several houses damaged. iii) Damage to more than 100 units at the Industrial area of Khonmoh area of Srinagar Districts reported.,IMD,2017.0,8.0,0.0
2017-09-10,2017-09-10,1.0,Flash flood caused by Cloud Burst,Baramulla,Jammu & Kashmir,,,1.0,0.0,0.0,0.0,,IMD,2017.0,9.0,1.0
2017-05-10,2017-05-10,1.0,Heavy Rains,Kodagu,Karnataka,,,0.0,0.0,0.0,0.0,Damage to 2300 Papaya plants & 6 acres of Mango crops reported.,IMD,2017.0,5.0,0.0
2017-06-07,2017-06-07,1.0,Heavy rains & Floods,"Bagalkotee Ballari, Beedar,  Kalaburagi",Karnataka,,,1.0,0.0,0.0,0.0,i) Many houses flooded in Bidar Dist. ii) Bridge connecting Kaladgi Bagalkot washed away & the other bridge in  Kalaburagi Dist. washed away,IMD,2017.0,6.0,1.0
2017-06-11,2017-06-12,2.0,Heavy Rains,"Beedar, Shivamogga, Udupi, Uttar Kashia Kannada",Karnataka,,,1.0,0.0,0.0,0.0,"i) Agriculture crops damaged. ii) Many houses, roads flooded. iii) A bridge in Hosanagar taluk, Shivamogga Dist. collapsed.",IMD,2017.0,6.0,1.0
2017-08-10,2017-08-11,2.0,Heavy Rains,"Gadag, Koppal",Karnataka,,,2.0,0.0,0.0,25.0,Several trees/electric poles uprooted causing vehicular traffic & power supply disruption.,IMD,2017.0,8.0,2.0
2017-09-05,2017-09-06,2.0,Heavy Rains,Mysuru,Karnataka,,,5.0,0.0,0.0,0.0,Damage to Sugarcane & Cotton crops reported.,IMD,2017.0,9.0,5.0
2017-09-08,2017-09-10,3.0,Heavy Rains,"Bagalkotee Bengaluru Urban, Ballari, Bijapur, Hassan, Mysuru, Yadgir",Karnataka,,,12.0,2.0,0.0,0.0,i) Damage to Kharif crops reported. ii) Damage to many houses reported. iii) Damage to many vehicles reported. iv) A bridge washed away in Bijapur Dist. v) More than 153 electric poles & more than 300 trees uprooted causing disruption in vehicular traffic & power supply.,IMD,2017.0,9.0,14.0
2017-10-05,2017-10-08,4.0,Heavy Rains,Bengaluru Urban,Karnataka,,,0.0,0.0,0.0,0.0,i) Damage to 10 vehicles reported. ii) Low lying areas inundated. iii) Roads submerged.,IMD,2017.0,10.0,0.0
2017-12-01,2017-12-01,1.0,Heavy Rains,"Chamarajanagaraa Hassan, Kodagu, Kolar, Mandya, Mysuru",Karnataka,,,0.0,0.0,0.0,0.0,"Damage to Ragi crops, Vegetables & Coffee crops which had reached at the harvesting stage reported",IMD,2017.0,12.0,0.0
2017-06-03,2017-06-03,1.0,Heavy Rains,Thiruvananthapuram,Kerala,,,0.0,0.0,0.0,0.0,i) 3 houses damaged. ii) Water logging in Thampanoor. iii) Several trees/electric poles uprooted causing disruption in vehicular traffic & power supply.,IMD,2017.0,6.0,0.0
2017-06-05,2017-06-05,1.0,Landslide,Thiruvananthapuram,Kerala,,,0.0,1.0,0.0,0.0,A house damaged.,IMD,2017.0,6.0,1.0
2017-08-04,2017-08-04,1.0,Heavy Rains,Pathanamthitta,Kerala,,,1.0,0.0,0.0,0.0,i) One house damaged. ii) Several trees/electric poles uprooted causing disruption in vehicular traffic & power supply.,IMD,2017.0,8.0,1.0
2017-08-06,2017-08-06,2.0,Heavy Rains,Idukki,Kerala,,,2.0,0.0,0.0,0.0,Several trees/electric poles uprooted causing disruption in vehicular traffic & power supply.,IMD,2017.0,8.0,2.0
2017-09-05,2017-09-07,3.0,Heavy Rains,"Thiruvananthapuram, Wayanad",Kerala,,,0.0,0.0,0.0,2000.0,i) Damage to Paddy crops reported. ii) Damage to 13 houses reported. 200 houses inundated. iii) Vehicular traffic disrupted due to water logging in many areas. iv) Hundreds of Rubber trees/electric poles uprooted causing disruption in vehicular traffic & power supply.,IMD,2017.0,9.0,0.0
2017-09-08,2017-09-10,3.0,Heavy Rains,"Idukki, Kozhikode,  Thiruvananthapuram",Kerala,,,6.0,0.0,0.0,0.0,i) Damage to 5 houses including household items reported. ii) Damage to X Ray machine reported. iii) Disruption in Rail & vehicular traffic reported due to water logging.,IMD,2017.0,9.0,6.0
2017-11-02,2017-11-03,2.0,Heavy Rains,Thiruvananthapuram,Kerala,,,0.0,0.0,0.0,0.0,i) Eight houses were Flooded ii) Rubber Trees submerged in rain. iii) Several trees/electric poles uprooted causing disruption in vehicular traffic & power supply,IMD,2017.0,11.0,0.0
2017-11-05,2017-11-06,2.0,Heavy Rains,"Kozhikode,  Thiruvananthapuram",Kerala,,,0.0,0.0,0.0,0.0,i) Damage to crops reported. ii) 15 houses flooded.,IMD,2017.0,11.0,0.0
2017-05-03,2017-05-03,1.0,Heavy Rains,"Kolhapur, Dharashiv, Sangli",Maharashtra,,,1.0,3.0,0.0,20.0,i) Damage to Mango trees reported. ii) Loss of Rs.17 Lakhs reported. iii) More than 10 houses damaged,IMD,2017.0,5.0,4.0
2017-08-09,2017-08-10,2.0,Heavy Rains,"Bhandara, Nagpur",Maharashtra,,,0.0,0.0,0.0,0.0,i) Many areas submerged. ii) Roofs of many houses blown away. iii) Damage to vehicles reported. iv) Several trees/electric poles uprooted causing disruption in vehicular traffic & power supply.,IMD,2017.0,8.0,0.0
2017-06-02,2017-06-02,1.0,Heavy rains & Flood in Tizu river,Phek,Nagaland,,,2.0,2.0,0.0,0.0,i) Paddy fields in Mellury village washed away. ii) 2 bridges washed away.,IMD,2017.0,6.0,4.0
2017-08-02,2017-08-02,1.0,Heavy Rains/Floods,Jajapur,Odisha,,,1.0,0.0,0.0,0.0,,IMD,2017.0,8.0,1.0
2017-07-01,2017-07-01,1.0,Heavy Rains,Pali,Rajasthan,,,1.0,0.0,0.0,0.0,,IMD,2017.0,7.0,1.0
2017-08-08,2017-08-08,1.0,Heavy Rains,Baran,Rajasthan,,,8.0,0.0,0.0,0.0,,IMD,2017.0,8.0,8.0
2017-09-12,2017-09-12,1.0,Heavy Rains,Jodhpur,Rajasthan,,,2.0,0.0,0.0,0.0,,IMD,2017.0,9.0,2.0
2017-09-01,2017-09-01,1.0,Heavy Rains,Thiruvallur,Tamil Nadu,,,0.0,0.0,0.0,0.0,i) Compound wall of Sevvaitpet Police station collapsed. ii) Vehicles damaged.,IMD,2017.0,9.0,0.0
2017-09-06,2017-09-06,1.0,Floods & Heavy Rains,"Coimbatore, Nagapattinam, Tiruppur",Tamil Nadu,,,3.0,1.0,0.0,37.0,i) Compound wall of railway station collapsed. ii) Many trees/electric poles uprooted causing disruption in vehicular traffic & power supply.,IMD,2017.0,9.0,4.0
2017-10-04,2017-10-05,2.0,Heavy Rains,Krishnagiri,Tamil Nadu,,,5.0,0.0,0.0,0.0,Several trees/electric poles uprooted causing disruption in vehicular traffic & power supply.,IMD,2017.0,10.0,5.0
2017-10-12,2017-10-12,1.0,Heavy rains & Flood in Palar river,Vellore,Tamil Nadu,,,2.0,0.0,0.0,0.0,"i) Palar river Bridge collapsed. ii) 3 motorcycles,auto-rikshaw washed away.",IMD,2017.0,10.0,2.0
2017-11-02,2017-11-04,3.0,Heavy Rains,"Chennai, Cuddalore, Kanniyakumariumari, Karaikal, Nagarkoil, Tirunelveli",Tamil Nadu,,,10.0,0.0,0.0,0.0,"i) Thousands hectares of paddy cultivated fields in Cuddalore, Karaikal & Tirunelvelii districts were submerged. ii) Several trees/electric poles uprooted causing disruption in vehicular traffic & power supply.",IMD,2017.0,11.0,10.0
2017-05-07,2017-05-07,1.0,Heavy Rains,Warangal,Telangana,,,0.0,0.0,0.0,0.0,Damage to Paddy crops reported.,IMD,2017.0,5.0,0.0
2017-06-02,2017-06-02,1.0,Unknown,West Tripura,Tripura,,,0.0,0.0,0.0,0.0,"i) Huge damage to standing crops,vegetables reported. ii) Several trees/electric poles uprooted causing damage to communication & power supply.",IMD,2017.0,6.0,0.0
2017-06-04,2017-06-04,1.0,Landslide,West Tripura,Tripura,,,5.0,0.0,0.0,0.0,"2,000 people rendered homeless.",IMD,2017.0,6.0,5.0
2017-08-11,,3.0,Heavy Rains,West Tripura,Tripura,,,3.0,13.0,0.0,0.0,,IMD,2017.0,8.0,16.0
2017-07-08,2017-07-08,1.0,Heavy Rains,"Bara Banki, Gonda",Uttar Pradesh,,,2.0,0.0,0.0,0.0,Paddy crops damaged.,IMD,2017.0,7.0,2.0
2017-07-11,2017-07-11,1.0,Heavy Rains,"Bahraich, Bara Banki, Kheri",Uttar Pradesh,,,10.0,12.0,0.0,0.0,Paddy crops damaged.,IMD,2017.0,7.0,22.0
2017-09-04,2017-09-10,7.0,"Heavy rain & flood in Ghaghara, Gomati & Rapti rivers","Azamgarh, Amethi, Bahraich, Ballia, Basti, Bhadohi, Chandauli, Deoria, Ayodhya, Ghazipurr, Gorakhpur, Jaunpur, Kushinagar, Kheri, Mahrajganj, Mau, Mirzapur, Pilibhit, Sant Kabir Nagar, SShrawasti, Siddharthnagar, Sonbhadra, Varanasi",Uttar Pradesh,,,110.0,0.0,0.0,92.0,"i) 29.22 lakh population of 3,133 villages from Twenty Four districts affected. ii) Crop land of area 3,13,997.03 hectares affected. iii) Many shops, 946 houses completely, 1818 houses partially & 13036 huts damaged.",IMD,2017.0,9.0,110.0
2017-08-08,,7.0,Flood,"Jalpaiguri, Cooch Behar, North westduar, Maldah, North,Dakshin Dinajpur, Darjeeling,",West Bengal,,,32.0,0.0,0.0,104.0,i) Crop land of area 293770 hectares affected. ii) About 40 lakhs people affected. iii) Damage to around 1.5 lakh houses reported. iv) Rail transport disrupted for 2 weeks.,IMD,2017.0,8.0,32.0
2018-05-01,2018-05-01,1.0,Heavy Rains & Cloudburst,"East Godavari, Guntur, Srikakulam, Vizianagaram",Andhra Pradesh,,,6.0,0.0,0.0,0.0,"i) Damage to Paddy harvest, Mango & Banana plantations reported. ii) Damage to heavy loss of property reported. iii) Low lying areas flooded.",IMD,2018.0,5.0,6.0
2018-08-01,,31.0,Flood & Landslide,"Barpeta, Biswanath, Charaideo, Darrang, Dhemaji, Golaghat, Lakhimpur, Sivasagar, Tinsukia, Udalguri",Assam,,,14.0,0.0,0.0,34.0,"i) Crop land of area more than 10,991 hectares submerged. ii) More than 1,09,000 population of more than 200 villages in 10 districts affected. iii) Damage to roads, sub ways reported",IMD,2018.0,8.0,14.0
2018-09-01,,30.0,"Heavy rains/Flood (Brahmaputra,tributaries)","Barpeta, Biswanath, Chirang, Dibrugarh, Dhemaji, Golaghat, Karbi Anglong, Lakhimpur,Majuli, Udalguri",Assam,,,3.0,0.0,0.0,45900.0,i) 142000 population of more than 300 villages in 9 districts affected. ii) More than 11500 hectares of Crop land affected. iii) Damage to roads reported.,IMD,2018.0,9.0,3.0
2018-08-12,,2.0,Heavy rains & Landslide,Parts of Himachal Pradesh,Himachal Pradesh,,,16.0,0.0,0.0,0.0,"i) Hundreds of people stranded across the state. ii) The Mandi-Pathankot, the Chamba-Pathankot,the Shimla-Nahan national highways remain closed.",IMD,2018.0,8.0,16.0
2018-05-09,2018-05-09,1.0,Cloudburst,"Poonch, Rajouri",Jammu & Kashmir,,,0.0,0.0,0.0,60.0,Damage to standing crops & around a dozen orchards reported,IMD,2018.0,5.0,0.0
2018-07-03,2018-07-03,1.0,"Heavy rains & Landslide, Flash Flood","Ganderbal,Pulwama",Jammu & Kashmir,,,3.0,4.0,0.0,0.0,i) Several hectares of paddy fields inundated in Naristan & Gutroo villages of Tral Tehsil. ii) Damage to a house reported. iii) The road in nearby Aripal village of the district washed away.,IMD,2018.0,7.0,7.0
2018-08-09,2018-08-09,1.0,Heavy rains & Cloudburst,Leh ladakh,Jammu & Kashmir,,,0.0,0.0,0.0,0.0,Damage to several houses & other property reported.,IMD,2018.0,8.0,0.0
2018-11-03,2018-11-03,1.0,Landslide,Rajouri,Jammu & Kashmir,,,1.0,4.0,0.0,0.0,,IMD,2018.0,11.0,5.0
2018-11-05,2018-11-05,1.0,Landslide,Ramban,Jammu & Kashmir,,,3.0,0.0,0.0,0.0,Damage to truck at Battery Chasma on National Highway reported,IMD,2018.0,11.0,3.0
2018-05-10,2018-05-10,1.0,Heavy rains,"Bengaluru Urban, Chitradurga , Dharwad, Uttar Kashia Kannada",Karnataka,,,0.0,0.0,0.0,0.0,"i) Damage to coconut, Arecanut, Mango,Banana plantations reported. ii) Damage to many houses reported.",IMD,2018.0,5.0,0.0
2018-06-02,2018-06-02,1.0,Heavy rains,"Bengaluru Urban, Belagavi",Karnataka,,,2.0,3.0,0.0,0.0,i) Vehicular traffic affected due to water logging. ii) Several trees/electric poles uprooted causing vehicular traffic & power supply disruption.,IMD,2018.0,6.0,5.0
2018-06-03,2018-06-04,2.0,Heavy rains,"Ballari, Dharwad, Gadag",Karnataka,,,0.0,0.0,0.0,0.0,i) Damage to crops reported. ii) A bridge on Sauundatti road collapsed. iii) Several trees/electric poles uprooted causing vehicular traffic & power supply disruption.,IMD,2018.0,6.0,0.0
2018-06-08,2018-06-11,4.0,Heavy rains,"Bengaluru Rural, Chikkamagaluru, Dakshina Kannada, Kodagu, Uttar Kashia Kannada",Karnataka,,,2.0,5.0,0.0,0.0,i) Agricultural field inundated. ii) A temporary bridge washed away in Uttara Kannada Dist. iii) Several trees/electric poles uprooted causing vehicular traffic & power supply disruption.,IMD,2018.0,6.0,7.0
2018-06-12,,3.0,Heavy rains,"Chikkamagaluru, Kodagu, Shivamogga, Uttar Kashia Kannada",Karnataka,,,0.0,4.0,0.0,0.0,"i) Areca nut plantation, Ginger seeding washed away. Paddy fields inundated. ii) Damage to several houses reported. iii) Several trees/electric poles uprooted causing vehicular traffic & power supply disruption.",IMD,2018.0,6.0,4.0
2018-08-01,,22.0,Heavy rains / Floods,"Chikkamagaluru, Dakshina Kannada, Hassan, Kodagu, Mysuru, Shivamogga, Udupi, Uttar Kashia Kannada",Karnataka,,,8.0,0.0,50.0,0.0,"i) About 4,320 marooned people have been safely evacuated from the worst hit district Kodagu. ii) Damage to several houses reported. Many people shifted to relief camps. iii) About 60 Dogra Regiment soldiers,12 expert naval divers rescued 873 marooned people in the flood-hit district. iv) Schools,colleges have remained closed. v) Roads severely damaged, leaving communities isolated.",IMD,2018.0,8.0,58.0
2018-08-01,,30.0,Heavy rains / Floods,"Alappuzha, Ernakulam, Idukki, Kannur, Kasaragod, Kollam, Kottayam, Kozhikode, Malappuram, Palakkad, Pathanamthitta, Thrissur, Thiruvananthapuram, Wayanad",Kerala,,,339.0,0.0,0.0,847209.0,"i) Damage to 59345.37 hectares of crops of estimated cost of about 7357.104 lakhs rupees reported. ii) Damage to total of 1,11,356 urban houses in urban areas,6,92,848 houses in grama panchayaths in Alappuzha, Ernakulam, Kottayam, Pathanamthitta, Thrissur,Wayanad districts reported iii) Damage to fishing assets such as boats,nets reported. iv) 5 major Hydro Stations,7 small hydro-electric power projects in the State were impacted. Damage in the transmission wing includes 50 Substations. Viz. 22 Stations got submerged, control Systems got v) damaged, 10 Power Transformers inundated,10 Major Transmission Corridors interrupted. In Distribution Sector around 284 Electrical Sections in 6 Districts impacted, around 1000 Distribution Transformers submerged, 3500 km Distribution lines destroyed, 30,000 electric poles damaged, 5 lakhs single phase,1 lakh three phase energy meters damaged. vi) Some roads,bridges completely washed away. Damage to Irrigation canals, Public Taps, Pipelines, Pump houses, check dams, Bunds, Irrigation Pumps,other irrigation machineries,structures reported.",IMD,2018.0,8.0,339.0
2018-07-12,2018-07-12,1.0,Heavy rains,"Burhanpur, Harda",Madhya Pradesh,,,1.0,0.0,0.0,0.0,Damage to 80 houses reported,IMD,2018.0,7.0,1.0
2018-09-04,2018-09-04,1.0,Flood in Besla river,Bhind,Madhya Pradesh,,,4.0,0.0,0.0,0.0,Damage to car reported.,IMD,2018.0,9.0,4.0
2018-02-12,2018-02-12,1.0,Floods & Heavy rains,"Nagpur, Yavatmal",Maharashtra,,,0.0,0.0,0.0,0.0,"i) Damage to Wheat, Gram crops reported. ii) Damage to Mango trees at flowering stage reported.",IMD,2018.0,2.0,0.0
2018-06-01,2018-06-02,2.0,Heavy rains,"Nashik, Pune",Maharashtra,,,0.0,0.0,0.0,0.0,"i) Damage to crops including Tomato, Mango &Grapes reported. ii) Damage to houses reported. iii) Damage to vehicles reported.",IMD,2018.0,6.0,0.0
2018-06-06,2018-06-06,1.0,Heavy rains,Pune,Maharashtra,,,1.0,0.0,0.0,0.0,i) Damage to more than 7 vehicles including rickshaw reported. ii) Several trees uprooted causing disruption in vehicular traffic.,IMD,2018.0,6.0,1.0
2018-06-10,2018-06-10,1.0,Heavy rains,Thane,Maharashtra,,,5.0,0.0,0.0,0.0,,IMD,2018.0,6.0,5.0
2018-06-11,2018-06-11,1.0,Floods & Heavy rains,Nagpur,Maharashtra,,,0.0,0.0,0.0,0.0,i) Damage to several acers of cropland reported. ii) Some small bridges submerged. iii) Several trees/electric poles uprooted causing disruption in vehicular traffic & power supply.,IMD,2018.0,6.0,0.0
2018-07-03,2018-07-03,1.0,Floods & Heavy rains,Mumbai,Maharashtra,,,1.0,5.0,0.0,0.0,i) Damage to Ghokhale bridge reported. ii) Rail & Air services disrupted. Flight cancelled.,IMD,2018.0,7.0,6.0
2018-07-07,2018-07-07,1.0,Floods & Heavy rains,Nagpur,Maharashtra,,,4.0,0.0,0.0,0.0,"i) 450 students rescued,shifted to safer places. ii) Air,Rail traffic disrupted.",IMD,2018.0,7.0,4.0
2018-07-08,2018-07-08,1.0,Floods & Heavy rains,"Chandrapur, Nagpur, Wardha",Maharashtra,,,3.0,2.0,0.0,7.0,Around 3700 families shifted to safer places,IMD,2018.0,7.0,5.0
2018-07-10,2018-07-10,1.0,Floods & Heavy rains,"Amravati, Mumbai",Maharashtra,,,1.0,0.0,0.0,0.0,"i) Damage to Standing crops reported. ii) Damage to 35 houses partially,40 houses completely reported. iii) Water logging in Mumbai.",IMD,2018.0,7.0,1.0
2018-07-11,2018-07-11,1.0,Floods & Heavy rains,Yavatmal,Maharashtra,,,4.0,0.0,0.0,0.0,,IMD,2018.0,7.0,4.0
2018-07-11,2018-07-11,1.0,Landslide,Tamenglong,Manipur,,,5.0,0.0,2.0,0.0,i) Many people shifted to safer places. ii) Damage to NH-2 reported.,IMD,2018.0,7.0,7.0
2018-08-01,,31.0,Heavy Rains & Flash floods,"Kiphire, Kohima, Zunheboto",Nagaland,,,12.0,0.0,0.0,0.0,i) Around 4000 families from about 400 villages shifted to safer places. ii) Kiphire district in eastern Nagaland cut off from all sides. iii) 8 Km road washed away.,IMD,2018.0,8.0,12.0
2018-09-08,2018-09-08,1.0,Heavy rains,"Baran, Jhalawar, Kota",Rajasthan,,,3.0,0.0,0.0,0.0,i) Damage to about 10 houses reported. ii) Several trees/electric poles uprooted causing disruption in vehicular traffic & power supply.,IMD,2018.0,9.0,3.0
2018-09-09,2018-09-09,1.0,Heavy rains / Floods,Baran,Rajasthan,,,2.0,0.0,0.0,0.0,,IMD,2018.0,9.0,2.0
2018-04-06,2018-04-06,1.0,Heavy Rains,"Agra, Ambedkar Nagar, Bahraich, Bara Banki, Kushinagar, Mathura, Rae Bareli, SShrawasti, Sitapur",Uttar Pradesh,,,1.0,0.0,0.0,0.0,"i) Crop-land of about 20 % damaged. [ Total Area 21942 hectares viz. from Agra �������� 3102 hectares, Kushinagar �������� 3462 hectares, Mathura �������� 8785 hectares, Shrawasti ��������6575 hectares ] ii) Several trees/electric poles uprooted causing disruption in vehicular traffic & power supply.",IMD,2018.0,4.0,1.0
2018-04-11,2018-04-11,1.0,Heavy Rains,"Agra, Firozabad, Mathura, Sultanpur",Uttar Pradesh,,,17.0,0.0,0.0,0.0,i) Damage to crops reported. ii) Many houses damaged. iii) Several trees/electric poles uprooted causing disruption in vehicular traffic & power supply.,IMD,2018.0,4.0,17.0
2018-06-08,2018-06-08,1.0,Heavy Rains,Parts of Uttar Pradesh,Uttar Pradesh,,,10.0,0.0,0.0,0.0,i) Many houses damaged. ii) Several trees/electric poles uprooted causing disruption in vehicular traffic & power supply.,IMD,2018.0,6.0,10.0
2018-07-11,2018-07-11,1.0,Unknown,Parts of Uttar Pradesh,Uttar Pradesh,,,7.0,6.0,1.0,0.0,i) Damage to crops reported. ii) Damage to many houses reported. iii) Several trees/electric poles uprooted causing disruption in vehicular traffic & power supply.,IMD,2018.0,7.0,14.0
2018-08-01,2018-08-01,1.0,Heavy Rains & Floods (Ganga & tributaries),"Agra, Bara Banki, Firozabad, Hardoi, Kanpur nagar Dehat, Mainpuri, Rae Bareli",Uttar Pradesh,,,13.0,0.0,0.0,0.0,"i) Damage to crops reported. ii) Damage to many houses reported. Also, more than 45 houses damaged from Agra & Mainpuri Dist.",IMD,2018.0,8.0,13.0
2018-08-02,2018-08-02,1.0,Heavy Rains & Floods (Ganga & tributaries),"Prayagraj, Ambedkar Nagar, Amethi,  Ayodhya, Bahraich, Balrampur, Bara Banki, Basti, Ayodhya, Fatehpur, Gonda, Hardoi, Jaunpur, Kanpur nagar Nagar,Kanpur nagar Dehat, Kaushambi, Kheri, Lucknow, Mathura, Pratapgarh, Rae Bareli, Sant Kabir Nagar,Shrawasti, Siddharthnagar, Sitapur, Sultanpur, Unnao, Varanasi",Uttar Pradesh,,,11.0,0.0,0.0,0.0,i) Damage to crops reported. ii) Damage to many houses reported.,IMD,2018.0,8.0,11.0
2018-08-03,2018-08-03,1.0,Heavy Rains & Floods (Ganga & tributaries),"Amethi, Azamgarh, Gonda, Lucknow",Uttar Pradesh,,,10.0,0.0,0.0,0.0,i) Damage to crops reported. ii) Damage to more than 48 houses reported. iii) Damage to National high way reported.,IMD,2018.0,8.0,10.0
2018-08-04,2018-08-04,1.0,Heavy Rains & Floods (Ganga & tributaries),"Budaun, Chandauli, Hardoi, Kheri, Mirzapur, Shahjahanpur, Unnao",Uttar Pradesh,,,8.0,0.0,0.0,0.0,i) Damage to crops reported. ii) Damage to many houses reported. iii) Damage to Express way reported.,IMD,2018.0,8.0,8.0
2018-08-05,2018-08-05,1.0,Heavy Rains & Floods (Ganga & tributaries),"Bara Banki, Ghazipurr, Gorakhpur, Hardoi, Rampur, Sultanpur",Uttar Pradesh,,,13.0,0.0,0.0,0.0,i) Damage to crops reported. ii) Damage to many houses & cow shed reported.,IMD,2018.0,8.0,13.0
2018-08-06,2018-08-06,1.0,Heavy Rains & Floods (Rapti river),"Bahraich, Balrampur",Uttar Pradesh,,,2.0,45.0,0.0,0.0,i) Damage to crops reported. ii) A bus washed away in Balrampur Dist.,IMD,2018.0,8.0,47.0
2018-08-12,2018-08-12,1.0,Heavy Rains & Floods (Ganga & tributaries),"Budaun, Hardoi, Kheri, Sitapur",Uttar Pradesh,,,5.0,4.0,0.0,0.0,i) Damage to cropland reported. ii) Damage to many houses reported.,IMD,2018.0,8.0,9.0
2018-09-01,2018-09-01,1.0,Heavy Rains & Floods (Ganga & tributaries),"Auraiya, Banda, Bara Banki, Chitrakoot, Fatehpur, Firozabad,Ghaziabad, Hamirpur, Jalaun, Jhansi, Shamli, Kasganj, Lalitpur, Mahoba, Sambhal, Unnao, Central Part of Uttar Kashi Pradesh",Uttar Pradesh,,,11.0,10.0,0.0,12.0,i) Damage to Sugarcane & other crops reported. ii) Damage to more than 100 houses reported. iii) Many persons shifted to safer places. iv) Rail traffic disrupted. v) Several trees/electric poles uprooted causing disruption in vehicular traffic & power supply.,IMD,2018.0,9.0,21.0
2018-09-02,2018-09-02,1.0,Heavy Rains & Floods (Ganga & tributaries),"Firozabad, Jalaun, Jhansi, Lalitpur, Shamli, Unnao",Uttar Pradesh,,,8.0,12.0,0.0,6.0,i) Damage to Sugarcane & other crops reported. ii) About 1.48 lakhs people from 388 villages affected. iii) Damage to about 469 houses reported. iv) Rail traffic disrupted. v) Several trees/electric poles uprooted causing disruption in vehicular traffic & power supply.,IMD,2018.0,9.0,20.0
2018-09-04,2018-09-04,1.0,Heavy Rains & Floods (Ganga & tributaries),"Ambedkar Nagar, Auraiya, Bara Banki, Etawah, Farrukhabad, Ayodhya, Gonda, Hardoi, Kannauj, Kanpur nagar Dehat, Kanpur nagar Nagar, Kheri, Lucknow, Rae Bareli, Sitapur, Sultanpur, Unnao",Uttar Pradesh,,,11.0,0.0,0.0,3.0,i) Damage to Sugarcane & other crops reported. ii) Damage to many houses reported. iii) Several trees/electric poles uprooted causing disruption in vehicular traffic & power supply.,IMD,2018.0,9.0,11.0
2018-09-05,2018-09-05,1.0,Heavy Rains & Floods (Ganga & tributaries),"Auraiya, Etah, Hardoi, Kannauj, Kanpur nagar Dehat, Unnao",Uttar Pradesh,,,18.0,5.0,0.0,0.0,i) Damage to Sugarcane & other crops reported. ii) Several families affected & shifted to safer places. iii) Damage to many houses reported. iv) Rail traffic disrupted. v) Several trees/electric poles uprooted causing disruption in vehicular traffic & power supply.,IMD,2018.0,9.0,23.0
2018-09-06,2018-09-06,1.0,Heavy Rains & Floods (Gaumati River),"Auraiya, Bara Banki, Etawah, Farrukhabad, Hardoi, Kannauj, Kanpur nagar Dehat, Kanpur nagar Nagar, Kheri, Lucknow, Rae Bareli, Sitapur, Unnao",Uttar Pradesh,,,0.0,0.0,0.0,0.0,i) Damage to crops & vegetables reported. ii) Damage to 74 houses reported. iii) Several trees/electric poles uprooted causing disruption in vehicular traffic & power supply..,IMD,2018.0,9.0,0.0
2018-09-07,2018-09-07,1.0,Heavy Rains,"Auraiya, Bara Banki, Etawah, Farrukhabad, Hardoi, Kannauj, Kanpur nagar Dehat, Kanpur nagar Nagar, Kheri, Lucknow, Rae Bareli, Sitapur, Unnao",Uttar Pradesh,,,2.0,0.0,0.0,6.0,i) Damage to crops reported. ii) Damage to more than 400 houses reported. iii) Several trees/electric poles uprooted causing disruption in vehicular traffic & power supply,IMD,2018.0,9.0,2.0
2018-09-09,2018-09-09,1.0,Heavy Rains & Floods,"Azamgarh, Ballia, Varanasi",Uttar Pradesh,,,6.0,0.0,0.0,0.0,i) Damage to houses reported. ii) Several trees/electric poles uprooted causing disruption in vehicular traffic & power supply..,IMD,2018.0,9.0,6.0
2018-07-11,2018-07-11,1.0,Heavy Rains,Dehradun,Uttarakhand,,,7.0,0.0,0.0,0.0,,IMD,2018.0,7.0,7.0
2019-06-01,,30.0,Heavy rains & floods,"Chirang, Dhemaji, Dibrugarh, Jorhat, Nalbari",Assam,,,0.0,0.0,0.0,11000.0,i) Cropland of area more than 650 hectares affected. ii) More than 6000 population of 5 districts affected.,IMD,2019.0,6.0,0.0
2019-07-10,,20.0,"Heavy rains & Flood (Brahmaputra,tributaries)","Baksa, Barpeta, Biswanath, Bongaigaon, Cachar, Chirang, Darrang, Dibrugarh, Dhemaji, Dhubri, Goalpara, Golaghat, Hailakandi, Hojai, Jorhat, Karbi Anglong, Kamrup, Karimganj, Kamrup Metro, Kokrajhar, Lakhimpur, Majuli, Marigaon, Nagaon, Nalbari, Sivasagar, Sonitpur, South Salmara Mancachar - Mankachar, Tinsukia, Udalguri",Assam,,,88.0,0.0,0.0,3200000.0,"i) Crop land of area more than 2,12,000 hectares affected. ii) More than 57,51,000 population of more than 4600 villages in 30 districts affected. iii) Damage to roads, RCC Bridge/Culvert, sub ways, Electric Lines & Transformers at many places reported. Also, the road connectivity is blocked.",IMD,2019.0,7.0,88.0
2019-08-01,,6.0,Heavy rains & floods,"Barpeta, Biswanath, Charaideo, Chirang, Darrang, Dhemaji, Dibrugarh, Jorhat, Kamrup, Lakhimpur, Marigaon, Nagaon",Assam,,,6.0,0.0,0.0,514000.0,"i) Cropland of area more than 43,300 hectares affected. ii) More than 3,60,000 population of more than 450 villages in 12 districts affected. iii) Damage to roads, RCC Bridge, sub ways, reported. Also, the road connectivity is blocked.",IMD,2019.0,8.0,6.0
2019-07-11,2019-07-11,1.0,Heavy Rains,"Buxar, Madhepura, Siwan",Bihar,,,4.0,0.0,0.0,0.0,Damage to property reported.,IMD,2019.0,7.0,4.0
2019-07-12,,3.0,Heavy rains & floods,"Araria, Darbhanga, Purbi Champaran, Katihar, Kishanganj, Madhepura, Madhubani, Purnia, Saharsa, Sheohar, Sitamarhi, Siwan, Supaul, Vaishali, Pashchim Champaran",Bihar,,,63.0,0.0,0.0,0.0,i) Damage to agricultural crops reported. ii) Damage to property reported.,IMD,2019.0,7.0,63.0
2019-08-01,2019-08-01,1.0,Heavy Rains,Saran,Bihar,,,1.0,0.0,0.0,0.0,,IMD,2019.0,8.0,1.0
2019-10-01,2019-10-01,1.0,Heavy Rains,"Arwal , Begusarai, Bhagalpur, Bhojpur, Buxar, Darbhanga, Jehanabad, Katihar, Khagaria, Lakhisarai, Nawada, Nalanda, Patna, Samastipur, Vaishali",Bihar,,,42.0,0.0,0.0,0.0,i) Damage to agricultural crops reported. ii) Damage to property reported. iii) Water logging in many areas reported.,IMD,2019.0,10.0,42.0
2019-10-02,2019-10-03,2.0,Heavy Rains,"Begusarai, Bhojpur, Buxar, Nalanda, Patna, Siwan",Bihar,,,11.0,0.0,0.0,0.0,i) Damage to agricultural crops reported. ii) Damage to property reported. iii) Water logging in many areas reported. iv) Many trees/electric poles uprooted causing disruption in vehicular traffic & power supply.,IMD,2019.0,10.0,11.0
2019-09-07,2019-09-07,1.0,Heavy Rains,Bastar,Chhattisgarh,,,4.0,0.0,0.0,0.0,Damage to 108 houses reported.,IMD,2019.0,9.0,4.0
2019-08-09,2019-08-09,1.0,Heavy Rains & Floods,North Goa,Goa,,,1.0,0.0,0.0,0.0,150 families shifted to safer places.,IMD,2019.0,8.0,1.0
2019-08-01,2019-08-01,1.0,Heavy Rains & Floods (Vishwamitri river),Vadodara,Gujarat,,,5.0,0.0,0.0,0.0,"i) At least 5,000 people from low-lying places,marooned localities shifted to safer places. ii) Most of the areas in the Vadodara city remained submerged.",IMD,2019.0,8.0,5.0
2019-08-07,,8.0,Heavy Rains & Floods,"Amreli, Arvalli, Bhavnagar, Surat, Surendranagar, Vadodara",Gujarat,,,16.0,0.0,0.0,0.0,Damage to many houses reported,IMD,2019.0,8.0,16.0
2019-08-09,2019-08-09,1.0,Heavy Rains,Kheda,Gujarat,,,4.0,5.0,0.0,0.0,Complete damage to a three-storey building in Nadiad town reported.,IMD,2019.0,8.0,9.0
2019-08-10,2019-08-10,1.0,Heavy Rains,Ahmedabad,Gujarat,,,4.0,0.0,0.0,0.0,Damage to houses reported,IMD,2019.0,8.0,4.0
2019-08-12,2019-08-12,1.0,Heavy Rains & Floods,Devbhumi Dwarka Dwarka,Gujarat,,,5.0,0.0,0.0,0.0,,IMD,2019.0,8.0,5.0
2019-08-01,,31.0,Heavy Rains & Floods,"Amreli, Bharuch,Dangs, Gir Somnath, Junagadh, Kachchh, Navsari, Tapi",Gujarat,,,73.0,0.0,0.0,0.0,,IMD,2019.0,8.0,73.0
2019-09-01,,30.0,Heavy Rains & Floods,"Bhavnagar, Botad, Gandhinagar, Gir Somnath, Junagadh, Kachchh, Narmada, Patan, Tapi",Gujarat,,,43.0,0.0,0.0,0.0,"i) 20 districts worst affected. ii) Many people evacuated & shifted to safer places. iii) 18 NDRF teams, 11 State Disaster Response Force (SDRF) teams deployed in recsue operation.",IMD,2019.0,9.0,43.0
2019-08-08,2019-08-08,1.0,Cloudburst,Kinnaur,Himachal Pradesh,,,0.0,0.0,0.0,0.0,"i) Extensive damage to Apple crops from Kanan, Sangla Valley of about 15 crores reported. ii) Damage to bridge reported. iii) Damage to more than 18 houses reported.",IMD,2019.0,8.0,0.0
2019-10-01,2019-10-02,2.0,Heavy Rains,"Ranchi, Sahebganj",Jharkhand,,,5.0,0.0,0.0,0.0,,IMD,2019.0,10.0,5.0
2019-04-01,2019-04-01,1.0,Heavy Rains,Kodagu,Karnataka,,,0.0,0.0,0.0,0.0,Pepper laid on ground for drying washed away.,IMD,2019.0,4.0,0.0
2019-05-06,2019-05-06,1.0,Heavy Rains,"Hassan, Mysuru",Karnataka,,,0.0,0.0,0.0,0.0,"i) Roofs of houses blown away. ii) Trees,electric poles uprooted.",IMD,2019.0,5.0,0.0
2019-07-06,2019-07-07,1.0,Heavy Rains,Chikkaballapura,Karnataka,,,0.0,0.0,0.0,0.0,"i) Paddy fields inundated. ii) Several trees,electric poles uprooted.",IMD,2019.0,7.0,0.0
2019-08-01,2019-08-03,3.0,Heavy Rains & Floods in Krishna & its tributaries,Belagavi,Karnataka,,,0.0,0.0,0.0,0.0,i) Extensive damage to Paddy fields reported. ii) Several villages marooned,IMD,2019.0,8.0,0.0
2019-08-05,2019-08-08,4.0,Heavy Rains & Floods in Krishna & its tributaries,"Belagavi, Chikkaballapura, Dakshina Kannada, Dharwad, Kodagu, Raichur, Shivamogga, Udupi, Uttar Kashia Kannada, Yadgir",Karnataka,,,10.0,0.0,0.0,0.0,"i) Damage to Sugarcane,Tur crops reported. ii) Damage to houses reported. iii) Several villages marooned. iv) Several trees uprooted.",IMD,2019.0,8.0,10.0
2019-08-10,2019-08-11,2.0,Heavy Rain,"Bagalkotee Belagavi, Ballari, Chikkaballapura, Kodagu",Karnataka,,,0.0,0.0,0.0,274.0,"i) A vast track of paddy fields,banana plantation submerged. ii) Several villages inundated.",IMD,2019.0,8.0,0.0
2019-09-07,2019-09-07,1.0,Heavy Rain,Belagavi,Karnataka,,,1.0,0.0,0.0,0.0,,IMD,2019.0,9.0,1.0
2019-10-06,2019-10-06,1.0,Heavy Rain,Bagalkote,Karnataka,,,3.0,0.0,0.0,0.0,,IMD,2019.0,10.0,3.0
2019-06-09,,5.0,Heavy Rain,Thiruvananthapuram,Kerala,,,2.0,0.0,0.0,0.0,"i) Damage to agriculture crops, thousands of banana crops, coconut trees,rubber trees reported. Also, 150 year old huge Banyan tree uprooted. ii) Low lying areas,cultivated land submerged. iii) Damage to more than 100 houses reported. iv) Damage to vehicles, electric-cables, household appliances, seaside road & fishing equipments reported. v) About 200 families shifted to safer areas / relief camps. vi) Loss of 4 lakhs reported",IMD,2019.0,6.0,2.0
2019-06-12,2019-06-12,1.0,Heavy Rain,"Ernakulam, Malappuram",Kerala,,,0.0,0.0,0.0,0.0,i) Damage to many houses & Dairy-farm reported. ii) Hundreds of people living along the coast evacuated.,IMD,2019.0,6.0,0.0
2019-07-10,2019-07-10,1.0,Landslide,Kottayam,Kerala,,,0.0,0.0,0.0,0.0,i) Damage to a house reported. ii) Transport disrupted.,IMD,2019.0,7.0,0.0
2019-08-04,2019-08-06,3.0,Heavy rains & Landslip,Wayanad,Kerala,,,0.0,0.0,0.0,0.0,i) Bridge washed away. ii) Huge iron-pipe broke. iii) People shifted to safer places.,IMD,2019.0,8.0,0.0
2019-08-07,2019-08-07,1.0,Heavy rains,Thiruvananthapuram,Kerala,,,0.0,0.0,0.0,0.0,"i) Damage to 4 houses reported. ii) Damage to several vehicles reported. iii) Damage to boats reported. iv) Rail-traffic disrupted. v) Several trees, electric / telephone poles uprooted causing disruption in communication,power supply.",IMD,2019.0,8.0,0.0
2019-08-08,2019-08-08,1.0,"Heavy rains, Floods (Muvattupuzha & Kabani river) & Landslip","Ernakulam, Idukki, Kannur, Kasaragod, Kozhikode, Malappuram, Palakkad, Thiruvananthapuram, Thrissur, Wayanad",Kerala,,,23.0,10.0,40.0,0.0,"Ernakulam : i) Apron area of Kochi International Airport & the taxi way of CIAL flooded. ii) Air traffic disrupted. iii) Muvattupuzha River flooded. Idukki : i) Damage to around 500 houses reported. ii) Damage to shed reported. iii) Landslide occurred in 30 places. iv) Landslip occurred at 70 places. v) Munnar, Marayur & Mankulam areas isolated due to floodin Kannur : i) Several areas of Sreekanthapuram, Kellakom, Kottiyoor, Ambayathode, Mattannur, Mannur, Iritty,,Vallithode flooded. ii) Traffic disrupted due to landslide. Kasaragod : i) 25 families isolated, as cut-off from main land. ii) Road traffic disrupted. Kozhikode : i) Landslide occurred 4 times. ii) 4 families shifted to relief camps. iii) Traffic including bus services,power-supply disrupted. Malappuram : i) Around 200 houses,100 commercial establishments inundated. ii) 920 people from 21 places shifted to safer places. iii) Nilambur-Kozhikode route bus services,traffic disrupted. iv) 292 families shifted to 171 relief camps. Palakkad : i) Landslide occurred at 11 places. ii) Power supply & Traffic disrupted in several areas. Thiruvananthapuram : i) Damage to rubber crops, Banana plantation,,several vegetable crops repored. ii) Damage to houses including appliances repored. iii) Damage to about 100 electric post & about 380 electric cable-line around 50 places reported. iv) Damage to vehicles reported. v) Huge Advertisement play-cards fell. vi) Trees uprooted around 179 places in the city. vii) Transport,power supply disrupted. viii) Fire force,electricity department contributed a lot in rescue operations. Thrissur : i) Landslide occurred. ii) Power supply,traffic disrupted in several areas. iii) Railway services disrupted as Railway track inundated. Wayanad : i) Extensive damage to crops including 100 acres of tea-plantation reported. ii) Church, mosque,a temple & vehicles caved in. iii) Damage to about 125 houses reported. iv) Shops inundated. v) 257 families shifted to relief camps. vi) Damage to roads reported. vii) Low-lying areas submerged. viii) Several trees, electric / telephone poles uprooted causing disruption in communication,power supply. ",IMD,2019.0,8.0,73.0
2019-08-09,2019-08-09,1.0,Heavy rains & Landslide,"Ernakulam, Idukki, Kannur, Malappuram, Palakkad, Thiruvananthapuram, Thrissur, Wayanad",Kerala,,,19.0,2.0,0.0,0.0,"Ernakulam : i) Flight service disrupted as CIAL Kochi runway flooded. ii) Air port shutdown for 2 days. iii) 115 relief camps opened. Idukki : i) Damage to agricultural crops reported. ii) Damage to houses reported. iii) Damage to roads reported. iv) Power supply & mobile services disrupted. Kannur : i) Houses inundated. ii) 6,221 persons shifted to relief camps Malappuram : i) Landslide reported. ii) More than 30 houses including 48 persons of 19 family caved in. iii) 1200 persons shifted to 82 relief camps. iv) Communication,power supply disrupted. Palakkad : i) Damage to agricultural crops reported. ii) Damage to houses reported. iii) 44 relief camps opened. Thiruvananthapuram : i) Damage to agriculture crops reported. ii) Damage to about 200 houses reported. iii) Damage to an autorikshaw reported. iv) 19 persons shifted to relief camps. v) Several trees including Tamarind & Rubber trees, electric / telephone poles uprooted causing disruption in communication,power supply.  Thrissur : 6,473 persons shifted to 91 relief camps. Wayanad : i) Damage to more than 100 acres of tea plants reported. ii) Damage to several buildings & a temple reported.",IMD,2019.0,8.0,21.0
2019-08-10,2019-08-10,1.0,"Heavy rains, Floods & Landslide","Alappuzha, Ernakulam, Idukki, Kannur, Kasaragod, Kollam, Kottayam, Kozhikode, Malappuram, Palakkad, Pathanamthitta, Thiruvananthapuram, Thrissur, Wayanad",Kerala,,,8.0,1.0,0.0,0.0,"Alappuzha : i) Damage to agriculture crops reported. ii) Several houses inundated. iii) Home appliances washed away. iv) NDMA Chengannur & Army in Thiruvalla help in rescue operations. v) 824 families with 2836 persons shifted to 6 relief camps. Ernakulam : i) 23,156 persons shifted to 133 relief camps. ii) Damage to 2 houses fully & 54 houses partially reported. Idukki : i) Landslide occurred at 4 different places. ii) Damage to several acres of agriculture crops reported. iii) 4 bridges washed away in Cheruthoni. iv) Several houses,business institutes submerged. v) 1192 persons shifted to 26 relief camps. vi) Damage to roads reported. vii) Power supply & mobile services disrupted. Kannur : i) Landslide at three different places reported. ii) Several villages cut-off from other parts. iii) 9743 persons shifted to 104 relief camps. Kasaragod : i) Damage to 21 houses fully & 282 partially reported. ii) Low-lying areas submerged. iii) Tejaswani River flooded. iv) 2549 people of 726 families shifted to 19 relief camps. Kollam : i) Damage to 153 houses partially & 2 housed fully reported. ii) Chengotta-Punalur path railway services disrupted. Kottayam : i) Damage to agriculture crops including paddy reported. ii) Loss of worth crores reported. iii) Low-lying areas inundated. iv) 4000 people shifted to relief camps. Kozhikode : i) Damage to 3 bridges reported, which cause Maruthilav village cut-off from other parts. ii) Railway services disrupted. iii) 37409 persons shifted to 287 relief camps. iv) 43 villages inundated. v) Damage to a vehicle reported. Malappuram : i) Bharathapuzha flooded. ii) Hundreds of houses inundated. iii) 683 families with 8272 persons shifted to 187 relief camps. iv) Damage to Vaniempuzha hanging bridge reported. v) Around 200 people in the forest area cut-off from main land. Palakkad : i) Damage to Paddy cultivation reported. ii) 2,836 families with 8,272 persons shifted to 81 relief camps. Pathanamthitta : i) Damage to agriculture crops worth 2.5 lakhs reported. ii) Damage to 51 houses reported. iii) Low-lying areas inundated in upper Kuttanad areas. iv) 1788 members of 458 families shifted to 39 relief camps. Thiruvananthapuram : i) Damage to a compound wall of a rest house reported. ii) Damage to 6 houses fully & 78 houses partially reported. 30 houses inundated & 4 houses submerged. iii) Damage to 2 cars reported. iv) Several trees including Tamarind & Rubber trees, electric / telephone poles uprooted causing disruption in communication,power supply. Thrissur : 18,684 persons of 5,291 families shifted to 152 relief camps. Wayanad : i) Tea estate plantation,several tourist monuments caved in. 63 persons caved in ii) Damage to about 70 houses reported. iii) 32,276 persons shifted to 197 relief camps. iv) Power supply disrupted.",IMD,2019.0,8.0,9.0
2019-08-11,,4.0,Heavy rains & Landslide,"Alappuzha, Idukki, Kollam, Malappuram, Thiruvananthapuram, Wayanad",Kerala,,,2.0,7.0,0.0,0.0,"Alappuzha : i) Extensive damage to crops including paddy cultivation reported. ii) Several houses inundated. iii) Damage worth 37 crores estimated. iv) 13,800 persons of more than 3000 families shifted to 89 relief camps. v) Roads submerged. vi) Traffic disrupted. Idukki : i) Town flooded by Muthirapuzha River. ii) About 1400 persons shifted to 21 relief camps. iii) Damage to roads reported. iv) Power supply & mobile services disrupted.  Kollam : i) Damage to house reported. ii) Hectares of agriculture crops submerged. iii) Roads inundated. Malappuram : i) Extensive damage to a bridge reported causing isolation of Shantigramam. ii) Some hoses flooded. Thiruvananthapuram : i) Damage to crops mainly Banana cultivation reported. ii) Damage to several houses reported. Wayanad : i) Low-lying areas inundated. ii) 35,155 people shifted to 203 relief camps. iii) Damage to crops reported. ",IMD,2019.0,8.0,9.0
2019-09-03,2019-09-09,2.0,Heavy rains,Wayanad,Kerala,,,0.0,0.0,0.0,0.0,i) Damage to Ginger crops reported. ii) Damage to school building reported. iii) Damage to a house including household appliances reported. iv) Damage worth lakhs reported,IMD,2019.0,9.0,0.0
2019-09-12,2019-09-12,1.0,Heavy rains & Landslide,Malappuram,Kerala,,,0.0,0.0,0.0,0.0,i) Damage to several houses reported. ii) Roads washed away. iii) Hundreds of houses inundated. iv) Power supply disrupted.,IMD,2019.0,9.0,0.0
2019-11-01,2019-11-02,2.0,Heavy rains,"Alappuzha, Idukki, Thiruvananthapuram",Kerala,,,0.0,0.0,0.0,0.0,"i) 10,400 hectares of paddy fields submerged. ii) Damage worth rupees 12.25 crores reported. iii) Complete damage to a house reported.",IMD,2019.0,11.0,0.0
2019-11-10,2019-11-10,1.0,Heavy rains,Wayanad,Kerala,,,0.0,1.0,0.0,2.0,,IMD,2019.0,11.0,1.0
2019-11-11,,2.0,Heavy rains,Thiruvananthapuram,Kerala,,,0.0,0.0,0.0,0.0,i) Damage to 2 houses reported. ii) Damage to electrical appliances reported. iii) Damage to a asbestos sheets reported. iv) Damage of more than 2 lakhs reported. v) Water logging in several areas reported.,IMD,2019.0,11.0,0.0
2019-12-03,2019-12-03,1.0,Heavy rains,Wayanad,Kerala,,,0.0,0.0,0.0,0.0,Damage to hectares of paddy crops & Banana crops reported.,IMD,2019.0,12.0,0.0
2019-08-01,2019-08-01,1.0,Heavy Rains & Flood,Raigarh,Madhya Pradesh,,,1.0,0.0,0.0,0.0,,IMD,2019.0,8.0,1.0
2019-09-08,2019-09-08,1.0,Heavy Rains & Flood,"Bhopal, Sehore",Madhya Pradesh,,,2.0,0.0,0.0,0.0,,IMD,2019.0,9.0,2.0
2019-09-09,2019-09-09,1.0,Heavy Rains & Flood,"Sehore, Seoni",Madhya Pradesh,,,6.0,0.0,0.0,0.0,i) Damage to houses reported. ii) Damage to car reported. iii) Many trees/electric poles uprooted causing disruption in vehicular traffic & power supply.,IMD,2019.0,9.0,6.0
2019-07-01,2019-07-01,1.0,Heavy rains,"Mumbai, Nashik, Palghar, Pune",Maharashtra,,,12.0,3.0,0.0,0.0,,IMD,2019.0,7.0,15.0
2019-07-02,2019-07-02,1.0,"Heavy rains , Incessant rains leading to flood-like situation.","Mumbai,Thane,Ratnagiri",Maharashtra,,,45.0,4.0,0.0,0.0,"i) A wall collapsed on hutments in Pimpripada area of Malad East. ii) About 1,000 people shifted to temporary shelters by joint evacuation operation in suburban Kurla with the NDRF, Navy,fire brigade shifting. iii) Many parts of the financial capital Mumbai waterlogged. iv) Rail, Air,Road traffic disrupted with several trains,flights cancelled. Altogether 54 flights diverted,52 cancelled at Mumbai's Chhatrapati Shivaji Maharaj International Airport, where a SpiceJet plane overshot the runway.  The wall of an Urdu school behind Durgai Fort collapsed near the hutments adjacent in Kalyan.  i) Tiware Dam in Chiplun block of Ratnagiri District in the Vashishthi Basin of coastal Maharashtra breached. ii) At least 7 villages including Bhendewadi, Ovali, Riktoli, Aakle, Daadar, Nandivase, Kalkavne, with about 3000 population badly affected. iii) Several houses including at least 12 houses & 20 vehicles from Bhendewadi village near the dam washed away. iv) NDRF teams, Additional rescue teams consisting of government officials, police,volunteers carrying out search,rescue operations.",IMD,2019.0,7.0,49.0
2019-07-07,2019-07-07,1.0,Heavy Rains,Palghar,Maharashtra,,,0.0,0.0,0.0,0.0,i) Damage to 2 taxis reported. ii) State electric consumption dropped. iii) Trees uprooted.,IMD,2019.0,7.0,0.0
2019-08-01,2019-08-01,1.0,Heavy Rains,Buldhana,Maharashtra,,,0.0,0.0,0.0,0.0,"i) Damage to crops, fruits reported. ii) Several trees uprooted",IMD,2019.0,8.0,0.0
2019-08-02,2019-08-02,1.0,Heavy Rains,Mumbai,Maharashtra,,,1.0,0.0,0.0,0.0,A tree uprooted & fell on a wall in Chandivli.,IMD,2019.0,8.0,1.0
2019-08-03,2019-08-03,1.0,Heavy Rains & Flood,"Mumbai, Palghar",Maharashtra,,,5.0,0.0,0.0,4.0,,IMD,2019.0,8.0,5.0
2019-08-04,2019-08-04,1.0,Heavy Rains & Flood,"Nashik, Thane",Maharashtra,,,5.0,0.0,0.0,0.0,"i) About 21 villages of Thane Dist. badly affected. ii) More than 1,100 residents of Kamba village near Kalyan, Thane Dist. shifted to safer places. iii) Extensive damage to valuables including documents reported.",IMD,2019.0,8.0,5.0
2019-08-05,2019-08-05,1.0,Heavy Rains & Flood,Palghar,Maharashtra,,,2.0,0.0,0.0,0.0,,IMD,2019.0,8.0,2.0
2019-08-07,2019-08-08,2.0,Heavy Rains & Flood,"Kolhapur, Pune, Sangli, Satara",Maharashtra,,,22.0,0.0,4.0,0.0,"i) A private rescue boat carrying around 30 to 32 people affected by floods to a safer place overturned near Brahmanal village located on the banks of the Krishna river in Palus tehsil in flood-hit district Sangli. ii) Around 1.32 lakh flood-affected people shifted to safer places. iii) Kolhapur & Sangli districts worst affected. iv) Many roads including National Highways completely cut-off from the rest parts of the country. v) 139-villages in western Maharashtra marooned. vi) Altogether rescue teams including NDRF, Navy, Coast Guard, Army column, SDRF worked.",IMD,2019.0,8.0,26.0
2019-08-09,2019-08-09,1.0,Heavy Rains & Flood,"Akola, Gadchiroli",Maharashtra,,,4.0,0.0,0.0,0.0,,IMD,2019.0,8.0,4.0
2019-09-01,2019-09-01,1.0,Heavy Rains & Flood,Nanded,Maharashtra,,,2.0,0.0,0.0,0.0,,IMD,2019.0,9.0,2.0
2019-09-04,2019-09-04,1.0,Heavy Rains & Flood,"Chandrapur, Wardha",Maharashtra,,,5.0,0.0,0.0,0.0,i) Damage to crops reported. ii) Damage to houses reported.,IMD,2019.0,9.0,5.0
2019-09-05,2019-09-05,1.0,Heavy Rains & Flood,Mumbai,Maharashtra,,,4.0,0.0,0.0,0.0,"Around 1300 people from Kurla west evacuated with the help of Navy,NDRF personnel.",IMD,2019.0,9.0,4.0
2019-09-06,2019-09-06,1.0,Heavy Rains & Flood,Mumbai,Maharashtra,,,1.0,0.0,0.0,0.0,,IMD,2019.0,9.0,1.0
2019-09-10,2019-09-10,1.0,Heavy Rains & Flood,Kolhapur,Maharashtra,,,0.0,0.0,0.0,0.0,"i) Cropland of area 81,000 hectares badly affected. ii) Damage to about Rs.1298.51/- crore reported. iii) Many people shifted to safer places.",IMD,2019.0,9.0,0.0
2019-10-09,2019-10-09,1.0,Heavy Rains & Flood,"Pune, Thane",Maharashtra,,,3.0,0.0,0.0,0.0,i) Damage to a vehicle reported. ii) Trees uprooted,IMD,2019.0,10.0,3.0
2019-10-01,,31.0,Heavy Rains & Flood,"Amravati, Akola, Bhandara, Buldhana, Chandrapur, Gadchiroli, Gondia, Nagpur, Wardha, Washim,Yavatmal",Maharashtra,,,0.0,0.0,0.0,0.0,"Damage to Soyabean, Mug, Cotton crops reported.",IMD,2019.0,10.0,0.0
2019-07-08,2019-07-12,5.0,Heavy Rains & Flood (Khawthlangtuipui river),Lunglei,Mizoram,,,5.0,0.0,0.0,0.0,i) 1000 families shifted to safer places. ii) 32 villages badly affected.,IMD,2019.0,7.0,5.0
2019-08-01,2019-08-10,10.0,Heavy Rains & Flood,"Kalahandi,Kandhamal, Koraput",Odisha,,,3.0,0.0,2.0,0.0,"i) Damage to roads,bridges reported. ii) 1.3 lakh people in 1012 villages affected. iii) 7 teams of the Odisha Disaster Rapid Action Force (ODRAF), several teams of fire service deployed to carry out rescue,relief operations in the affected areas. iv) More than 14,000 people from low-lying areas evacuated & shifted to safer places.",IMD,2019.0,8.0,5.0
2019-08-11,,10.0,Heavy Rains & Flood,"Bhadrak, Dhenkanal, Jajapur, Subarnapur, Nuapada, Balangir, Boudh, Cuttack, Kandhamal, Nayagarh, Khordha, Kalahandi, Jagatsinghapur, Puri, Nagpur, Rayagada, Koraput, Malkangiri, Anugul, Kendrapara, Ganjam, Gajapati, Mayurbhanj, Sundargarh, Kendujhar, Baleshwar, Jharsuguda, Bargarh, Deogarh, Sambalpur",Odisha,,,7.0,0.0,0.0,0.0,,IMD,2019.0,8.0,7.0
2019-08-01,,26.0,Heavy Rains & Flood,"Gurdaspur, Hoshiarpur, Amritsar, Jalandhar, Tarn Taran, Rupnagar, Shahid Bhagat Singh Nagar, Fazilka, Moga, Ludhiana, S.A.S Nagar*, Faridkot, Fatehgarh Sahib, Sri Sri Muktsar Sahib Sahib, Sangrur, Barnala, Bathinda, Patiala, Mansa, Ferozepur, Pathankot, Kapurthala",Punjab,,,12.0,0.0,0.0,0.0,,IMD,2019.0,8.0,12.0
2019-09-01,2019-09-05,5.0,Heavy Rains & Flood,"Gurdaspur, Hoshiarpur, Amritsar, Jalandhar, Tarn Taran, Rupnagar, Shahid Bhagat Singh Nagar, Fazilka, Moga, Ludhiana, S.A.S Nagar*, Faridkot, Fatehgarh Sahib, Sri Sri Muktsar Sahib Sahib, Sangrur, Barnala, Bathinda, Patiala, Mansa, Ferozepur, Pathankot, Kapurthala",Punjab,,,2.0,0.0,0.0,0.0,,IMD,2019.0,9.0,2.0
2019-08-01,2019-08-01,1.0,Heavy rain,Ajmer,Rajasthan,,,3.0,0.0,0.0,0.0,Damage to houses reported.,IMD,2019.0,8.0,3.0
2019-08-05,2019-08-05,1.0,Heavy rain,Pratapgarh,Rajasthan,,,2.0,0.0,0.0,0.0,,IMD,2019.0,8.0,2.0
2019-08-07,2019-08-08,1.0,Heavy rain,"Bundi, Nagaur",Rajasthan,,,4.0,0.0,0.0,0.0,,IMD,2019.0,8.0,4.0
2019-07-06,2019-07-10,5.0,Heavy rains & Landslide,"Gangtok, Namchi, Gyalshing",Sikkim,,,0.0,0.0,0.0,0.0,"i) Damage to houses reported. ii) Road connecting East District town & Basilakha, Khongsee from East District washed away. iii) Due to damage of roads & landslide road connectivity including National & State highways disrupted at many places. iv) People shifted to safer places.",IMD,2019.0,7.0,0.0
2019-05-01,2019-05-03,3.0,Heavy rain,Coimbatore,Tamil Nadu,,,1.0,0.0,0.0,0.0,Trsse uprooted.,IMD,2019.0,5.0,1.0
2019-12-01,2019-12-01,1.0,Heavy rain,Tirunelveli,Tamil Nadu,,,1.0,0.0,0.0,0.0,,IMD,2019.0,12.0,1.0
2019-12-02,2019-12-02,1.0,Heavy rains & Flood,"Chennai, Coimbatore, Cuddalore, Thoothukkudi, Tirunelveli",Tamil Nadu,,,17.0,0.0,0.0,58.0,"i) Damage to several houses reported. ii) 1000 people shifted to safer places from Cuddalore, Thoothukkudi,,Tirunelvelii Dist.",IMD,2019.0,12.0,17.0
2019-04-10,2019-04-10,1.0,Landslide,Narayanpet,Telangana,,,10.0,0.0,0.0,0.0,,IMD,2019.0,4.0,10.0
2019-04-01,2019-04-04,4.0,Heavy rains & Floods,"Dhalai, Khowai, South Tripura, Unakoti, West Tripura",Tripura,,,0.0,0.0,0.0,0.0,"5,894 persons from different parts of West Tripura (4469 persons),Khowai (1,425 persons) districts shifted to 48 relief camps.",IMD,2019.0,4.0,0.0
2019-10-02,2019-10-02,1.0,Heavy rains,Lucknow,Uttar Pradesh,,,1.0,0.0,0.0,0.0,Damage o house reported.,IMD,2019.0,10.0,1.0
2019-06-02,2019-06-02,1.0,Flash floods,"Almora, Chamoli",Uttarakhand,,,1.0,0.0,1.0,0.0,"i) Damage to agricultural land reported. ii) Damage to several houses, cowsheds reported. iii) Damage to main roads,local bridges reported. iv) Large-scale destruction in Gangnahar, Lambagad, Ramgaderi, Bisht Bhankhli,Negi Bankhali villages reported. v) The Mahelchouri-Chaukhatiya highway blocked due to the debris.",IMD,2019.0,6.0,2.0
2019-07-04,2019-07-04,1.0,Heavy rains,Rudra Prayag,Uttarakhand,,,0.0,0.0,0.0,0.0,Damage to water pipeline & 40-meter road reported in Sari Chamshil village of Augustmuni block.,IMD,2019.0,7.0,0.0
2019-08-06,2019-08-06,1.0,Heavy rains & flash flood as a result of cloud burst,"Chamoli, Garhwal, Uttar Kashi Kashi",Uttarakhand,,,0.0,0.0,0.0,0.0,"i) Damage to 11 bridges reported. ii) Damage to a school building from Pathar Katta village of Gairsain area reported. iii) Severe damage to properties in Chad a local nullah reported. iv) Damage to 4 cowsheds reported. v) Thousands of visitors stranded as Rishikesh-Badrinath highway at Lambagad was blocked. In addition, several other motor roads in Chamoli, Uttarkashi,Pauri districts affected.",IMD,2019.0,8.0,0.0
2019-08-08,2019-08-09,2.0,"Heavy rains, flash flood as a result of cloud burst","Chamoli, Garhwal, Rudra Prayag, Tehri Garhwal",Uttarakhand,,,5.0,5.0,0.0,40.0,"i) Damage to agricultural land reported. ii) Damage to more than 230 houses, 50 shops, Twenty Four cowsheds reported. iii) Damage to 10 water mills, water supply lines reported. iv) Damage to more than two dozen local footbridges,about 60 connecting roads reported.",IMD,2019.0,8.0,10.0
2019-08-12,2019-08-12,1.0,"Heavy rains, flash floods & Landslide","Bageshwar, Chamoli",Uttarakhand,,,6.0,0.0,0.0,0.0,"i) Damage to farmlands reported. ii) Damage to drinking water pipelines reported. iii) Damage to Several houses, cowsheds, shops reported. iv) Landslide occurred at Aali, Lankhi & Banjba Gad villages from Chamoli Dist. reported. v) Parts of Katyur valley of Bageshwar Dist. affected.",IMD,2019.0,8.0,6.0
2019-09-02,2019-09-02,1.0,Cloud Burst,Almora,Uttarakhand,,,0.0,0.0,0.0,0.0,Damage to house reported in Jajar village in Dhauladevi Block.,IMD,2019.0,9.0,0.0
2019-09-06,2019-09-08,3.0,Heavy rains & flash flood as a result of cloud burst,"Chamoli, Pithoragarh",Uttarakhand,,,1.0,3.0,0.0,6.0,"i) Damage to several acres of farmland reported. ii) Damage to a portion of inter college reported. iii) Damage to several houses, cowsheds reported. iv) Damage to several roads including 60-meter stretch of Thal-Munsyari highway, 30 meters stretch of Badrinath highway reported due to which thousands of pilgrims stranded at different locations. v) More than 40 vehicles washed away. vi) 2 water mills were washed away. vii) The electricity,communication services disrupted.",IMD,2019.0,9.0,4.0
2019-07-09,2019-07-09,1.0,Landslide,Darjeeling,West Bengal,,,2.0,0.0,0.0,0.0,Landslides at Pubungfatak.,IMD,2019.0,7.0,2.0
2019-08-01,,61.0,Unknown,"South 24 Parganas*, Darjeeling, Jalpaiguri, Dakshin Dinajpur, Maldah, Murshidabad, Birbhum, Nadia, Purba Purba Bardhaman, Purulia, Bankura, North 24 Parganas",West Bengal,,,220.0,0.0,0.0,0.0,"i) More than 500,000 people badly affected, ii) Damage to 30,000 houses houses (fully,partially) reported. iii) 7 NDRF teams deployed by the government for rescue,evacuatio",IMD,2019.0,8.0,220.0
2019-06-12,2019-06-12,1.0,Flash floods & Cloud burst,Bandipora,Jammu & Kashmir,,,0.0,4.0,0.0,0.0,A bridge washed away by flash floods in Arin village,IMD,2019.0,6.0,4.0
2019-07-05,2019-07-05,1.0,Landslide,Kishtwar,Jammu & Kashmir,,,2.0,0.0,0.0,0.0,Damage to house reported in Ghoro Saroor village.,IMD,2019.0,7.0,2.0
2019-07-09,2019-07-09,1.0,Flash flood in Aans river,Rajouri,Jammu & Kashmir,,,1.0,0.0,0.0,0.0,,IMD,2019.0,7.0,1.0
2019-08-03,2019-08-03,1.0,Cloud burst,Pulwama,Jammu & Kashmir,,,0.0,0.0,0.0,0.0,"i) Damage to residential houses, School,roads in Hajin area of Tral subdivision reported. ii) Partial damage to water supply & electricity transmission lines reported.",IMD,2019.0,8.0,0.0
2020-09-03,2020-09-03,1.0,Heavy Rains & Flood (Godavari River),East Godavari,Andhra Pradesh,,,0.0,0.0,4.0,0.0,Damage to a small boat reported.,IMD,2020.0,9.0,4.0
2020-07-10,2020-07-10,1.0,Heavy rain triggered landslips,"Itanagar, Papum Pare",Arunachal Pradesh,,,8.0,0.0,0.0,0.0,i) Damage to houses reported. ii) Damage to road reported. iii) Low-lying areas inundated,IMD,2020.0,7.0,8.0
2020-06-01,,30.0,"Heavy Rains & Flood (Brahmaputra,tributaries)","Barpeta, Biswanath, Bongaigaon, Chirang, Darrang, Dhemaji, Dhubri, Dibrugarh, Goalpara, Golaghat, Hojai, Jorhat, Karbi Anglong, Kamrup, Kokrajhar, Lakhimpur, Majuli, Marigaon, Nagaon, Nalbari, South Salmara Mancachar, Sivasagar, Tinsukia, Udalguri",Assam,,,27.0,0.0,0.0,2000000.0,"i) Cropland of area more than 83,000 hectares affected. ii) More than 14,90,000 population of more than 2400 villages in Twenty Four districts affected. iii) Damage to roads, RCC Bridge/Culvert, reported. Also, National Highways/ Sub ways blocked the road connectivity due to flooded water.",IMD,2020.0,6.0,27.0
2020-07-01,,31.0,"Heavy Rains & Flood (Brahmaputra,tributaries)","Baksa, Barpeta, Biswanath, Bongaigaon, Cachar, Charaideo, Chirang, Darrang, Dibrugarh, Dhemaji, Dhubri, Goalpara, Golaghat, Hojai, Jorhat, Karbi Anglong, Kamrup, Kamrup Metro, Kokrajhar, Lakhimpur, Majuli, Marigaon, Nagaon, Nalbari, Sivasagar, Sonitpur, South Salmara Mancachar- Mankachar, Tinsukia",Assam,,,81.0,0.0,0.0,3500000.0,"i) Crop land of area more than 1,31,300 hectares affected. ii) More than 39,79,000 population of more than 3200 villages in 28 districts affected. iii) Damage to roads, RCC Bridge/Culvert, sub ways reported. Also, National Highways/ Sub ways blocked the road connectivity due to flooded water /Landslide.",IMD,2020.0,7.0,81.0
2020-08-01,,31.0,"Heavy Rains & Flood (Brahmaputra,tributaries)","Baksa, Barpeta, Biswanath, Bongaigaon, Charaideo, Chirang, Darrang, Dhemaji, Dhubri, Goalpara, Golaghat, Jorhat, Kamrup, Kamrup Metro, Kokrajhar, Lakhimpur, Majuli, Marigaon, Nagaon, Nalbari, Sivasagar, South Salmara Mancachar",Assam,,,4.0,0.0,0.0,900000.0,"i) Crop land of area more than 75,710 hectares affected. ii) More than 10,62,000 population of more than 1000 villages in 23 districts affected. iii) Damage to roads, RCC Bridge / Culvert, sub ways reported. Also, National Highways/ Sub ways blocked the road connectivity due to flooded water /Landslide.",IMD,2020.0,8.0,4.0
2020-09-01,,30.0,"Heavy Rains & Flood (Brahmaputra,tributaries)","Biswanath, Chirang, Dhemaji, Dibrugarh, Golaghat, Hojai, Jorhat, Lakhimpur, Majuli, Marigaon, Nagaon, Sivasagar, Tinsukia, West Karbi Anglong",Assam,,,7.0,0.0,0.0,73000.0,"i) Cropland of area more than 26,652 hectares affected. ii) More than 2,80,000 population of more than 450 villages in 14 districts affected. iii) Damage to roads, RCC Bridge / Culvert, sub ways reported. Also, National Highways/ Sub ways blocked the road connectivity due to flooded water /Landslide.",IMD,2020.0,9.0,7.0
2020-10-01,,31.0,"Heavy Rains & Flood (Brahmaputra,tributaries)","Barpeta, Biswanath, Dhemaji, Goalpara, Hojai, Marigaon, Nagaon, Sonitpur, West Karbi Anglong",Assam,,,4.0,0.0,0.0,74000.0,"i) Cropland of area more than 25,300 hectares affected. ii) More than 2,70,700 population of more than 400 villages in 9 districts affected. iii) Damage to roads, RCC Bridge / Culvert, sub ways reported. Also, National Highways/ Sub ways blocked the road connectivity due to flooded water /Landslide",IMD,2020.0,10.0,4.0
2020-08-01,,20.0,Heavy Rains & floods in Ganga & tributaries,"Darbhanga, Purbi Champaran, Gopalganj, Khagaria, Kishanganj, Madhepura, Madhubani, Muzaffarpur, Saharsa, Samastipur, Saran, Sheohar, Sitamarhi, Siwan, Supaul, Pashchim Champaran",Bihar,,,27.0,0.0,0.0,0.0,"i) 81,79,257 population of 1,317 panchayats of 130 blocks in 16 districts affected. ii) People shifted to 8 Relief Camps, 12,239 inmates by 26 teams of National Disaster Response Force (NDRF),State Disaster Response Force (SDRF).",IMD,2020.0,8.0,27.0
2020-06-01,2020-07-07,37.0,Heavy Rains & Floods,"Devbhumi Dwarka Dwarka, Jamnagar, Junagadh, Kachchh, Navsari, Porbandar, Rajkot, Surat, Valsad",Gujarat,,,74.0,0.0,0.0,0.0,i) Worst affected district Rajkot. ii) Nearly 30-year-old bridge in Junagadh district caved in. iii) 7 National Disaster Response Force (NDRF) teams deployed. iv) Around 100 people have been evacuated in Devbhumi Dwarka District.,IMD,2020.0,6.0,74.0
2020-10-04,2020-10-04,1.0,Heavy rains,Gumla,Jharkhand,,,0.0,0.0,0.0,0.0,Damage to crop reported.,IMD,2020.0,10.0,0.0
2020-10-06,2020-10-06,1.0,Heavy rains,Ranchi,Jharkhand,,,0.0,0.0,0.0,0.0,Damage to house reported.,IMD,2020.0,10.0,0.0
2020-04-01,,30.0,Heavy rains & Flood,"Bengaluru Rural, Belagavi, Ballari, Beedar, Bijapur, Chamarajanagaraa Chikkaballapura, Chitradurga, Dakshina Kannada, Dharwad, Davangere, Gadag,  Kalaburagi, Hassan, Haveri, Kodagu, Kolar, Koppal, Mandya, Mysuru, Raichur, Ramanagara, Shivamogga, Tumakuru, Udupi, Uttar Kashia Kannada",Karnataka,,,12.0,0.0,0.0,121.0,Damage to 350 houses reported.,IMD,2020.0,4.0,12.0
2020-05-01,,31.0,Heavy rains & Flood,"Bagalkotee, Bengaluru Rural, Bengaluru Urban, Belagavi, Ballari, Beedar, Bijapur, Chamarajanagaraa Chikkaballapura, Chitradurga, Dakshina Kannada, Dharwad, Davangere, Gadag,  Kalaburagi, Hassan, Haveri, Kodagu, Kolar, Koppal, Mandya, Mysuru, Raichur, Shivamogga, Tumakuru, Udupi, Uttar Kashia Kannada, Yadgir",Karnataka,,,32.0,0.0,0.0,106.0,Damage to 1115 houses reported.,IMD,2020.0,5.0,32.0
2020-06-01,,30.0,Heavy rains & Flood,"Bagalkotee, Bengaluru Rural, Belagavi, Ballari, Bijapur, Chamarajanagaraa Chitradurga, Dakshina Kannada, Davangere, Dharwad, Gadag,  Kalaburagi, Hassan, Haveri, Mandya, Mysuru, Raichur, Ramanagara, Shivamogga, Udupi, Uttar Kashia Kannada, Yadgir",Karnataka,,,11.0,0.0,0.0,98.0,Damage to1686 houses reported.,IMD,2020.0,6.0,11.0
2020-07-01,,31.0,Heavy rains & Flood,"Bagalkotee, Belagavi, Ballari, Beedar, Bijapur, Chamarajanagaraa Chikkaballapura, Chikkaballapura, Chitradurga, Dakshina Kannada, Davangere, Gadag, Haveri, Mysuru, Raichur, Ramanagara, Shivamogga, Tumakuru, Udupi, Uttar Kashia Kannada, Yadgir",Karnataka,,,23.0,0.0,0.0,22.0,"i) Damage to standing crops including paddy, green gram, cotton, red gram reported. ii) A bridges between 4 villages inundated on 23rd in Yadgir Dist. iii) Damage to 927 houses reported.",IMD,2020.0,7.0,23.0
2020-08-01,,31.0,Heavy rains & Flood,"Bagalkotee, Bengaluru Urban, Belagavi, Ballari, Bijapur, Chamarajanagaraa Chikkaballapura, Chikkaballapura, Dakshina Kannada, Dharwad, Davangere, Gadag,  Kalaburagi, Hassan, Haveri, Kodagu, Koppal, Mandya, Mysuru, Raichur, Shivamogga, Tumakuru, Udupi, Uttar Kashia Kannada, Yadgir",Karnataka,,,43.0,0.0,0.0,53.0,"Damage to 9,148 houses reported.",IMD,2020.0,8.0,43.0
2020-09-01,,30.0,Heavy rains & Flood,"Bagalkotee, Bengaluru Urban, Belagavi, Ballari, Beedar, Bijapur, Chamarajanagaraa Chikkaballapura, Chitradurga, Dakshina Kannada, Dharwad, Davangere, Gadag,  Kalaburagi, Hassan, Haveri, Kodagu, Kolar, Koppal, Mysuru, Raichur, Ramanagara, Tumakuru, Udupi, Uttar Kashia Kannada, Yadgir",Karnataka,,,22.0,0.0,0.0,178.0,"i) Damage to the standing crops such as green chilli, cotton, paddy,red gram reported. ii) Damage to 2745 houses reported. iii) Bridges submerged. iv) Low-lying areas flooded.",IMD,2020.0,9.0,22.0
2020-10-01,,31.0,Heavy rains & Flood,"Bagalkotee, Bengaluru Rural, Bengaluru Urban, Belagavi, Ballari, Beedar, Bijapur, Chamarajanagaraa Chikkaballapura, Chitradurga, Dakshina Kannada, Dharwad, Davangere, Gadag,  Kalaburagi, Hassan, Haveri, Kodagu, Koppal, Mandya, Mysuru, Raichur, Ramanagara, Shivamogga, Tumakuru, Udupi, Uttar Kashia Kannada, Yadgir",Karnataka,,,5.0,0.0,0.0,1170.0,i) Damage to 812562.38 hectares of cropland reported. ii) Damage to 24573 houses reported. iii) The old bridge collapsed in Belagavi districts.,IMD,2020.0,10.0,5.0
2020-01-02,2020-01-03,2.0,Heavy Rains,"Malappuram, Thiruvananthapuram",Kerala,,,0.0,0.0,0.0,0.0,"i) Damage to compound wall of Government school at Attingal, Thiruvananthapuram reported. ii) Damage to a house reported. iii) Damage to a bike reported. iv) Trees uprooted.",IMD,2020.0,1.0,0.0
2020-05-03,2020-05-03,1.0,Heavy Rains,Pathanamthitta,Kerala,,,0.0,0.0,0.0,0.0,i) Extensive damage to standing crops reported. ii) Damage to about 100 houses reported. iii) Damage to 80 electric posts reported. iv) Vehicular traffic remained disrupted for a long time on many roads,IMD,2020.0,5.0,0.0
2020-05-07,2020-05-08,2.0,Heavy Rains,Thiruvananthapuram,Kerala,,,0.0,0.0,0.0,0.0,"i) Chirayinkeezh, Neyyattinkara, Vizhinjam area affected. ii) Damage to acres of agricultural crops reported. iii) Damage to more than 174 houses reporteded. iv) Electric posts broke down cause disruption to power supply at many places. v) Trees uprooted.",IMD,2020.0,5.0,0.0
2020-06-02,2020-06-05,3.0,Heavy Rains & Floods,Thiruvananthapuram,Kerala,,,0.0,2.0,0.0,0.0,"i) Nandiyode, Vizhinjam, Neyyattinkara, Muttathara, Pattom, Nedumangadu, Kovalam, Adimalathura, Nilambur area affected. ii) Damage to Temple reported. iii) Complete damage to 2 houses reported. iv) More than 200 houses from different places inundated causes damages to floor,electronic equipments. v) Damage to many shops reported. vi) Damage to two-wheeler reported. vii) Major roads including Chala Bypass road in the city inundated causes disruption in traffic. viii) Vehicular traffic disrupted. ix) Trees uprooted in many places.",IMD,2020.0,6.0,2.0
2020-07-03,2020-07-03,1.0,Flash flood,Kozhikode,Kerala,,,1.0,0.0,0.0,0.0,,IMD,2020.0,7.0,1.0
2020-08-05,2020-08-05,1.0,Heavy Rains & Floods,Wayanad,Kerala,,,2.0,0.0,0.0,0.0,i) Damage to a house reported. ii) Tree uprooted. iii) Traffic disrupted at many places,IMD,2020.0,8.0,2.0
2020-08-06,2020-08-06,1.0,Landslide,Idukki,Kerala,,,65.0,0.0,5.0,0.0,"i) Huge rocks,mud fell over one of the housing quarters of tea workers at Petimudi, Munnar. ii) Damage to 30 houses reported. iii) Complete damage to 4 estate lanes in the Nayamakkad division reported. iv) Uprooted trees,boulders on road causes traffic disruption. v) Bridge at periyavarai washed away. vi) Damage to a car reported.",IMD,2020.0,8.0,70.0
2020-08-06,2020-08-06,1.0,Heavy Rains & Landslide,Wayanad,Kerala,,,0.0,0.0,0.0,0.0,"i) Kalpetta, Mundakkai, Makkiyadu, Mananthavady area affected. ii) Damage to 10 hectares paddy fields, 17500 plantain trees & 125 rubber trees reported. iii) Damage to 15 houses reported. iv) 5 bridges washed away. v) 621 families shifted to 49 relief camps. vi) Damage to 1183 transformers reported which causes disruption in power supply in the region for 3 days. vii) Estimated 1.39 crore monetary loss reported. viii) NH 766 was inundated & traffic disrupted in ghat areas",IMD,2020.0,8.0,0.0
2020-08-07,2020-08-07,1.0,Heavy Rains & Floods,Alappuzha,Kerala,,,2.0,0.0,0.0,0.0,,IMD,2020.0,8.0,2.0
2020-08-08,2020-08-08,1.0,Heavy Rains & Floods,"Thiruvananthapuram, Wayanad",Kerala,,,0.0,0.0,0.0,0.0,Thiruvananthapuram : i) Damage to 5867 hectares of agricultural land reported. ii) Damage to 37 houses completely & 198 houses partially reported. iii) 153 families were shifted to 7 relief camps. Wayanad : i) A bridge washed away. ii) Karingari- Kakkadavu road inundated. iii) 79 relief camps were opened. iv) About 15000 people shifted to safer places.,IMD,2020.0,8.0,0.0
2020-08-09,2020-08-09,1.0,Heavy Rains & Floods,"Alappuzha, Ernakulam, Kollam, Kottayam",Kerala,,,2.0,0.0,0.0,0.0,Alappuzha : i) 1300 hectares of paddy fields submerged. ii) All villages in the Kuttanad Taluk inundated. Ernakulam : i) Damage to 6 houses completely & 224 houses partially reported. ii) 46 relief camps opened. Kollam : 252 people from 65 families shifted to 4 relief camps.,IMD,2020.0,8.0,2.0
2020-08-10,2020-08-10,1.0,Heavy Rains & Floods,"Pathanamthitta, Wayanad",Kerala,,,0.0,0.0,1.0,0.0,"i) Damage to 180 hectares of Pepper, 236.24 hectares plantain trees & 195.7 hectares of other crops reported. ii) Damage to 22 houses completely,605 houses partially reported. iii) Estimated 14.184 crore of monetary loss reported.",IMD,2020.0,8.0,1.0
2020-08-11,2020-08-11,1.0,Heavy Rains & Floods,Kozhikode,Kerala,,,0.0,0.0,0.0,0.0,"i) Quilandy & Tamarassery area affected. ii) Damage to 4896 rubber trees, 111035 plantain trees & other spices reported. iii) Damage to 4 houses completely & 109 houses partially reported. iv) Estimated 9.34 crore agricultural losses reported.",IMD,2020.0,8.0,0.0
2020-08-12,2020-08-12,1.0,Heavy Rains & Floods,"Alappuzha, Kottayam, Pathanamthitta",Kerala,,,0.0,0.0,0.0,0.0,"Alappuzha : (Kuttanad) : i) 7423 people from 2541 families shifted to 110 relief camps. ii) 4322.94 hectares of paddy fields submerged. Kottayam : i) Damage to paddy cultivation of about 2849 hectares reported. ii) Damage to 3000 acres of paddy, rubber, tapioca, plantain & vegetables reported. Pathanamthitta : i) Damage to about 450.74 hectares of cropland reported. ii) Damage to crops worth �������16.827 crore damagedreported.",IMD,2020.0,8.0,0.0
2020-09-06,2020-09-06,1.0,Heavy Rains,Alappuzha,Kerala,,,0.0,0.0,0.0,0.0,i) Damage to 2 houses completely & 35 houses partially reported. ii) Damage to several fishing boats reported.,IMD,2020.0,9.0,0.0
2020-09-06,2020-09-08,2.0,Heavy Rains & Flood,Thiruvananthapuram,Kerala,,,0.0,0.0,0.0,0.0,i) 5 families shifted. ii) Damage to a compound wall reported. iii) Damage to roads & drains reported. iv) Low lying areas including many houses flooded in various places. v) Damage to office documents at Kamaleshwaram school reported. vi) Many trees uprooted. vii) Vehicular traffic disrupted at Attakulangara- Manacaud road due to waterlogging.,IMD,2020.0,9.0,0.0
2020-09-11,2020-09-11,1.0,Heavy Rains & Flood,"Malappuram, Thiruvananthapuram",Kerala,,,0.0,0.0,0.0,0.0,i) All bridges across the chaliyar river washed away. ii) Damage to a Vayalikkada-Choozhampala road reported which causes disruption to traffic. iii) Houses got flooded.,IMD,2020.0,9.0,0.0
2020-10-09,2020-10-09,1.0,Heavy Rains & Flood,Thiruvananthapuram,Kerala,,,0.0,0.0,0.0,0.0,i) Damage to plantain reported. ii) Damage to basement of a house reported. iii) Traffic disrupted.,IMD,2020.0,10.0,0.0
2020-09-12,,2.0,Heavy Rains,"Burhanpur, Dhar, Satna",Madhya Pradesh,,,0.0,0.0,0.0,0.0,"i) Extensive damage to Urad, Mug & Marigold, Rose crops reported. ii) Damage to 60,000 hectares of crops including Soyabean, Pulses & Oilseeds from Satna district alone reported iii)Compound wall of Garden in housing board colony of Burhanpur district collapsed. iv) Water logging in many areas reported. v) Several trees uprooted causing traffic & electricity disruption.",IMD,2020.0,9.0,0.0
2020-02-03,2020-02-03,1.0,Heavy Rains,"Beed, Hingoli, Nanded, Parbhani",Maharashtra,,,0.0,0.0,0.0,0.0,"Damage to rabbi crops including Gram, Tur, Wheat, Jawar, fruits & vegetables reported.",IMD,2020.0,2.0,0.0
2020-03-01,2020-03-01,1.0,Heavy Rains,"Ahmednagar, Aurangabad, Jalna, Jalgaon, Nashik, Dharashiv, Pune, Satara, Solapur, Washim",Maharashtra,,,0.0,0.0,0.0,0.0,"i) Damage to rabbi crops including Wheat, Jawari, Gram, Corn,Onion crops reported. ii) Trees uprooted causing disruption in traffic.",IMD,2020.0,3.0,0.0
2020-05-10,2020-05-10,1.0,Heavy Rains,"Bhandara, Gadchiroli, Gondia",Maharashtra,,,0.0,0.0,0.0,0.0,i) Extensive damage to crop grains kept in the center of Development Corporation reported. ii) Damage to carores of rupees reported.,IMD,2020.0,5.0,0.0
2020-07-03,2020-07-04,2.0,Heavy Rains,"Nagpur, Washim",Maharashtra,,,0.0,0.0,0.0,0.0,Damage to crops including Cotton reported.,IMD,2020.0,7.0,0.0
2020-08-04,2020-08-06,3.0,Heavy Rains & Landslide,"Kolhapur, Mumbai, Nagpur, Palghar, Pune, Raigarh, Ratnagiri, Sindhudurg, Thane",Maharashtra,,,2.0,0.0,0.0,3.0,"i) Damage to crops reported in Nagpur dist. i) Damage to structures, houses, roads reported. ii) Speed boat drowned in Varsova, Mumbai. iii) Damage to many vehicles reported. iv) Roof of D.Y.Patil stadium blown away in Mumbai. v) Normal life paralysed. vi) In Kolhapur , People shifted to safer places. vii) Rail traffic disrupted due to Landslide at Kandiwali, Mumbai. viii) Roads from Radhanagari, Gaganbawada, Panhala towards Konkan were blocked. Several trees/electric poles uprooted causing disruption in vehicular traffic & power supply.",IMD,2020.0,8.0,2.0
2020-09-01,2020-09-01,1.0,Heavy Rains,Nagpur,Maharashtra,,,0.0,0.0,0.0,0.0,"i) Narkhed, Khui, Kamathi, Savanerji tehsils affected. ii) Damage to crops reported. iii) Damage to many houses reported.",IMD,2020.0,9.0,0.0
2020-09-03,2020-09-07,5.0,Heavy Rains,"Buldhana, Nagpur, Washim",Maharashtra,,,0.0,0.0,0.0,0.0,"i) Damage to Soyabean, Tur, Mug, Udad, Cotton, Sugarcane, Banana, Papaya & other crops reported. ii) Damage to many houses reported. iii) Damage to a well reported. iv) Several trees uprooted.",IMD,2020.0,9.0,0.0
2020-09-05,2020-09-08,4.0,Heavy Rains,"Kolhapur, Palghar, Pune, Sangli, Solapur",Maharashtra,,,0.0,2.0,0.0,0.0,"i) Damage to Sugarcane, Rice, Groundnut,Soyabean crops reported. ii) Damage to Shopes, houses reported. iii) Damage to vehicles reported. iv) Several trees/electric poles uprooted causing disruption in vehicular traffic & power supply.",IMD,2020.0,9.0,2.0
2020-09-09,2020-09-09,1.0,Heavy Rains,Buldhana,Maharashtra,,,0.0,0.0,0.0,0.0,"Damage to Mug, Udad, Cotton & other crops reported.",IMD,2020.0,9.0,0.0
2020-09-11,,7.0,Heavy Rains,"Buldhana, Nagpur, Washim",Maharashtra,,,0.0,0.0,0.0,0.0,"i) Damage to Soyabean, Tur, Mug, Udad, Cotton, Sugarcane, vegetable crops & other crops reported. ii) Damage to many houses reported. iii) 5 villages of Buldana cut off from the rest of the area. iv) Damage to a well reported.",IMD,2020.0,9.0,0.0
2020-10-02,2020-10-02,1.0,Heavy Rains,Washim,Maharashtra,,,0.0,0.0,0.0,0.0,Damage to Soyabean & Cotton crops reported.,IMD,2020.0,10.0,0.0
2020-10-07,2020-10-09,3.0,Heavy Rains,Nagpur,Maharashtra,,,0.0,0.0,0.0,0.0,"Damage to Soyabean, Paddy, Cotton crops reported.",IMD,2020.0,10.0,0.0
2020-10-10,2020-10-12,2.0,Heavy Rains,"Akola, Aurangabad, Beed, Hingoli, Jalna, Kolhapur, Nanded, Nashik, Parbhani, Palghar, Pune, Raigarh, Ratnagiri, Sangli, Sindhudurg, Thane, Dharashiv",Maharashtra,,,1.0,0.0,0.0,0.0,"Damage to Rice, Soyabean, Cotton, Tur, Millet, Corn Onion, Tomato, Sugarcane, Corn including fruit crops like Grapes & vegetable crops reported.",IMD,2020.0,10.0,1.0
2020-10-10,,6.0,Heavy Rains,"Buldhana, Nagpur, Washim",Maharashtra,,,0.0,0.0,0.0,0.0,"i) Extensive damage to Jawar, Paddy, Soyabean, Udad, Mug, Cotton, Sugarcane & vegetable crops reported. ii) Damage to houses reported.",IMD,2020.0,10.0,0.0
2020-07-03,2020-07-06,4.0,Heavy rains & Floods,Parts of Nagaland,Nagaland,,,7.0,0.0,0.0,0.0,,IMD,2020.0,7.0,7.0
2020-07-01,2020-07-07,7.0,Unknown,"Gurdaspur, Hoshiarpur, Amritsar, Jalandhar, Tarn Taran, Rupnagar, Shahid Bhagat Singh Nagar, Fazilka, Moga, Ludhiana, S.A.S Nagar*, Faridkot, Fatehgarh Sahib, Sri Sri Muktsar Sahib Sahib, Sangrur, Barnala, Bathinda, Patiala, Mansa, Ferozepur, Pathankot, Kapurthala",Punjab,,,2.0,0.0,0.0,0.0,,IMD,2020.0,7.0,2.0
2020-08-05,2020-08-05,1.0,Heavy rains,Bharatpur,Rajasthan,,,2.0,0.0,0.0,0.0,,IMD,2020.0,8.0,2.0
2020-06-06,2020-06-06,1.0,Landslide,Namchi,Sikkim,,,2.0,0.0,0.0,0.0,,IMD,2020.0,6.0,2.0
2020-09-06,2020-09-06,1.0,Heavy Rains & Landslide,Gyalshing,Sikkim,,,0.0,0.0,0.0,2.0,"i) Damage to cultivable lands & fruits orchard, ginger farm at Lower Yangtey, near Geyzing reported. ii) Extensive damage to public & private property reported. iii) Damage to many houses reported. iv) Many people shifted to safer places. v) Damage to road near Ranginiver dam reported. vi) Traffic disruption due to landslide reported.",IMD,2020.0,9.0,0.0
2020-10-02,2020-10-02,1.0,Landslide,Gyalshing,Sikkim,,,2.0,3.0,0.0,0.0,2 houses washed away.,IMD,2020.0,10.0,5.0
2020-10-01,,20.0,"Heavy Rains,Floods",Hyderabad & Parts of Telangana,Telangana,,,61.0,0.0,6.0,0.0,"i) Hyderabad Municipal Corporation area worst affected which includes 55 building/wall collapses incidences. ii) Many vehicles washed away. iii) Damage to more than 3400 houses reported. iv) Extensive damage to public & private property including power infrastructure, Falaknuma Bridges, Golconda Fort reported. v) Massive water logging in many areas reported. vi) The Chaderghat bridge in Hyderabad city inundated. vii) More than 80,000 people shifted to safer places by teams from State,National Disaster Response Forces along with military personnel.",IMD,2020.0,10.0,67.0
2020-08-08,2020-08-08,1.0,"Heavy rains & Floods in Sharada, Rapti, Sharayu & Ghagara River","Ambedkar Nagar,  Ayodhya, Azamgarh, Bahraich, Ballia, Balrampur, Bara Banki, Basti, Deoria, Gonda, Gorakhpur, Kushinagar, Kheri, Mahrajganj, Mau, Sant Kabir Nagar, Siddharthnagar, Sitapur",Uttar Pradesh,,,0.0,0.0,0.0,0.0,i) Damage to standing crops reported. ii) 672 villages affected.,IMD,2020.0,8.0,0.0
2020-06-01,2020-07-07,37.0,Heavy rains & Floods,Parts of West Bengal,West Bengal,,,90.0,0.0,0.0,0.0,,IMD,2020.0,6.0,90.0
2020-07-08,,13.0,Heavy rains & Floods,Parts of West Bengal,West Bengal,,,52.0,0.0,0.0,0.0,"i) 2,000 houses submerged in Jalpaiguri district alone. ii) More than 5,000 people affected",IMD,2020.0,7.0,52.0
2020-05-02,2020-05-02,1.0,Cloudburst,Kishtwar,Jammu & Kashmir,,,2.0,0.0,0.0,0.0,,IMD,2020.0,5.0,2.0
2020-06-03,2020-06-03,1.0,Heavy rains,"Kulgam, Shopian",Jammu & Kashmir,,,0.0,0.0,0.0,0.0,Huge loss of crops & fruits reported.,IMD,2020.0,6.0,0.0
2020-06-06,2020-06-06,1.0,Heavy rains,"Budgam, Srinagar",Jammu & Kashmir,,,0.0,0.0,0.0,0.0,i) Damage to standing crops reported. ii) Several trees uprooted. iii) Water logging in several lanes of Srinagar city.,IMD,2020.0,6.0,0.0
2020-08-09,2020-08-09,1.0,Cloudburst / flash floods,Pulwama,Jammu & Kashmir,,,1.0,4.0,0.0,0.0,,IMD,2020.0,8.0,5.0
2021-06-09,2021-06-09,1.0,Heavy rains & Floods,West Godavari,Andhra Pradesh,,,2.0,0.0,0.0,0.0,,IMD,2021.0,6.0,2.0
2021-08-11,,14.0,Heavy rains & Floods,Ananthapuramuamu,Andhra Pradesh,,,7.0,0.0,1.0,0.0,,IMD,2021.0,8.0,8.0
2021-08-11,,14.0,Heavy rains & Floods,Chittoor,Andhra Pradesh,,,13.0,0.0,0.0,0.0,,IMD,2021.0,8.0,13.0
2021-08-11,,14.0,Heavy rains & Floods,Y.S.R.,Andhra Pradesh,,,13.0,0.0,11.0,0.0,,IMD,2021.0,8.0,24.0
2021-08-11,,14.0,Heavy rains & Floods,Kurnool,Andhra Pradesh,,,3.0,0.0,0.0,0.0,,IMD,2021.0,8.0,3.0
2021-08-11,,14.0,Heavy rains & Floods,Sri Potti Sriramulu Nellore,Andhra Pradesh,,,0.0,0.0,1.0,0.0,,IMD,2021.0,8.0,1.0
2021-08-11,,14.0,Heavy rains & Floods,Parts of Andhra Pradesh,Andhra Pradesh,,,8.0,0.0,4.0,2400.0,,IMD,2021.0,8.0,12.0
2021-01-06,,30.0,"Heavy Rains  & Flood (Brahmaputra,tributaries)","Bongaigaon, Dhemaji, Dibrugarh, Sivasagar",Assam,,,0.0,0.0,0.0,0.0,,IMD,2021.0,1.0,0.0
2021-01-09,2021-01-09,1.0,"Heavy Rains  & Flood (Brahmaputra,tributaries)","Barpeta, Biswanath, Bongaigaon, Chirang, Darrang, Dhemaji, Dhubri, Dibrugarh, Goalpara, Golaghat, Jorhat, Kamrup, Kamrup Metro, Lakhimpur, Majuli, Marigaon, Nagaon, Nalbari, Sivasagar, Sonitpur, South Salmara Mancachar",Assam,,,0.0,0.0,0.0,0.0,,IMD,2021.0,1.0,0.0
2021-01-09,2021-01-09,1.0,"Heavy Rains  & Flood (Brahmaputra,tributaries)",Barpeta,Assam,,,1.0,0.0,0.0,0.0,,IMD,2021.0,1.0,1.0
2021-01-09,2021-01-09,1.0,"Heavy Rains  & Flood (Brahmaputra,tributaries)",Majuli,Assam,,,1.0,0.0,0.0,0.0,,IMD,2021.0,1.0,1.0
2021-02-09,2021-02-09,1.0,"Heavy Rains  & Flood (Brahmaputra,tributaries)","Barpeta, Biswanath, Bongaigaon, Chirang, Darrang, Dhemaji, Dhubri, Dibrugarh, Goalpara, Golaghat, Jorhat, Kamrup, Kamrup Metro, Lakhimpur, Majuli, Marigaon, Nagaon, Nalbari, Sivasagar, Sonitpur, South Salmara Mancachar",Assam,,,0.0,0.0,0.0,0.0,,IMD,2021.0,2.0,0.0
2021-02-09,2021-02-09,1.0,"Heavy Rains  & Flood (Brahmaputra,tributaries)","Kamrup,",Assam,,,1.0,0.0,0.0,0.0,,IMD,2021.0,2.0,1.0
2021-02-09,2021-02-09,1.0,"Heavy Rains  & Flood (Brahmaputra,tributaries)","Marigaon,",Assam,,,1.0,0.0,0.0,0.0,,IMD,2021.0,2.0,1.0
2021-03-09,2021-03-09,1.0,"Heavy Rains  & Flood (Brahmaputra,tributaries)","Barpeta, Biswanath, Bongaigaon, Cachar, Chirang, Darrang, Dhemaji, Dhubri, Dibrugarh, Goalpara, Golaghat, Jorhat, Kamrup, Kamrup Metro, Lakhimpur, Majuli, Marigaon, Nagaon, Nalbari, Sivasagar, Sonitpur, South Salmara Mancachar",Assam,,,0.0,0.0,0.0,0.0,,IMD,2021.0,3.0,0.0
2021-03-09,2021-03-09,1.0,"Heavy Rains  & Flood (Brahmaputra,tributaries)",Goalpara,Assam,,,1.0,0.0,0.0,0.0,,IMD,2021.0,3.0,1.0
2021-04-09,2021-04-09,1.0,"Heavy Rains  & Flood (Brahmaputra,tributaries)","Barpeta, Biswanath, Bongaigaon, Chirang, Darrang, Dhemaji, Dhubri, Goalpara, Golaghat, Jorhat, Kamrup, Kamrup Metro, Lakhimpur, Marigaon, Nagaon, Sonitpur, South Salmara Mancachar",Assam,,,0.0,0.0,0.0,0.0,,IMD,2021.0,4.0,0.0
2021-04-09,2021-04-09,1.0,"Heavy Rains  & Flood (Brahmaputra,tributaries)",Marigaon,Assam,,,3.0,0.0,0.0,0.0,,IMD,2021.0,4.0,3.0
2021-05-09,2021-05-09,1.0,"Heavy Rains  & Flood (Brahmaputra,tributaries)","Barpeta, Bongaigaon, Chirang, Darrang, Dhemaji, Goalpara, Golaghat, Kamrup, Kamrup Metro, Lakhimpur, Marigaon, Nagaon, Sonitpur, South Salmara Mancachar",Assam,,,0.0,0.0,0.0,0.0,,IMD,2021.0,5.0,0.0
2021-05-09,2021-05-09,1.0,"Heavy Rains  & Flood (Brahmaputra,tributaries)",Marigaon,Assam,,,1.0,0.0,0.0,1.0,,IMD,2021.0,5.0,1.0
2021-06-09,2021-06-09,1.0,"Heavy Rains  & Flood (Brahmaputra,tributaries)",Marigaon,Assam,,,1.0,0.0,0.0,0.0,,IMD,2021.0,6.0,1.0
2021-06-09,2021-06-09,1.0,"Heavy Rains  & Flood (Brahmaputra,tributaries)","Barpeta, Chirang, Darrang, Dhemaji, Goalpara, Golaghat, Kamrup, Kamrup Metro, Lakhimpur, Marigaon, Nagaon, Sonitpur",Assam,,,0.0,0.0,0.0,0.0,,IMD,2021.0,6.0,0.0
2021-07-09,2021-07-09,1.0,"Heavy Rains  & Flood (Brahmaputra,tributaries)","Chirang, Darrang, Dhemaji, Dibrugarh, Goalpara, Golaghat, Kamrup, Kamrup Metro, Marigaon, Nagaon, Sonitpur",Assam,,,0.0,0.0,0.0,0.0,,IMD,2021.0,7.0,0.0
2021-07-09,2021-07-09,1.0,"Heavy Rains  & Flood (Brahmaputra,tributaries)",Marigaon,Assam,,,1.0,0.0,0.0,0.0,,IMD,2021.0,7.0,1.0
2021-07-08,,11.0,Heavy Rains & floods in Ganga & tributaries,"Begusarai, Bhagalpur, Bhojpur, Buxar, Darbhanga, Katihar, Khagaria, Lakhisarai, Munger, Muzaffarpur, Patna, Saharsa, Samastipur, Saran, Vaishali",Bihar,,,12.0,0.0,0.0,0.0,,IMD,2021.0,7.0,12.0
2021-10-07,2021-10-07,1.0,Heavy Rains,Amreli,Gujarat,,,0.0,0.0,0.0,0.0,,IMD,2021.0,10.0,0.0
2021-07-09,,8.0,Heavy Rains & Floods,"Ahmedabad, Jamnagar, Junagadh, Porbandar, Rajkot, Valsad",Gujarat,,,7.0,0.0,0.0,0.0,,IMD,2021.0,7.0,7.0
2021-12-07,2021-12-07,1.0,Cloud Burst & Floods (Manjhi River),Kangra,Himachal Pradesh,,,2.0,0.0,0.0,0.0,,IMD,2021.0,12.0,2.0
2021-12-07,2021-12-07,1.0,Landslide,Kangra,Himachal Pradesh,,,6.0,0.0,0.0,0.0,,IMD,2021.0,12.0,6.0
2021-03-08,2021-03-08,1.0,Landslide,Solan,Himachal Pradesh,,,1.0,0.0,2.0,0.0,,IMD,2021.0,3.0,3.0
2021-11-08,2021-11-08,1.0,Landslide,Kinnaur,Himachal Pradesh,,,25.0,13.0,0.0,0.0,,IMD,2021.0,11.0,38.0
2021-06-04,2021-06-04,1.0,Heavy rains,Yadgir,Karnataka,,,0.0,1.0,0.0,0.0,,IMD,2021.0,6.0,1.0
2021-11-04,2021-12-04,2.0,Heavy rains,Dakshina Kannada,Karnataka,,,0.0,0.0,0.0,0.0,,IMD,2021.0,11.0,0.0
2021-11-04,2021-12-04,2.0,Heavy rains,Davangere����,Karnataka,,,1.0,0.0,0.0,0.0,,IMD,2021.0,11.0,1.0
2021-03-10,2021-06-10,4.0,Heavy Rains,Belagavi,Karnataka,,,7.0,0.0,0.0,0.0,,IMD,2021.0,3.0,7.0
2021-03-10,2021-06-10,4.0,Heavy Rains,Tumakuru,Karnataka,,,1.0,1.0,0.0,0.0,,IMD,2021.0,3.0,2.0
2021-03-01,2021-03-01,1.0,Heavy   Rains,Kasaragod,Kerala,,,0.0,0.0,0.0,0.0,,IMD,2021.0,3.0,0.0
2021-10-01,2021-10-01,1.0,Heavy   Rains,Wayanad,Kerala,,,0.0,0.0,0.0,0.0,,IMD,2021.0,10.0,0.0
2021-02-04,2021-02-04,1.0,Heavy   Rains & Mudslide,Thiruvananthapuram,Kerala,,,0.0,0.0,0.0,0.0,,IMD,2021.0,2.0,0.0
2021-10-04,2021-10-04,1.0,Heavy   Rains,Kozhikode,Kerala,,,0.0,0.0,0.0,0.0,,IMD,2021.0,10.0,0.0
2021-11-04,2021-12-04,2.0,Heavy   Rains,Thiruvananthapuram,Kerala,,,0.0,0.0,0.0,0.0,,IMD,2021.0,11.0,0.0
2021-12-05,2021-12-05,1.0,Heavy rains & Flood,Thiruvananthapuram,Kerala,,,0.0,0.0,0.0,0.0,,IMD,2021.0,12.0,0.0
2021-05-06,2021-05-06,1.0,Landslides,Thiruvananthapuram,Kerala,,,0.0,0.0,0.0,0.0,,IMD,2021.0,5.0,0.0
2021-03-08,2021-03-08,1.0,Heavy rains,Idukki,Kerala,,,0.0,0.0,0.0,0.0,,IMD,2021.0,3.0,0.0
2021-02-10,2021-02-10,1.0,Heavy rains,Thrissur,Kerala,,,0.0,0.0,0.0,300.0,,IMD,2021.0,2.0,0.0
2021-05-10,2021-05-10,1.0,Heavy rains & Landslips,Thiruvananthapuram,Kerala,,,0.0,0.0,0.0,0.0,,IMD,2021.0,5.0,0.0
2021-09-10,2021-09-10,1.0,Heavy rains,"Alappuzha, Thiruvananthapuram",Kerala,,,0.0,0.0,0.0,0.0,,IMD,2021.0,9.0,0.0
2021-11-10,2021-11-10,1.0,Heavy Rains & Mudslide,Kollam,Kerala,,,1.0,0.0,0.0,0.0,,IMD,2021.0,11.0,1.0
2021-11-10,2021-11-10,1.0,Heavy Rains & Mudslide,Malappuram,Kerala,,,2.0,0.0,0.0,0.0,,IMD,2021.0,11.0,2.0
2021-12-10,2021-12-10,1.0,"Heavy Rains, Floods & Landslides","Ernakulam, Kannur, Kottayam, Kozhikode, Palakkad, Pathanamthitta, Thiruvananthapuram, Thrissur",Kerala,,,0.0,0.0,0.0,0.0,,IMD,2021.0,12.0,0.0
2021-12-10,2021-12-10,1.0,"Heavy Rains, Floods & Landslides",Ernakulam,Kerala,,,0.0,0.0,0.0,0.0,,IMD,2021.0,12.0,0.0
2021-12-10,2021-12-10,1.0,"Heavy Rains, Floods & Landslides",Kannur,Kerala,,,0.0,0.0,0.0,0.0,,IMD,2021.0,12.0,0.0
2021-12-10,2021-12-10,1.0,"Heavy Rains, Floods & Landslides",Kottayam,Kerala,,,0.0,1.0,0.0,0.0,,IMD,2021.0,12.0,1.0
2021-12-10,2021-12-10,1.0,"Heavy Rains, Floods & Landslides",Kozhikode,Kerala,,,1.0,0.0,0.0,0.0,,IMD,2021.0,12.0,1.0
2021-12-10,2021-12-10,1.0,"Heavy Rains, Floods & Landslides",Palakkad,Kerala,,,0.0,0.0,0.0,0.0,,IMD,2021.0,12.0,0.0
2021-12-10,2021-12-10,1.0,"Heavy Rains, Floods & Landslides",Pathanamthitta,Kerala,,,1.0,0.0,0.0,0.0,,IMD,2021.0,12.0,1.0
2021-12-10,2021-12-10,1.0,"Heavy Rains, Floods & Landslides",Thiruvananthapuram,Kerala,,,0.0,0.0,0.0,1502.0,,IMD,2021.0,12.0,0.0
2021-12-10,2021-12-10,1.0,"Heavy Rains, Floods & Landslides",Thrissur,Kerala,,,0.0,0.0,0.0,0.0,,IMD,2021.0,12.0,0.0
2021-11-10,,9.0,"Heavy rains, Floods & Landslides","Alappuzha, Idukki, Ernakulam, Kannur, Kottayam, Kollam, Kozhikode, Malappuram, Palakkad,  Pathanamthitta, Thrissur, Thiruvananthapuram",Kerala,,,0.0,0.0,0.0,0.0,,IMD,2021.0,11.0,0.0
2021-11-10,,9.0,"Heavy rains, Floods & Landslides",Alappuzha,Kerala,,,2.0,0.0,0.0,0.0,,IMD,2021.0,11.0,2.0
2021-11-10,,9.0,"Heavy rains, Floods & Landslides",Kannur,Kerala,,,2.0,0.0,0.0,0.0,,IMD,2021.0,11.0,2.0
2021-11-10,,9.0,"Heavy rains, Floods & Landslides",Thrissur,Kerala,,,1.0,0.0,0.0,0.0,,IMD,2021.0,11.0,1.0
2021-02-11,2021-02-11,1.0,Landslip,Kozhikode,Kerala,,,0.0,0.0,0.0,0.0,,IMD,2021.0,2.0,0.0
2021-05-11,2021-05-11,1.0,Heavy Rains & Floods,"Alappuzha, Kottayam",Kerala,,,0.0,0.0,0.0,0.0,,IMD,2021.0,5.0,0.0
2021-10-11,,6.0,Heavy Rains,"Ernakulam, Kannur, Kollam, Kottayam, Thiruvananthapuram, Thrissur",Kerala,,,0.0,0.0,0.0,0.0,,IMD,2021.0,10.0,0.0
2021-10-11,,6.0,Heavy Rains,Ernakulam,Kerala,,,1.0,0.0,0.0,0.0,,IMD,2021.0,10.0,1.0
2021-01-08,2021-07-08,7.0,Heavy Rains & Floods,Bhind,Madhya Pradesh,,,1.0,0.0,0.0,0.0,,IMD,2021.0,1.0,1.0
2021-01-08,2021-07-08,7.0,Heavy Rains & Floods,Gwalior,Madhya Pradesh,,,2.0,0.0,0.0,0.0,,IMD,2021.0,1.0,2.0
2021-01-08,2021-07-08,7.0,Heavy Rains & Floods,Rewa,Madhya Pradesh,,,4.0,0.0,0.0,0.0,,IMD,2021.0,1.0,4.0
2021-01-08,2021-07-08,7.0,Heavy Rains & Floods,Sheopur,Madhya Pradesh,,,1.0,0.0,0.0,0.0,,IMD,2021.0,1.0,1.0
2021-01-08,2021-07-08,7.0,Heavy Rains & Floods,Shivpuri,Madhya Pradesh,,,1.0,0.0,0.0,0.0,,IMD,2021.0,1.0,1.0
2021-01-08,2021-07-08,7.0,Heavy Rains & Floods,Singrauli,Madhya Pradesh,,,2.0,0.0,0.0,0.0,,IMD,2021.0,1.0,2.0
2021-01-08,2021-07-08,7.0,Heavy Rains & Floods,"Ashoknagar, Bhind, Datia, Gwalior, Guna, Morena, Rewa, Sheopur, Shivpuri, Singrauli",Madhya Pradesh,,,19.0,0.0,0.0,0.0,,IMD,2021.0,1.0,19.0
2021-07-01,2021-08-01,2.0,Heavy Rains,Nashik,Maharashtra,,,0.0,0.0,0.0,0.0,,IMD,2021.0,7.0,0.0
2021-07-01,2021-08-01,2.0,Heavy Rains,Pune,Maharashtra,,,0.0,0.0,0.0,0.0,,IMD,2021.0,7.0,0.0
2021-07-05,2021-07-05,1.0,Heavy rains,Latur,Maharashtra,,,0.0,0.0,0.0,0.0,,IMD,2021.0,7.0,0.0
2021-09-05,2021-09-05,1.0,Heavy rains,"Beed, Hingoli, Latur,  Dharashiv, Parbhani",Maharashtra,,,0.0,0.0,0.0,0.0,,IMD,2021.0,9.0,0.0
2021-10-05,,5.0,Heavy Rains,Nagpur,Maharashtra,,,0.0,0.0,0.0,0.0,,IMD,2021.0,10.0,0.0
2021-03-06,2021-03-06,1.0,Heavy rains,Kolhapur,Maharashtra,,,3.0,0.0,0.0,0.0,,IMD,2021.0,3.0,3.0
2021-03-06,2021-03-06,1.0,Heavy Rains,Nagpur,Maharashtra,,,0.0,0.0,0.0,1.0,,IMD,2021.0,3.0,0.0
2021-03-06,,5.0,Heavy Rains,Nagpur,Maharashtra,,,0.0,0.0,0.0,0.0,,IMD,2021.0,3.0,0.0
2021-09-06,2021-09-06,1.0,Heavy rains,"Beed, Yavatmal",Maharashtra,,,0.0,0.0,0.0,0.0,,IMD,2021.0,9.0,0.0
2021-09-06,2021-09-06,1.0,Heavy rains,Mumbai Suburban,Maharashtra,,,11.0,17.0,0.0,0.0,,IMD,2021.0,9.0,28.0
2021-08-07,2021-08-07,1.0,Heavy Rains,Nagpur,Maharashtra,,,0.0,0.0,0.0,0.0,,IMD,2021.0,8.0,0.0
2021-09-07,2021-09-07,1.0,Heavy rains & floods,Dharashiv,Maharashtra,,,2.0,0.0,0.0,0.0,,IMD,2021.0,9.0,2.0
2021-11-07,2021-11-07,1.0,Heavy rains,Ratnagiri,Maharashtra,,,2.0,0.0,0.0,0.0,,IMD,2021.0,11.0,2.0
2021-11-07,2021-11-07,1.0,Heavy rains & floods,Nanded,Maharashtra,,,1.0,0.0,0.0,0.0,,IMD,2021.0,11.0,1.0
2021-12-07,2021-12-07,1.0,Heavy rains & Floods,"Ahmednagar, Hingoli, Kolhapur, Nanded, Parbhani, Raigarh, Ratnagiri, Sindhudurg",Maharashtra,,,0.0,0.0,0.0,0.0,,IMD,2021.0,12.0,0.0
2021-12-07,2021-12-07,1.0,Heavy rains & Floods,Hingoli,Maharashtra,,,2.0,0.0,0.0,0.0,,IMD,2021.0,12.0,2.0
2021-12-07,2021-12-07,1.0,Heavy rains & Floods,Ratnagiri,Maharashtra,,,1.0,0.0,0.0,0.0,,IMD,2021.0,12.0,1.0
2021-12-07,2021-12-07,1.0,Heavy rains & Floods,Parbhani,Maharashtra,,,0.0,0.0,0.0,233.0,,IMD,2021.0,12.0,0.0
2021-01-09,2021-01-09,1.0,Heavy Rains & Floods,Akola,Maharashtra,,,1.0,0.0,0.0,0.0,,IMD,2021.0,1.0,1.0
2021-06-09,2021-06-09,1.0,Heavy Rains & Floods,"Beed,",Maharashtra,,,3.0,0.0,0.0,0.0,,IMD,2021.0,6.0,3.0
2021-06-09,2021-06-09,1.0,Heavy Rains & Floods,"Beed, Jalna, Dharashiv, Parbhani",Maharashtra,,,0.0,0.0,0.0,0.0,,IMD,2021.0,6.0,0.0
2021-07-09,2021-07-09,1.0,Heavy Rains & Floods,"Akola, Beed, Aurangabad, Akola, Beed, Buldhana, Gondia, Jalgaon, Jalna, Latur, Nanded, Dharashiv, Parbhani, Raigarh, Ratnagiri, Washim, Yavatmal",Maharashtra,,,0.0,0.0,0.0,0.0,,IMD,2021.0,7.0,0.0
2021-07-09,2021-07-09,1.0,Heavy Rains & Floods,Akola,Maharashtra,,,2.0,0.0,0.0,0.0,,IMD,2021.0,7.0,2.0
2021-07-09,2021-07-09,1.0,Heavy Rains & Floods,Beed,Maharashtra,,,1.0,0.0,0.0,0.0,,IMD,2021.0,7.0,1.0
2021-07-09,2021-07-09,1.0,Heavy Rains & Floods,Gondia,Maharashtra,,,4.0,0.0,0.0,0.0,,IMD,2021.0,7.0,4.0
2021-07-09,2021-07-09,1.0,Heavy Rains & Floods,Nanded,Maharashtra,,,2.0,0.0,0.0,0.0,,IMD,2021.0,7.0,2.0
2021-07-09,2021-07-09,1.0,Heavy Rains & Floods,Washim,Maharashtra,,,1.0,0.0,0.0,0.0,,IMD,2021.0,7.0,1.0
2021-07-09,2021-07-09,1.0,Heavy Rains & Floods,Yavatmal,Maharashtra,,,2.0,0.0,0.0,0.0,,IMD,2021.0,7.0,2.0
2021-01-09,2021-10-09,10.0,Heavy Rains & Floods,"Aurangabad, Jalna, Latur",Maharashtra,,,0.0,0.0,0.0,0.0,,IMD,2021.0,1.0,0.0
2021-01-09,2021-10-09,10.0,Heavy Rains & Floods,Jalna,Maharashtra,,,0.0,0.0,0.0,1687.0,,IMD,2021.0,1.0,0.0
2021-08-09,2021-10-09,3.0,Heavy Rains & Floods,"Nagpur, Washim",Maharashtra,,,0.0,0.0,0.0,0.0,,IMD,2021.0,8.0,0.0
2021-02-10,2021-02-10,1.0,Heavy Rains,"Aurangabad, Beed, Jalna, Parbhani",Maharashtra,,,0.0,0.0,0.0,0.0,,IMD,2021.0,2.0,0.0
2021-03-10,2021-03-10,1.0,Heavy Rains,Washim,Maharashtra,,,0.0,0.0,0.0,5.0,,IMD,2021.0,3.0,0.0
2021-04-10,2021-05-10,2.0,Heavy Rains,"Hingoli, Washim",Maharashtra,,,0.0,0.0,0.0,0.0,,IMD,2021.0,4.0,0.0
2021-06-10,2021-06-10,1.0,Heavy Rains & Floods (Girija river),Aurangabad,Maharashtra,,,3.0,0.0,0.0,0.0,,IMD,2021.0,6.0,3.0
2021-06-10,2021-06-10,1.0,Heavy Rains & Floods (Girija river),Pune,Maharashtra,,,0.0,0.0,0.0,0.0,,IMD,2021.0,6.0,0.0
2021-09-10,2021-09-10,1.0,Heavy Rains & Floods,Ahmednagar,Maharashtra,,,1.0,0.0,0.0,1.0,,IMD,2021.0,9.0,1.0
2021-09-10,2021-09-10,1.0,Heavy Rains & Floods,Dharashiv,Maharashtra,,,1.0,0.0,0.0,0.0,,IMD,2021.0,9.0,1.0
2021-09-10,2021-09-10,1.0,Heavy Rains & Floods,"Ahmednagar, Nashik, Dharashiv, Pune",Maharashtra,,,0.0,0.0,0.0,0.0,,IMD,2021.0,9.0,0.0
2021-05-11,2021-05-11,1.0,Heavy Rains,Nashik,Maharashtra,,,0.0,0.0,0.0,0.0,,IMD,2021.0,5.0,0.0
2021-01-12,2021-02-12,2.0,Heavy Rains,"Dhule, Jalgaon, Kolhapur, Nandurbar, Nashik, Palghar, Pune,  Raigarh, Ratnagiri, Sangli, Satara, Sindhudurg, Solapur, Thane",Maharashtra,,,0.0,0.0,0.0,0.0,,IMD,2021.0,1.0,0.0
2021-04-12,2021-04-12,1.0,Heavy Rains & Floods,Washim,Maharashtra,,,0.0,0.0,0.0,0.0,,IMD,2021.0,4.0,0.0
2021-12-09,,2.0,Heavy Rains & Floods,"Anugul, Cuttack, Dhenkanal, Jagatsinghapur,Jajapur, Kalahandi, Kandhamal, Kendrapara, Khordha, Koraput, Puri",Odisha,,,0.0,0.0,0.0,0.0,,IMD,2021.0,12.0,0.0
2021-12-09,,2.0,Heavy Rains & Floods,Kendrapara,Odisha,,,2.0,0.0,0.0,0.0,,IMD,2021.0,12.0,2.0
2021-12-09,,2.0,Heavy Rains & Floods,Khordha,Odisha,,,1.0,0.0,0.0,0.0,,IMD,2021.0,12.0,1.0
2021-03-08,2021-03-08,1.0,Heavy rains,Karauli,Rajasthan,,,2.0,0.0,0.0,0.0,,IMD,2021.0,3.0,2.0
2021-05-08,2021-05-08,1.0,Heavy rains,Bundi,Rajasthan,,,7.0,0.0,0.0,0.0,,IMD,2021.0,5.0,7.0
2021-05-08,2021-05-08,1.0,Heavy rains,Tonk,Rajasthan,,,2.0,0.0,0.0,0.0,,IMD,2021.0,5.0,2.0
2021-09-04,2021-09-04,1.0,Heavy Rains,Gangtok,Sikkim,,,0.0,0.0,0.0,0.0,,IMD,2021.0,9.0,0.0
2021-10-06,2021-10-06,1.0,Landslide,Gangtok,Sikkim,,,1.0,0.0,0.0,0.0,,IMD,2021.0,10.0,1.0
2021-06-11,,16.0,Heavy rains & Floods,Chennai,Tamil Nadu,,,4.0,0.0,0.0,0.0,,IMD,2021.0,6.0,4.0
2021-06-11,,16.0,Heavy rains & Floods,Kallakurichi,Tamil Nadu,,,0.0,0.0,0.0,0.0,,IMD,2021.0,6.0,0.0
2021-06-11,,16.0,Heavy rains & Floods,Krishnagiri,Tamil Nadu,,,0.0,0.0,0.0,0.0,,IMD,2021.0,6.0,0.0
2021-06-11,,16.0,Heavy rains & Floods,Madurai,Tamil Nadu,,,0.0,0.0,0.0,0.0,,IMD,2021.0,6.0,0.0
2021-06-11,,16.0,Heavy rains & Floods,Thanjavur,Tamil Nadu,,,0.0,0.0,0.0,0.0,,IMD,2021.0,6.0,0.0
2021-06-11,,16.0,Heavy rains & Floods,Theni,Tamil Nadu,,,0.0,0.0,0.0,0.0,,IMD,2021.0,6.0,0.0
2021-06-11,,16.0,Heavy rains & Floods,Tiruvannamalai,Tamil Nadu,,,0.0,0.0,0.0,0.0,,IMD,2021.0,6.0,0.0
2021-06-11,,16.0,Heavy rains & Floods,Vellore,Tamil Nadu,,,0.0,0.0,0.0,0.0,,IMD,2021.0,6.0,0.0
2021-06-11,,16.0,Heavy rains & Floods,Viluppuram,Tamil Nadu,,,0.0,0.0,0.0,0.0,,IMD,2021.0,6.0,0.0
2021-07-11,2021-07-11,1.0,Heavy Rains,Chennai,Tamil Nadu,,,1.0,0.0,0.0,0.0,,IMD,2021.0,7.0,1.0
2021-10-11,2021-10-11,1.0,Heavy Rains,Thanjavur,Tamil Nadu,,,2.0,0.0,0.0,0.0,,IMD,2021.0,10.0,2.0
2021-06-09,2021-06-09,1.0,Heavy rains & Floods,"Bhadradri Bhadradri Kothagudem Bhadradri Kothagudem, Karimnagar, Khammam, Rajanna Sircilla, Warangal, Warangal, Warangal, Warangal",Telangana,,,0.0,0.0,0.0,0.0,,IMD,2021.0,6.0,0.0
2021-06-09,2021-06-09,1.0,Heavy rains & Floods,Bhadradri Bhadradri Kothagudem,Telangana,,,2.0,0.0,0.0,0.0,,IMD,2021.0,6.0,2.0
2021-06-09,2021-06-09,1.0,Heavy rains & Floods,"Warangal, Warangal, Warangal, Warangal",Telangana,,,1.0,0.0,0.0,0.0,,IMD,2021.0,6.0,1.0
2021-08-10,2021-08-10,1.0,Heavy Rains & Floods,Hyderabad,Telangana,,,2.0,0.0,0.0,0.0,,IMD,2021.0,8.0,2.0
2021-01-08,2021-09-08,9.0,Heavy rains & Floods,"Banda, Baghpat, Ballia, Budaun, Chitrakoot, Etawah, Gonda, Hamirpur, Jalaun, Prayagraj, Varanasi",Uttar Pradesh,,,9.0,0.0,0.0,0.0,,IMD,2021.0,1.0,9.0
2021-07-02,2021-07-02,1.0,Nandadevi Glacier breaks off at Joshimath,Chamoli,Uttarakhand,,,70.0,0.0,205.0,0.0,,IMD,2021.0,7.0,275.0
2021-11-07,2021-11-07,1.0,Landslide,Bageshwar,Uttarakhand,,,3.0,0.0,0.0,0.0,,IMD,2021.0,11.0,3.0
2021-11-07,2021-11-07,1.0,Landslide,Chamoli,Uttarakhand,,,3.0,0.0,0.0,0.0,,IMD,2021.0,11.0,3.0
2021-11-05,2021-11-05,1.0,Heavy rains,Kolkata,West Bengal,,,1.0,0.0,0.0,0.0,,IMD,2021.0,11.0,1.0
2021-02-08,2021-03-08,2.0,Heavy rains,"Purba Purba Bardhaman, Howrah, Hooghly, North 24 Parganas",West Bengal,,,15.0,0.0,0.0,0.0,,IMD,2021.0,2.0,15.0
2021-06-05,2021-06-05,1.0,Flash Floods,Anantnag,Jammu & Kashmir,,,1.0,0.0,0.0,0.0,,IMD,2021.0,6.0,1.0
2021-07-05,2021-07-05,1.0,Cloud burst & Flash Floods,Ganderbal,Jammu & Kashmir,,,0.0,0.0,0.0,0.0,,IMD,2021.0,7.0,0.0
2021-03-06,2021-03-06,1.0,Cloud burst,Kupwara,Jammu & Kashmir,,,0.0,0.0,0.0,0.0,,IMD,2021.0,3.0,0.0
2021-12-07,2021-12-07,1.0,Cloud burst & Flash Floods,Ganderbal,Jammu & Kashmir,,,0.0,0.0,0.0,0.0,,IMD,2021.0,12.0,0.0
2021-01-08,2021-01-08,1.0,Flash Floods,Ganderbal,Jammu & Kashmir,,,0.0,0.0,0.0,0.0,,IMD,2021.0,1.0,0.0
2021-09-09,2021-10-09,2.0,Heavy rains & Flash Floods,"Kupwara, Rajouri",Jammu & Kashmir,,,0.0,0.0,0.0,0.0,,IMD,2021.0,9.0,0.0
2021-11-09,2021-12-09,2.0,Cloud burst,Baramulla,Jammu & Kashmir,,,5.0,1.0,0.0,0.0,,IMD,2021.0,11.0,6.0
2021-12-09,2021-12-09,1.0,Flash Floods,Rajouri,Jammu & Kashmir,,,1.0,0.0,0.0,0.0,,IMD,2021.0,12.0,1.0
2021-01-10,2021-01-10,1.0,Flash Floods,Rajouri,Jammu & Kashmir,,,2.0,0.0,0.0,0.0,,IMD,2021.0,1.0,2.0
2022-04-05,2022-04-05,1.0,Heavy rains,Guntur,Andhra Pradesh,,,0.0,0.0,0.0,0.0,,IMD,2022.0,4.0,0.0
2022-04-05,2022-04-05,1.0,Heavy rains,several other district (Andhra Pradesh),Andhra Pradesh,,,0.0,0.0,0.0,0.0,,IMD,2022.0,4.0,0.0
2022-01-07,2022-01-07,62.0,Heavy rains & Floods (Godavari River),Visakhapatnam,Andhra Pradesh,,,0.0,0.0,0.0,0.0,,IMD,2022.0,1.0,0.0
2022-01-07,2022-01-07,62.0,Heavy rains & Floods (Godavari River),East Godavari,Andhra Pradesh,,,0.0,0.0,0.0,0.0,,IMD,2022.0,1.0,0.0
2022-01-07,2022-01-07,62.0,Heavy rains & Floods (Godavari River),Dakshina Kannada,Andhra Pradesh,,,0.0,0.0,0.0,0.0,,IMD,2022.0,1.0,0.0
2022-06-04,2022-06-04,1.0,Landslide,Itanagar,Arunachal Pradesh,,,0.0,0.0,0.0,0.0,,IMD,2022.0,6.0,0.0
2022-10-05,2022-11-05,1.0,Landslide,Anjaw,Arunachal Pradesh,,,0.0,0.0,0.0,0.0,,IMD,2022.0,10.0,0.0
2022-02-06,2022-03-06,2.0,"Heavy Rains, Landslides",Itanagar,Arunachal Pradesh,,,0.0,0.0,0.0,0.0,,IMD,2022.0,2.0,0.0
2022-02-06,2022-03-06,2.0,"Heavy Rains, Landslides",Upper Lower Subansiri,Arunachal Pradesh,,,0.0,0.0,0.0,0.0,,IMD,2022.0,2.0,0.0
2022-01-07,2022-08-07,8.0,"Heavy Rains, Flood & Landslides",Kra Daadi,Arunachal Pradesh,,,0.0,0.0,0.0,0.0,,IMD,2022.0,1.0,0.0
2022-01-07,2022-08-07,8.0,"Heavy Rains, Flood & Landslides",Kamle,Arunachal Pradesh,,,0.0,0.0,0.0,0.0,,IMD,2022.0,1.0,0.0
2022-01-07,2022-08-07,8.0,"Heavy Rains, Flood & Landslides",Kurung Kumey,Arunachal Pradesh,,,0.0,0.0,0.0,0.0,,IMD,2022.0,1.0,0.0
2022-01-07,2022-08-07,8.0,"Heavy Rains, Flood & Landslides",Longding,Arunachal Pradesh,,,0.0,0.0,0.0,0.0,,IMD,2022.0,1.0,0.0
2022-01-07,2022-08-07,8.0,"Heavy Rains, Flood & Landslides",Papum Pare,Arunachal Pradesh,,,0.0,0.0,0.0,0.0,,IMD,2022.0,1.0,0.0
2022-01-07,2022-08-07,8.0,"Heavy Rains, Flood & Landslides",Tawang,Arunachal Pradesh,,,0.0,0.0,0.0,0.0,,IMD,2022.0,1.0,0.0
2022-01-07,2022-08-07,8.0,"Heavy Rains, Flood & Landslides",Upper Lower Subansiri,Arunachal Pradesh,,,0.0,0.0,0.0,0.0,,IMD,2022.0,1.0,0.0
2022-01-07,2022-08-07,8.0,"Heavy Rains, Flood & Landslides",West Siang,Arunachal Pradesh,,,0.0,0.0,0.0,0.0,,IMD,2022.0,1.0,0.0
2022-02-08,2022-04-08,3.0,Landslides,"East Kameng, West Kameng",Arunachal Pradesh,,,0.0,0.0,0.0,0.0,,IMD,2022.0,2.0,0.0
2022-02-08,2022-04-08,3.0,Landslides,Kra Daadi,Arunachal Pradesh,,,0.0,0.0,0.0,0.0,,IMD,2022.0,2.0,0.0
2022-02-08,2022-04-08,3.0,Landslides,Kurung Kumey,Arunachal Pradesh,,,0.0,0.0,0.0,0.0,,IMD,2022.0,2.0,0.0
2022-02-08,2022-04-08,3.0,Landslides,Leparada,Arunachal Pradesh,,,0.0,0.0,0.0,0.0,,IMD,2022.0,2.0,0.0
2022-05-08,2022-05-08,1.0,Massive Landslide,Kra Daadi,Arunachal Pradesh,,,3.0,1.0,0.0,0.0,,IMD,2022.0,5.0,4.0
2022-08-08,2022-08-08,1.0,Landslide,Itanagar,Arunachal Pradesh,,,1.0,0.0,0.0,0.0,,IMD,2022.0,8.0,1.0
2022-08-08,2022-10-08,3.0,"Heavy Rains, Flood & Landslides",Itanagar,Arunachal Pradesh,,,0.0,0.0,0.0,5.0,,IMD,2022.0,8.0,0.0
2022-08-08,2022-10-08,3.0,"Heavy Rains, Flood & Landslides",Kra Daadi,Arunachal Pradesh,,,0.0,0.0,0.0,0.0,,IMD,2022.0,8.0,0.0
2022-08-08,2022-10-08,3.0,"Heavy Rains, Flood & Landslides",Tawang,Arunachal Pradesh,,,0.0,0.0,0.0,0.0,,IMD,2022.0,8.0,0.0
2022-10-10,,4.0,"Heavy Rains, Flood & Landslides","Dibang Valley, Lower Dibang Valley",Arunachal Pradesh,,,0.0,0.0,0.0,0.0,,IMD,2022.0,10.0,0.0
2022-10-10,,4.0,"Heavy Rains, Flood & Landslides",Itanagar,Arunachal Pradesh,,,0.0,0.0,0.0,0.0,,IMD,2022.0,10.0,0.0
2022-12-05,,2.0,"Heavy rains, Floods (Brahmaputra,tributaries) & Landslide",Cachar,Assam,,,0.0,0.0,0.0,0.0,,IMD,2022.0,12.0,0.0
2022-12-05,,2.0,"Heavy rains, Floods (Brahmaputra,tributaries) & Landslide",Dhemaji,Assam,,,0.0,0.0,0.0,0.0,,IMD,2022.0,12.0,0.0
2022-12-05,,2.0,"Heavy rains, Floods (Brahmaputra,tributaries) & Landslide",Dima Hasao,Assam,,,0.0,0.0,0.0,0.0,,IMD,2022.0,12.0,0.0
2022-12-05,,2.0,"Heavy rains, Floods (Brahmaputra,tributaries) & Landslide",Hojai,Assam,,,0.0,0.0,0.0,0.0,,IMD,2022.0,12.0,0.0
2022-12-05,,2.0,"Heavy rains, Floods (Brahmaputra,tributaries) & Landslide",Kamrup Metro,Assam,,,0.0,0.0,0.0,0.0,,IMD,2022.0,12.0,0.0
2022-12-05,,2.0,"Heavy rains, Floods (Brahmaputra,tributaries) & Landslide",Karbi Anglong,Assam,,,0.0,0.0,0.0,0.0,,IMD,2022.0,12.0,0.0
2022-12-05,,2.0,"Heavy rains, Floods (Brahmaputra,tributaries) & Landslide",Nagaon,Assam,,,0.0,0.0,0.0,0.0,,IMD,2022.0,12.0,0.0
2022-12-05,,1.0,Landslide,Dima Hasao,Assam,,,3.0,0.0,0.0,0.0,,IMD,2022.0,12.0,3.0
2022-12-05,,1.0,"Heavy rains & Floods (Brahmaputra,tributaries)",Cachar,Assam,,,0.0,0.0,3.0,0.0,,IMD,2022.0,12.0,3.0
2022-01-07,2022-01-07,1.0,"Heavy rains & Flood (Brahmaputra,tributaries)","Baksa, Barpeta, Biswanath, Cachar, Charaideo, Chirang, Darrang, Dhemaji, Dibrugarh, Dima Hasao, Goalpara, Golaghat, Hailakandi, Hojai, Kamrup, Kamrup Metro, Karimganj, Lakhimpur, Majuli, Marigaon, Nagaon, Nalbari, Sivasagar, Sonitpur, Baksa, Tinsukia, Udalguri",Assam,,,0.0,0.0,0.0,34242.0,,IMD,2022.0,1.0,0.0
2022-01-07,2022-01-07,1.0,"Heavy rains & Flood (Brahmaputra,tributaries)",Cachar,Assam,,,1.0,0.0,0.0,0.0,,IMD,2022.0,1.0,1.0
2022-02-07,2022-02-07,1.0,"Heavy rains & Flood (Brahmaputra,tributaries)","Baksa, Barpeta, Biswanath, Cachar, Chirang, Darrang, Dhemaji, Dibrugarh, Dima Hasao, Goalpara, Golaghat, Hailakandi, Hojai, Kamrup, Kamrup Metro, Karimganj, Lakhimpur, Majuli, Marigaon, Nagaon, Nalbari, Sivasagar, Sonitpur, Baksa, Tinsukia, Udalguri",Assam,,,0.0,0.0,0.0,1330.0,,IMD,2022.0,2.0,0.0
2022-02-07,2022-02-07,1.0,"Heavy rains & Flood (Brahmaputra,tributaries)",Karimganj,Assam,,,1.0,0.0,0.0,0.0,,IMD,2022.0,2.0,1.0
2022-02-07,2022-02-07,1.0,"Heavy rains & Flood (Brahmaputra,tributaries)",Lakhimpur,Assam,,,1.0,0.0,0.0,0.0,,IMD,2022.0,2.0,1.0
2022-02-07,2022-02-07,1.0,"Heavy rains & Flood (Brahmaputra,tributaries)",Nagaon,Assam,,,2.0,0.0,0.0,0.0,,IMD,2022.0,2.0,2.0
2022-02-07,2022-02-07,1.0,"Heavy rains & Flood (Brahmaputra,tributaries)",Sivasagar,Assam,,,1.0,0.0,0.0,0.0,,IMD,2022.0,2.0,1.0
2022-03-07,2022-03-07,1.0,"Heavy rains & Flood (Brahmaputra,tributaries)","Baksa, Barpeta, Biswanath, Cachar, Chirang, Darrang, Dibrugarh, Dima Hasao, Goalpara, Golaghat, Hailakandi, Hojai, Kamrup, Kamrup Metro, Karimganj, Lakhimpur, Majuli, Marigaon, Nagaon, Nalbari, Sivasagar, Sonitpur, Baksa, Udalguri",Assam,,,0.0,0.0,0.0,20.0,,IMD,2022.0,3.0,0.0
2022-03-07,2022-03-07,1.0,"Heavy rains & Flood (Brahmaputra,tributaries)",Cachar,Assam,,,1.0,0.0,1.0,0.0,,IMD,2022.0,3.0,2.0
2022-04-07,2022-04-07,1.0,"Heavy rains & Flood (Brahmaputra,tributaries)","Baksa, Barpeta, Biswanath, Cachar, Chirang, Darrang, Dibrugarh, Dima Hasao, Goalpara, Golaghat, Hailakandi, Kamrup, Kamrup Metro, Karimganj, Lakhimpur, Marigaon, Nagaon, Sivasagar, Sonitpur, Baksa",Assam,,,0.0,0.0,0.0,434.0,,IMD,2022.0,4.0,0.0
2022-04-07,2022-04-07,1.0,"Heavy rains & Flood (Brahmaputra,tributaries)",Cachar,Assam,,,2.0,0.0,0.0,0.0,,IMD,2022.0,4.0,2.0
2022-04-07,2022-04-07,1.0,"Heavy rains & Flood (Brahmaputra,tributaries)",Marigaon,Assam,,,1.0,0.0,0.0,0.0,,IMD,2022.0,4.0,1.0
2022-04-07,2022-04-07,1.0,"Heavy rains & Flood (Brahmaputra,tributaries)",Nagaon,Assam,,,1.0,0.0,0.0,0.0,,IMD,2022.0,4.0,1.0
2022-05-07,2022-05-07,1.0,"Heavy rains & Flood (Brahmaputra,tributaries)","Baksa, Barpeta, Biswanath, Cachar, Chirang, Darrang, Dhemaji, Dibrugarh, Dima Hasao, Golaghat, Hailakandi, Kamrup, Kamrup Metro, Karimganj, Lakhimpur, Marigaon, Nagaon, Sivasagar, Sonitpur, Baksa",Assam,,,0.0,0.0,0.0,0.0,,IMD,2022.0,5.0,0.0
2022-05-07,2022-05-07,1.0,"Heavy rains & Flood (Brahmaputra,tributaries)",Kamrup Metro,Assam,,,1.0,0.0,0.0,0.0,,IMD,2022.0,5.0,1.0
2022-05-07,2022-05-07,1.0,"Heavy rains & Flood (Brahmaputra,tributaries)",Nagaon,Assam,,,1.0,0.0,0.0,0.0,,IMD,2022.0,5.0,1.0
2022-06-07,2022-06-07,1.0,"Heavy rains & Flood (Brahmaputra,tributaries)","Baksa, Cachar, Chirang, Darrang, Dibrugarh, Dima Hasao, Golaghat, Hailakandi, Kamrup, Karimganj, Marigaon, Nagaon, Sivasagar, Baksa",Assam,,,0.0,0.0,0.0,11.0,,IMD,2022.0,6.0,0.0
2022-06-07,2022-06-07,1.0,"Heavy rains & Flood (Brahmaputra,tributaries)",Cachar,Assam,,,1.0,0.0,0.0,0.0,,IMD,2022.0,6.0,1.0
2022-07-07,2022-07-07,1.0,"Heavy rains & Flood (Brahmaputra,tributaries)","Baksa, Cachar, Chirang, Dibrugarh, Dima Hasao, Golaghat, Hailakandi, Hojai, Kamrup, Karimganj, Marigaon, Nagaon, Sivasagar, Baksa",Assam,,,0.0,0.0,0.0,0.0,,IMD,2022.0,7.0,0.0
2022-07-07,2022-07-07,1.0,"Heavy rains & Flood (Brahmaputra,tributaries)",Cachar,Assam,,,1.0,0.0,0.0,0.0,,IMD,2022.0,7.0,1.0
2022-07-07,2022-07-07,1.0,"Heavy rains & Flood (Brahmaputra,tributaries)",Nagaon,Assam,,,1.0,0.0,0.0,0.0,,IMD,2022.0,7.0,1.0
2022-07-07,2022-07-07,1.0,"Heavy rains & Flood (Brahmaputra,tributaries)",Hailakandi,Assam,,,0.0,0.0,0.0,1951.0,,IMD,2022.0,7.0,0.0
2022-08-07,2022-08-07,1.0,Landslide,Hailakandi,Assam,,,1.0,0.0,0.0,0.0,,IMD,2022.0,8.0,1.0
2022-08-07,2022-08-07,1.0,"Heavy rains & Flood (Brahmaputra,tributaries)","Baksa, Cachar, Chirang, Dibrugarh, Dima Hasao, Golaghat, Hailakandi, Hojai, Kamrup, Karimganj, Marigaon, Nagaon, Sivasagar, Baksa",Assam,,,0.0,0.0,0.0,0.0,,IMD,2022.0,8.0,0.0
2022-08-07,2022-08-07,1.0,"Heavy rains & Flood (Brahmaputra,tributaries)",Hailakandi,Assam,,,0.0,0.0,0.0,1.0,,IMD,2022.0,8.0,0.0
2022-09-07,2022-09-07,1.0,"Heavy rains & Flood (Brahmaputra,tributaries)","Baksa, Biswanath, Cachar, Chirang, Dima Hasao, Golaghat, Hailakandi, Kamrup, Marigaon, Nagaon, Sivasagar, Baksa",Assam,,,0.0,0.0,0.0,0.0,,IMD,2022.0,9.0,0.0
2022-09-07,2022-09-07,1.0,"Heavy rains & Flood (Brahmaputra,tributaries)",Hailakandi,Assam,,,2.0,0.0,0.0,0.0,,IMD,2022.0,9.0,2.0
2022-11-07,2022-11-07,1.0,"Heavy rains & Flood (Brahmaputra,tributaries)","Cachar, Chirang, Dima Hasao, Golaghat, Hailakandi, Marigaon, Nagaon, Sivasagar, Baksa",Assam,,,0.0,0.0,0.0,1050.0,,IMD,2022.0,11.0,0.0
2022-12-07,2022-12-07,1.0,"Heavy rains & Flood (Brahmaputra,tributaries)","Cachar, Chirang, Dima Hasao, Golaghat, Marigaon, Nagaon, Baksa",Assam,,,0.0,0.0,0.0,0.0,,IMD,2022.0,12.0,0.0
2022-12-07,2022-12-07,1.0,"Heavy rains & Flood (Brahmaputra,tributaries)",Nagaon,Assam,,,1.0,0.0,0.0,0.0,,IMD,2022.0,12.0,1.0
2022-10-10,,6.0,"Heavy rains & Flood (Brahmaputra,tributaries)",Darrang,Assam,,,0.0,0.0,0.0,0.0,,IMD,2022.0,10.0,0.0
2022-10-10,,6.0,"Heavy rains & Flood (Brahmaputra,tributaries)",Dhemaji,Assam,,,0.0,0.0,0.0,0.0,,IMD,2022.0,10.0,0.0
2022-10-10,,6.0,"Heavy rains & Flood (Brahmaputra,tributaries)",Dhubri,Assam,,,0.0,0.0,0.0,0.0,,IMD,2022.0,10.0,0.0
2022-10-10,,6.0,"Heavy rains & Flood (Brahmaputra,tributaries)",Dibrugarh,Assam,,,0.0,0.0,0.0,0.0,,IMD,2022.0,10.0,0.0
2022-10-10,,6.0,"Heavy rains & Flood (Brahmaputra,tributaries)",Golaghat,Assam,,,0.0,0.0,0.0,0.0,,IMD,2022.0,10.0,0.0
2022-10-10,,6.0,"Heavy rains & Flood (Brahmaputra,tributaries)",Jorhat,Assam,,,0.0,0.0,0.0,0.0,,IMD,2022.0,10.0,0.0
2022-10-10,,6.0,"Heavy rains & Flood (Brahmaputra,tributaries)",Kokrajhar,Assam,,,0.0,0.0,0.0,0.0,,IMD,2022.0,10.0,0.0
2022-10-10,,6.0,"Heavy rains & Flood (Brahmaputra,tributaries)",Lakhimpur,Assam,,,0.0,0.0,0.0,0.0,,IMD,2022.0,10.0,0.0
2022-10-10,,6.0,"Heavy rains & Flood (Brahmaputra,tributaries)",Majuli,Assam,,,0.0,0.0,0.0,0.0,,IMD,2022.0,10.0,0.0
2022-10-10,,6.0,"Heavy rains & Flood (Brahmaputra,tributaries)",Marigaon,Assam,,,0.0,0.0,0.0,0.0,,IMD,2022.0,10.0,0.0
2022-10-10,,6.0,"Heavy rains & Flood (Brahmaputra,tributaries)",Nagaon,Assam,,,0.0,0.0,0.0,0.0,,IMD,2022.0,10.0,0.0
2022-10-10,,6.0,"Heavy rains & Flood (Brahmaputra,tributaries)",South Salmara Mancachar,Assam,,,0.0,0.0,0.0,0.0,,IMD,2022.0,10.0,0.0
2022-10-10,,6.0,"Heavy rains & Flood (Brahmaputra,tributaries)",Tinsukia,Assam,,,0.0,0.0,0.0,0.0,,IMD,2022.0,10.0,0.0
2022-11-07,2022-11-07,1.0,Heavy Rains & Floods,Bijapur,Chhattisgarh,,,0.0,0.0,0.0,0.0,,IMD,2022.0,11.0,0.0
2022-11-07,2022-11-07,1.0,Heavy Rains & Floods,Durg,Chhattisgarh,,,1.0,0.0,0.0,0.0,,IMD,2022.0,11.0,1.0
2022-11-07,2022-11-07,1.0,Heavy Rains & Floods,Sukma,Chhattisgarh,,,0.0,0.0,0.0,0.0,,IMD,2022.0,11.0,0.0
2022-10-08,2022-10-08,1.0,Heavy Rains & Floods,Durg,Chhattisgarh,,,1.0,0.0,0.0,0.0,,IMD,2022.0,10.0,1.0
2022-10-08,2022-10-08,1.0,Heavy Rains & Floods,Rajnandgaon,Chhattisgarh,,,1.0,0.0,0.0,0.0,,IMD,2022.0,10.0,1.0
2022-02-09,2022-02-09,1.0,Heavy Rains,Bijapur,Chhattisgarh,,,0.0,0.0,0.0,4.0,,IMD,2022.0,2.0,0.0
2022-05-04,2022-05-04,1.0,Heavy Rains,South Goa,Goa,,,0.0,0.0,0.0,0.0,,IMD,2022.0,5.0,0.0
2022-08-04,2022-10-04,3.0,Heavy Rains,South Goa,Goa,,,0.0,0.0,0.0,0.0,,IMD,2022.0,8.0,0.0
2022-10-06,2022-10-06,1.0,Heavy Rains,North Goa,Goa,,,0.0,0.0,0.0,0.0,,IMD,2022.0,10.0,0.0
2022-10-06,2022-10-06,1.0,Heavy Rains,South Goa,Goa,,,0.0,0.0,0.0,0.0,,IMD,2022.0,10.0,0.0
2022-11-06,2022-11-06,1.0,Heavy Rains,South Goa,Goa,,,0.0,0.0,0.0,0.0,,IMD,2022.0,11.0,0.0
2022-01-07,,31.0,Heavy Rains & Floods,North Goa,Goa,,,0.0,0.0,0.0,0.0,,IMD,2022.0,1.0,0.0
2022-01-07,,31.0,Heavy Rains & Floods,South Goa,Goa,,,0.0,0.0,0.0,0.0,,IMD,2022.0,1.0,0.0
2022-05-07,2022-05-07,1.0,Heavy Rains,South Goa,Goa,,,1.0,0.0,0.0,0.0,,IMD,2022.0,5.0,1.0
2022-01-08,2022-08-08,8.0,Heavy Rains,South Goa,Goa,,,0.0,0.0,0.0,0.0,,IMD,2022.0,1.0,0.0
2022-10-08,2022-10-08,1.0,Heavy Rains,North Goa,Goa,,,1.0,0.0,0.0,0.0,,IMD,2022.0,10.0,1.0
2022-06-09,2022-12-09,2.0,Heavy Rains,North Goa,Goa,,,0.0,0.0,0.0,0.0,,IMD,2022.0,6.0,0.0
2022-12-06,2022-12-06,1.0,Heavy Rains,Morbi,Gujarat,,,3.0,0.0,0.0,0.0,,IMD,2022.0,12.0,3.0
2022-11-07,2022-11-07,1.0,Heavy Rains & Floods,"Ahmedabad, Chota Udaipur, The Dangs, Kheda, Narmada, Navsari, Panch Mahals, Surat, Tapi, Valsad",Gujarat,,,7.0,0.0,0.0,0.0,,IMD,2022.0,11.0,7.0
2022-11-07,2022-11-07,1.0,Heavy Rains & Floods,Ahmedabad,Gujarat,,,0.0,0.0,0.0,0.0,,IMD,2022.0,11.0,0.0
2022-11-07,2022-11-07,1.0,Heavy Rains & Floods,Chota Udaipur,Gujarat,,,0.0,0.0,0.0,0.0,,IMD,2022.0,11.0,0.0
2022-11-07,2022-11-07,1.0,Heavy Rains & Floods,Dangs,Gujarat,,,0.0,0.0,0.0,0.0,,IMD,2022.0,11.0,0.0
2022-11-07,2022-11-07,1.0,Heavy Rains & Floods,Kheda,Gujarat,,,0.0,0.0,0.0,0.0,,IMD,2022.0,11.0,0.0
2022-11-07,2022-11-07,1.0,Heavy Rains & Floods,Narmada,Gujarat,,,0.0,0.0,0.0,0.0,,IMD,2022.0,11.0,0.0
2022-11-07,2022-11-07,1.0,Heavy Rains & Floods,Navsari,Gujarat,,,0.0,0.0,0.0,0.0,,IMD,2022.0,11.0,0.0
2022-11-07,2022-11-07,1.0,Heavy Rains & Floods,Panch Mahals,Gujarat,,,0.0,0.0,0.0,0.0,,IMD,2022.0,11.0,0.0
2022-11-07,2022-11-07,1.0,Heavy Rains & Floods,Surat,Gujarat,,,0.0,0.0,0.0,0.0,,IMD,2022.0,11.0,0.0
2022-11-07,2022-11-07,1.0,Heavy Rains & Floods,Tapi,Gujarat,,,0.0,0.0,0.0,0.0,,IMD,2022.0,11.0,0.0
2022-11-07,2022-11-07,1.0,Heavy Rains & Floods,Valsad,Gujarat,,,0.0,0.0,0.0,0.0,,IMD,2022.0,11.0,0.0
2022-12-07,,2.0,Heavy Rains & Floods,"Amreli, Bharuch,Dangs, Gir Somnath, Junagadh, Kachchh, Navsari, Tapi",Gujarat,,,14.0,0.0,0.0,0.0,,IMD,2022.0,12.0,14.0
2022-12-07,,2.0,Heavy Rains & Floods,Amreli,Gujarat,,,0.0,0.0,0.0,0.0,,IMD,2022.0,12.0,0.0
2022-12-07,,2.0,Heavy Rains & Floods,Bharuch,Gujarat,,,0.0,0.0,0.0,0.0,,IMD,2022.0,12.0,0.0
2022-12-07,,2.0,Heavy Rains & Floods,Dangs,Gujarat,,,0.0,0.0,0.0,0.0,,IMD,2022.0,12.0,0.0
2022-12-07,,2.0,Heavy Rains & Floods,Gir Somnath,Gujarat,,,0.0,0.0,0.0,0.0,,IMD,2022.0,12.0,0.0
2022-12-07,,2.0,Heavy Rains & Floods,Junagadh,Gujarat,,,0.0,0.0,0.0,0.0,,IMD,2022.0,12.0,0.0
2022-12-07,,2.0,Heavy Rains & Floods,Kachchh,Gujarat,,,0.0,0.0,0.0,0.0,,IMD,2022.0,12.0,0.0
2022-12-07,,2.0,Heavy Rains & Floods,Navsari,Gujarat,,,0.0,0.0,0.0,0.0,,IMD,2022.0,12.0,0.0
2022-12-07,,2.0,Heavy Rains & Floods,Tapi,Gujarat,,,0.0,0.0,0.0,0.0,,IMD,2022.0,12.0,0.0
2022-06-07,2022-06-07,1.0,Landslide,Shimla,Himachal Pradesh,,,1.0,2.0,7.0,0.0,,IMD,2022.0,6.0,10.0
2022-06-07,2022-06-07,1.0,"Heavy Rains, Flash Floods & Cloudburst",Kullu,Himachal Pradesh,,,8.0,0.0,4.0,5.0,,IMD,2022.0,6.0,12.0
2022-06-07,2022-06-07,1.0,Land Slide,Kullu,Himachal Pradesh,,,0.0,2.0,0.0,0.0,,IMD,2022.0,6.0,2.0
2022-07-07,2022-07-07,1.0,"Cloud Burst, Heavy rains & Floods",Bilaspur,Himachal Pradesh,,,0.0,0.0,0.0,13.0,,IMD,2022.0,7.0,0.0
2022-08-08,2022-08-08,1.0,Cloudburst,Chamba,Himachal Pradesh,,,1.0,0.0,0.0,0.0,,IMD,2022.0,8.0,1.0
2022-08-08,2022-08-08,1.0,Landslide,Kullu,Himachal Pradesh,,,2.0,0.0,0.0,0.0,,IMD,2022.0,8.0,2.0
2022-11-08,2022-11-08,1.0,Landslide,Kullu,Himachal Pradesh,,,2.0,0.0,0.0,0.0,,IMD,2022.0,11.0,2.0
2022-11-08,2022-11-08,1.0,"Heavy Rains, Flash Floods & Cloudburst",Chamba,Himachal Pradesh,,,0.0,0.0,0.0,0.0,,IMD,2022.0,11.0,0.0
2022-11-08,2022-11-08,1.0,"Heavy Rains, Flash Floods & Cloudburst",Shimla,Himachal Pradesh,,,0.0,0.0,0.0,0.0,,IMD,2022.0,11.0,0.0
2022-01-05,2022-01-05,1.0,Heavy Rains,Bengaluru Urban,Karnataka,,,0.0,2.0,0.0,0.0,,IMD,2022.0,1.0,2.0
2022-01-05,2022-01-05,1.0,Heavy Rains,Dharwad,Karnataka,,,1.0,1.0,0.0,0.0,,IMD,2022.0,1.0,2.0
2022-04-05,2022-04-05,1.0,Heavy Rains,Dharwad,Karnataka,,,1.0,2.0,0.0,0.0,,IMD,2022.0,4.0,3.0
2022-04-07,2022-04-07,1.0,Heavy Rains,Chikkaballapura,Karnataka,,,1.0,0.0,0.0,0.0,,IMD,2022.0,4.0,1.0
2022-04-07,2022-04-07,1.0,Heavy Rains,Kodagu,Karnataka,,,0.0,0.0,0.0,0.0,,IMD,2022.0,4.0,0.0
2022-04-07,2022-04-07,1.0,Heavy Rains,Uttar Kashia Kannada,Karnataka,,,0.0,7.0,0.0,0.0,,IMD,2022.0,4.0,7.0
2022-06-07,2022-06-07,1.0,Landslide,Dakshina Kannada,Karnataka,,,3.0,2.0,0.0,0.0,,IMD,2022.0,6.0,5.0
2022-01-08,2022-01-08,1.0,Landslide,Dakshina Kannada,Karnataka,,,2.0,0.0,0.0,0.0,,IMD,2022.0,1.0,2.0
2022-01-08,2022-01-08,1.0,Landslide,Uttar Kashia Kannada,Karnataka,,,4.0,0.0,0.0,0.0,,IMD,2022.0,1.0,4.0
2022-04-08,2022-04-08,1.0,Heavy rains & Floods,Tumakuru,Karnataka,,,2.0,0.0,0.0,0.0,,IMD,2022.0,4.0,2.0
2022-08-08,2022-08-08,1.0,Heavy Rains,Belagavi,Karnataka,,,0.0,1.0,0.0,0.0,,IMD,2022.0,8.0,1.0
2022-04-09,2022-05-09,2.0,Heavy rains & Floods,Bengaluru Urban,Karnataka,,,2.0,0.0,0.0,0.0,,IMD,2022.0,4.0,2.0
2022-06-09,2022-06-09,1.0,Heavy rains & Floods,Belagavi,Karnataka,,,0.0,0.0,0.0,0.0,,IMD,2022.0,6.0,0.0
2022-06-09,2022-06-09,1.0,Heavy rains & Floods,Chamarajanagara,Karnataka,,,1.0,0.0,0.0,0.0,,IMD,2022.0,6.0,1.0
2022-06-09,2022-06-09,1.0,Heavy rains & Floods,Kodagu,Karnataka,,,0.0,0.0,0.0,0.0,,IMD,2022.0,6.0,0.0
2022-06-09,2022-06-09,1.0,Heavy rains & Floods,Mandya,Karnataka,,,0.0,0.0,0.0,0.0,,IMD,2022.0,6.0,0.0
2022-06-09,2022-06-09,1.0,Heavy rains & Floods,Mysuru,Karnataka,,,0.0,0.0,0.0,804.0,,IMD,2022.0,6.0,0.0
2022-09-09,2022-09-09,1.0,Heavy rains & Floods,Belagavi,Karnataka,,,1.0,0.0,0.0,0.0,,IMD,2022.0,9.0,1.0
2022-09-09,2022-09-09,1.0,Heavy rains & Floods,Kalaburagi,Karnataka,,,0.0,0.0,0.0,0.0,,IMD,2022.0,9.0,0.0
2022-09-09,2022-09-09,1.0,Heavy rains & Floods,Uttar Kashia Kannada,Karnataka,,,0.0,0.0,0.0,0.0,,IMD,2022.0,9.0,0.0
2022-09-09,2022-09-09,1.0,Heavy rains & Floods,Vijayapura,Karnataka,,,0.0,0.0,0.0,0.0,,IMD,2022.0,9.0,0.0
2022-11-09,2022-11-09,1.0,Heavy rains,Belagavi,Karnataka,,,1.0,0.0,0.0,0.0,,IMD,2022.0,11.0,1.0
2022-12-09,2022-12-09,1.0,Heavy rains & Floods,Belagavi,Karnataka,,,0.0,0.0,0.0,0.0,,IMD,2022.0,12.0,0.0
2022-12-09,2022-12-09,1.0,Heavy rains & Floods,Gadag,Karnataka,,,0.0,0.0,0.0,0.0,,IMD,2022.0,12.0,0.0
2022-12-09,2022-12-09,1.0,Heavy rains & Floods,Uttar Kashia Kannada,Karnataka,,,1.0,0.0,0.0,0.0,,IMD,2022.0,12.0,1.0
2022-01-10,2022-01-10,1.0,Heavy rains & Floods,Koppal,Karnataka,,,4.0,0.0,0.0,0.0,,IMD,2022.0,1.0,4.0
2022-11-10,2022-11-10,1.0,Heavy rains,Bengaluru Urban,Karnataka,,,2.0,3.0,0.0,0.0,,IMD,2022.0,11.0,5.0
2022-01-07,2022-01-07,1.0,Heavy rains,Kannur,Kerala,,,1.0,0.0,0.0,0.0,,IMD,2022.0,1.0,1.0
2022-02-07,2022-02-07,1.0,Heavy rains,Kannur,Kerala,,,1.0,0.0,0.0,0.0,,IMD,2022.0,2.0,1.0
2022-04-07,2022-04-07,1.0,Landslide,Idukki,Kerala,,,1.0,0.0,0.0,0.0,,IMD,2022.0,4.0,1.0
2022-05-07,2022-05-07,1.0,Heavy rains,Idukki,Kerala,,,1.0,0.0,0.0,0.0,,IMD,2022.0,5.0,1.0
2022-07-07,2022-07-07,1.0,Heavy rains,Kannur,Kerala,,,1.0,0.0,0.0,0.0,,IMD,2022.0,7.0,1.0
2022-10-07,2022-10-07,1.0,Heavy rains,Ernakulam,Kerala,,,1.0,0.0,0.0,0.0,,IMD,2022.0,10.0,1.0
2022-01-08,2022-01-08,1.0,Heavy Rains & Floods,Kollam,Kerala,,,1.0,0.0,0.0,0.0,,IMD,2022.0,1.0,1.0
2022-01-08,2022-01-08,1.0,Heavy Rains & Floods,Kottayam,Kerala,,,1.0,0.0,0.0,0.0,,IMD,2022.0,1.0,1.0
2022-01-08,2022-01-08,1.0,Heavy Rains & Floods,Malappuram,Kerala,,,1.0,0.0,0.0,0.0,,IMD,2022.0,1.0,1.0
2022-01-08,2022-01-08,1.0,Heavy Rains & Floods,Pathanamthitta,Kerala,,,4.0,0.0,1.0,0.0,,IMD,2022.0,1.0,5.0
2022-01-08,2022-01-08,1.0,Heavy Rains & Floods,Thiruvananthapuram,Kerala,,,1.0,0.0,0.0,0.0,,IMD,2022.0,1.0,1.0
2022-01-08,2022-01-08,1.0,Landslide,Kottayam,Kerala,,,0.0,0.0,1.0,0.0,,IMD,2022.0,1.0,1.0
2022-01-08,2022-01-08,1.0,Landslide,Kannur,Kerala,,,3.0,0.0,0.0,0.0,,IMD,2022.0,1.0,3.0
2022-02-08,2022-02-08,1.0,Heavy Rains & Floods,Alappuzha,Kerala,,,0.0,0.0,0.0,0.0,,IMD,2022.0,2.0,0.0
2022-02-08,2022-02-08,1.0,Heavy Rains & Floods,Ernakulam,Kerala,,,1.0,0.0,0.0,0.0,,IMD,2022.0,2.0,1.0
2022-02-08,2022-02-08,1.0,Heavy Rains & Floods,Unknown,Kerala,,,0.0,0.0,0.0,0.0,,IMD,2022.0,2.0,0.0
2022-02-08,2022-02-08,1.0,Heavy Rains & Floods,Kannur,Kerala,,,3.0,0.0,0.0,0.0,,IMD,2022.0,2.0,3.0
2022-02-08,2022-02-08,1.0,Heavy Rains & Floods,Kollam,Kerala,,,0.0,0.0,1.0,0.0,,IMD,2022.0,2.0,1.0
2022-02-08,2022-02-08,1.0,Heavy Rains & Floods,Kottayam,Kerala,,,1.0,0.0,0.0,0.0,,IMD,2022.0,2.0,1.0
2022-02-08,2022-02-08,1.0,Heavy Rains & Floods,Malappuram,Kerala,,,0.0,0.0,0.0,0.0,,IMD,2022.0,2.0,0.0
2022-02-08,2022-02-08,1.0,Heavy Rains & Floods,Pathanamthitta,Kerala,,,0.0,0.0,0.0,0.0,,IMD,2022.0,2.0,0.0
2022-02-08,2022-02-08,1.0,Heavy Rains & Floods,Thiruvananthapuram,Kerala,,,1.0,0.0,0.0,0.0,,IMD,2022.0,2.0,1.0
2022-02-08,2022-02-08,1.0,Heavy Rains & Floods,Thrissur,Kerala,,,0.0,0.0,2.0,0.0,,IMD,2022.0,2.0,2.0
2022-02-08,2022-02-08,1.0,Heavy Rains & Floods,Wayanad,Kerala,,,0.0,0.0,0.0,0.0,,IMD,2022.0,2.0,0.0
2022-04-09,2022-04-09,1.0,Heavy Rains,Thiruvananthapuram,Kerala,,,2.0,0.0,0.0,0.0,,IMD,2022.0,4.0,2.0
2022-08-01,2022-08-01,1.0,Heavy Rains,Morena,Madhya Pradesh,,,0.0,0.0,0.0,0.0,,IMD,2022.0,8.0,0.0
2022-08-01,2022-08-01,1.0,Heavy Rains,Shivpuri,Madhya Pradesh,,,0.0,0.0,0.0,0.0,,IMD,2022.0,8.0,0.0
2022-04-08,2022-04-08,1.0,Heavy Rains,Chhatarpur,Madhya Pradesh,,,0.0,0.0,0.0,0.0,,IMD,2022.0,4.0,0.0
2022-04-08,2022-04-08,1.0,Heavy Rains,Seoni,Madhya Pradesh,,,0.0,0.0,0.0,0.0,,IMD,2022.0,4.0,0.0
2022-07-08,2022-07-08,1.0,Heavy Rains & Floods  (Sukadi River),Khargone (Khargone (West Nimar)),Madhya Pradesh,,,0.0,0.0,0.0,0.0,,IMD,2022.0,7.0,0.0
2022-11-10,2022-11-10,1.0,Unknown,Shajapur,Madhya Pradesh,,,0.0,0.0,0.0,0.0,,IMD,2022.0,11.0,0.0
2022-08-01,2022-11-01,4.0,Heavy rains,Amravati,Maharashtra,,,0.0,0.0,0.0,0.0,,IMD,2022.0,8.0,0.0
2022-08-01,2022-11-01,4.0,Heavy rains,Bhandara,Maharashtra,,,0.0,0.0,0.0,0.0,,IMD,2022.0,8.0,0.0
2022-08-01,2022-11-01,4.0,Heavy rains,Chandrapur,Maharashtra,,,0.0,0.0,0.0,0.0,,IMD,2022.0,8.0,0.0
2022-08-01,2022-11-01,4.0,Heavy rains,Gadchiroli,Maharashtra,,,0.0,0.0,0.0,0.0,,IMD,2022.0,8.0,0.0
2022-08-01,2022-11-01,4.0,Heavy rains,Gondia,Maharashtra,,,0.0,0.0,0.0,0.0,,IMD,2022.0,8.0,0.0
2022-08-01,2022-11-01,4.0,Heavy rains,Hingoli,Maharashtra,,,0.0,0.0,0.0,0.0,,IMD,2022.0,8.0,0.0
2022-08-01,2022-11-01,4.0,Heavy rains,Nagpur,Maharashtra,,,0.0,0.0,0.0,0.0,,IMD,2022.0,8.0,0.0
2022-08-01,2022-11-01,4.0,Heavy rains,Wardha,Maharashtra,,,0.0,0.0,0.0,0.0,,IMD,2022.0,8.0,0.0
2022-04-03,2022-04-03,1.0,Heavy rains,Nagpur,Maharashtra,,,0.0,0.0,0.0,0.0,,IMD,2022.0,4.0,0.0
2022-08-03,2022-09-03,2.0,Heavy Rains,Dhule,Maharashtra,,,0.0,0.0,0.0,0.0,,IMD,2022.0,8.0,0.0
2022-08-03,2022-09-03,2.0,Heavy Rains,"Jalgaon,",Maharashtra,,,0.0,0.0,0.0,0.0,,IMD,2022.0,8.0,0.0
2022-08-03,2022-09-03,2.0,Heavy Rains,Nandurbar,Maharashtra,,,0.0,0.0,0.0,0.0,,IMD,2022.0,8.0,0.0
2022-08-03,2022-09-03,2.0,Heavy Rains,Nashik,Maharashtra,,,0.0,0.0,0.0,0.0,,IMD,2022.0,8.0,0.0
2022-04-04,2022-05-04,2.0,Heavy Rains,Nashik,Maharashtra,,,0.0,0.0,0.0,0.0,,IMD,2022.0,4.0,0.0
2022-04-04,2022-05-04,2.0,Heavy Rains,Sindhudurg,Maharashtra,,,0.0,0.0,0.0,0.0,,IMD,2022.0,4.0,0.0
2022-10-06,2022-10-06,1.0,Heavy rains,Pune,Maharashtra,,,0.0,0.0,0.0,0.0,,IMD,2022.0,10.0,0.0
2022-01-07,2022-01-07,1.0,Heavy Rains & Floods,Gadchiroli,Maharashtra,,,1.0,0.0,0.0,0.0,,IMD,2022.0,1.0,1.0
2022-04-07,2022-04-07,1.0,Heavy Rains & Floods,Gadchiroli,Maharashtra,,,1.0,0.0,0.0,0.0,,IMD,2022.0,4.0,1.0
2022-06-07,2022-06-07,1.0,Landslide,Mumbai,Maharashtra,,,0.0,3.0,0.0,0.0,,IMD,2022.0,6.0,3.0
2022-06-07,2022-06-07,1.0,Heavy Rains,Mumbai,Maharashtra,,,0.0,0.0,0.0,0.0,,IMD,2022.0,6.0,0.0
2022-06-07,2022-06-07,1.0,Heavy Rains,Palghar,Maharashtra,,,0.0,0.0,0.0,0.0,,IMD,2022.0,6.0,0.0
2022-06-07,2022-06-07,1.0,Heavy Rains,Thane,Maharashtra,,,0.0,0.0,0.0,0.0,,IMD,2022.0,6.0,0.0
2022-06-07,2022-06-07,1.0,Heavy Rains,Thane,Maharashtra,,,1.0,0.0,0.0,0.0,,IMD,2022.0,6.0,1.0
2022-08-07,2022-08-07,1.0,Heavy Rains & Floods,Wardha,Maharashtra,,,1.0,1.0,0.0,0.0,,IMD,2022.0,8.0,2.0
2022-09-07,2022-09-07,1.0,Heavy Rains & Floods,Gadchiroli,Maharashtra,,,4.0,0.0,0.0,0.0,,IMD,2022.0,9.0,4.0
2022-09-07,2022-09-07,1.0,Heavy Rains & Floods,Hingoli,Maharashtra,,,0.0,0.0,0.0,0.0,,IMD,2022.0,9.0,0.0
2022-09-07,2022-09-07,1.0,Heavy Rains & Floods,Nanded,Maharashtra,,,0.0,0.0,0.0,0.0,,IMD,2022.0,9.0,0.0
2022-09-07,2022-09-07,1.0,Heavy Rains & Floods,Parbhani,Maharashtra,,,0.0,0.0,0.0,0.0,,IMD,2022.0,9.0,0.0
2022-09-07,2022-09-07,1.0,Heavy Rains & Floods,Sindhudurg,Maharashtra,,,1.0,0.0,0.0,0.0,,IMD,2022.0,9.0,1.0
2022-09-07,2022-09-07,1.0,Heavy Rains & Floods,Wardha,Maharashtra,,,4.0,0.0,0.0,4.0,,IMD,2022.0,9.0,4.0
2022-10-07,2022-10-07,1.0,Heavy Rains & Floods,Nagpur,Maharashtra,,,2.0,0.0,0.0,8.0,,IMD,2022.0,10.0,2.0
2022-11-07,2022-11-07,1.0,Heavy Rains & Floods,Gadchiroli,Maharashtra,,,1.0,0.0,0.0,0.0,,IMD,2022.0,11.0,1.0
2022-11-07,2022-11-07,1.0,Heavy Rains & Floods,Mumbai Suburban,Maharashtra,,,2.0,0.0,0.0,0.0,,IMD,2022.0,11.0,2.0
2022-11-07,2022-11-07,1.0,Heavy Rains & Floods,Nashik,Maharashtra,,,0.0,6.0,0.0,0.0,,IMD,2022.0,11.0,6.0
2022-11-07,2022-11-07,1.0,Heavy Rains & Floods,Pune,Maharashtra,,,1.0,0.0,0.0,0.0,,IMD,2022.0,11.0,1.0
2022-11-07,2022-11-07,1.0,Heavy Rains & Floods,Raigarh,Maharashtra,,,0.0,1.0,0.0,0.0,,IMD,2022.0,11.0,1.0
2022-11-07,2022-11-07,1.0,Heavy Rains & Floods,Sindhudurg,Maharashtra,,,0.0,0.0,0.0,0.0,,IMD,2022.0,11.0,0.0
2022-12-07,2022-12-07,1.0,Heavy Rains & Floods,Mumbai,Maharashtra,,,3.0,1.0,0.0,0.0,,IMD,2022.0,12.0,4.0
2022-12-07,2022-12-07,1.0,Heavy Rains & Floods,Nagpur,Maharashtra,,,6.0,0.0,0.0,0.0,,IMD,2022.0,12.0,6.0
2022-12-07,2022-12-07,1.0,Heavy Rains & Floods,Nashik,Maharashtra,,,2.0,0.0,4.0,0.0,,IMD,2022.0,12.0,6.0
2022-12-07,2022-12-07,1.0,Heavy Rains & Floods,Palghar,Maharashtra,,,4.0,0.0,0.0,0.0,,IMD,2022.0,12.0,4.0
2022-12-07,2022-12-07,1.0,Heavy Rains & Floods,Thane,Maharashtra,,,0.0,0.0,0.0,0.0,,IMD,2022.0,12.0,0.0
2022-12-07,2022-12-07,1.0,Heavy Rains & Floods,Wardha,Maharashtra,,,1.0,0.0,0.0,1.0,,IMD,2022.0,12.0,1.0
2022-04-08,2022-07-08,4.0,Heavy Rains & Floods,Amravati,Maharashtra,,,9.0,0.0,0.0,0.0,,IMD,2022.0,4.0,9.0
2022-06-08,2022-10-08,5.0,Heavy Rains & Floods,Washim,Maharashtra,,,0.0,0.0,0.0,0.0,,IMD,2022.0,6.0,0.0
2022-07-08,2022-07-08,1.0,Heavy Rains & Floods,Washim,Maharashtra,,,1.0,0.0,0.0,0.0,,IMD,2022.0,7.0,1.0
2022-08-08,2022-08-08,1.0,Heavy Rains & Floods,Amravati,Maharashtra,,,4.0,0.0,0.0,50.0,,IMD,2022.0,8.0,4.0
2022-08-08,2022-08-08,1.0,Heavy Rains & Floods,Nagpur,Maharashtra,,,4.0,0.0,0.0,0.0,,IMD,2022.0,8.0,4.0
2022-08-08,2022-08-08,1.0,Heavy Rains & Floods,Yavatmal,Maharashtra,,,3.0,0.0,0.0,0.0,,IMD,2022.0,8.0,3.0
2022-09-08,2022-10-08,2.0,Heavy Rains & Floods,Amravati,Maharashtra,,,6.0,0.0,1.0,0.0,,IMD,2022.0,9.0,7.0
2022-09-08,2022-10-08,2.0,Heavy Rains & Floods,Chandrapur,Maharashtra,,,0.0,0.0,0.0,0.0,,IMD,2022.0,9.0,0.0
2022-09-08,2022-10-08,2.0,Heavy Rains & Floods,Nashik,Maharashtra,,,0.0,0.0,0.0,0.0,,IMD,2022.0,9.0,0.0
2022-09-08,2022-10-08,2.0,Heavy Rains & Floods,Palghar,Maharashtra,,,1.0,0.0,0.0,0.0,,IMD,2022.0,9.0,1.0
2022-09-08,2022-10-08,2.0,Heavy Rains & Floods,Thane,Maharashtra,,,0.0,5.0,0.0,0.0,,IMD,2022.0,9.0,5.0
2022-09-08,2022-10-08,2.0,Heavy Rains & Floods,Washim,Maharashtra,,,1.0,0.0,0.0,0.0,,IMD,2022.0,9.0,1.0
2022-09-08,2022-10-08,2.0,Heavy Rains & Floods,Yavatmal,Maharashtra,,,8.0,0.0,0.0,0.0,,IMD,2022.0,9.0,8.0
2022-10-08,2022-10-08,1.0,Heavy Rains & Floods,Wardha,Maharashtra,,,1.0,0.0,0.0,1.0,,IMD,2022.0,10.0,1.0
2022-12-08,2022-12-08,1.0,Heavy Rains & Floods,Mumbai,Maharashtra,,,0.0,1.0,0.0,0.0,,IMD,2022.0,12.0,1.0
2022-12-08,2022-12-08,1.0,Heavy Rains & Floods,Ratnagiri,Maharashtra,,,1.0,0.0,0.0,0.0,,IMD,2022.0,12.0,1.0
2022-04-09,2022-05-09,2.0,Heavy Rains,Amravati,Maharashtra,,,0.0,0.0,0.0,0.0,,IMD,2022.0,4.0,0.0
2022-04-09,2022-05-09,2.0,Heavy Rains,Yavatmal,Maharashtra,,,0.0,0.0,0.0,0.0,,IMD,2022.0,4.0,0.0
2022-06-09,2022-06-09,1.0,Heavy Rains & Floods,Ahmednagar,Maharashtra,,,0.0,0.0,0.0,0.0,,IMD,2022.0,6.0,0.0
2022-11-09,2022-11-09,1.0,Heavy Rains,Pune,Maharashtra,,,0.0,0.0,0.0,0.0,,IMD,2022.0,11.0,0.0
2022-11-09,,4.0,Heavy Rains & Floods,Akola,Maharashtra,,,2.0,0.0,0.0,0.0,,IMD,2022.0,11.0,2.0
2022-11-09,,4.0,Heavy Rains & Floods,Amravati,Maharashtra,,,2.0,0.0,0.0,0.0,,IMD,2022.0,11.0,2.0
2022-11-09,,4.0,Heavy Rains & Floods,Bhandara,Maharashtra,,,1.0,0.0,0.0,0.0,,IMD,2022.0,11.0,1.0
2022-11-09,,4.0,Heavy Rains & Floods,Chandrapur,Maharashtra,,,0.0,0.0,0.0,0.0,,IMD,2022.0,11.0,0.0
2022-11-09,,4.0,Heavy Rains & Floods,Gadchiroli,Maharashtra,,,2.0,0.0,0.0,0.0,,IMD,2022.0,11.0,2.0
2022-11-09,,4.0,Heavy Rains & Floods,Gondia,Maharashtra,,,0.0,0.0,0.0,0.0,,IMD,2022.0,11.0,0.0
2022-11-09,,4.0,Heavy Rains & Floods,Nagpur,Maharashtra,,,0.0,0.0,0.0,1.0,,IMD,2022.0,11.0,0.0
2022-11-09,,4.0,Heavy Rains & Floods,Nashik,Maharashtra,,,0.0,3.0,0.0,0.0,,IMD,2022.0,11.0,3.0
2022-11-09,,4.0,Heavy Rains & Floods,Raigarh,Maharashtra,,,0.0,3.0,0.0,0.0,,IMD,2022.0,11.0,3.0
2022-11-09,,4.0,Heavy Rains & Floods,Thane,Maharashtra,,,2.0,4.0,0.0,0.0,,IMD,2022.0,11.0,6.0
2022-11-09,,4.0,Heavy Rains & Floods,Wardha,Maharashtra,,,1.0,0.0,0.0,1.0,,IMD,2022.0,11.0,1.0
2022-11-09,,4.0,Heavy Rains & Floods,Washim,Maharashtra,,,0.0,0.0,0.0,0.0,,IMD,2022.0,11.0,0.0
2022-11-09,,4.0,Heavy Rains & Floods,Yavatmal,Maharashtra,,,4.0,0.0,0.0,0.0,,IMD,2022.0,11.0,4.0
2022-05-10,2022-05-10,1.0,Heavy Rains,Amravati,Maharashtra,,,0.0,0.0,0.0,0.0,,IMD,2022.0,5.0,0.0
2022-05-10,2022-05-10,1.0,Heavy Rains,Nagpur,Maharashtra,,,1.0,0.0,0.0,0.0,,IMD,2022.0,5.0,1.0
2022-06-10,2022-08-10,3.0,Heavy Rains,Washim,Maharashtra,,,0.0,0.0,0.0,0.0,,IMD,2022.0,6.0,0.0
2022-06-10,2022-08-10,3.0,Heavy Rains,Yavatmal,Maharashtra,,,0.0,0.0,0.0,0.0,,IMD,2022.0,6.0,0.0
2022-10-10,,3.0,Heavy Rains,Washim,Maharashtra,,,0.0,0.0,0.0,0.0,,IMD,2022.0,10.0,0.0
2022-11-05,,5.0,Heavy Rains & Floods (Jiri River),Jiribam,Manipur,,,0.0,0.0,0.0,0.0,,IMD,2022.0,11.0,0.0
2022-04-04,2022-04-04,1.0,Landslide,East Khasi Hills,Meghalaya,,,2.0,1.0,0.0,0.0,,IMD,2022.0,4.0,3.0
2022-09-06,2022-09-06,1.0,"Heavy Rains, Floods (Bugi River) & Landslide",Parts of Meghalaya,Meghalaya,,,0.0,0.0,0.0,0.0,,IMD,2022.0,9.0,0.0
2022-09-06,2022-09-06,1.0,"Heavy Rains, Floods (Bugi River) & Landslide",Parts of Meghalaya,Meghalaya,,,0.0,0.0,0.0,0.0,,IMD,2022.0,9.0,0.0
2022-09-06,2022-09-06,1.0,Landslide,South Garo Hills,Meghalaya,,,4.0,0.0,0.0,0.0,,IMD,2022.0,9.0,4.0
2022-09-06,2022-09-06,1.0,Landslide,South West Garo Hills,Meghalaya,,,0.0,0.0,0.0,0.0,,IMD,2022.0,9.0,0.0
2022-02-07,2022-02-07,1.0,Heavy rains,Bikaner,Rajasthan,,,2.0,0.0,0.0,0.0,,IMD,2022.0,2.0,2.0
2022-08-07,2022-08-07,1.0,Heavy rains & Flood,Jhalawar,Rajasthan,,,2.0,0.0,0.0,0.0,,IMD,2022.0,8.0,2.0
2022-08-07,2022-08-07,1.0,Heavy rains & Flood,Udaipur,Rajasthan,,,2.0,0.0,0.0,0.0,,IMD,2022.0,8.0,2.0
2022-01-08,2022-01-08,1.0,Heavy rains,Bikaner,Rajasthan,,,1.0,0.0,0.0,0.0,,IMD,2022.0,1.0,1.0
2022-08-08,2022-08-08,1.0,Heavy rains & Flood,Udaipur,Rajasthan,,,1.0,0.0,0.0,0.0,,IMD,2022.0,8.0,1.0
2022-10-08,2022-10-08,1.0,Heavy rains,Dungarpur,Rajasthan,,,1.0,0.0,0.0,0.0,,IMD,2022.0,10.0,1.0
2022-01-01,,365.0,Floods,"Alwar, Banswara, Baran, Barmer, Bhilwara, Bikaner, Bundi, Churu, Dausa, Dholpur, Dungarpur, Ganganagar, Jaipur, Jalore, Jhalawar, Jodhpur, Karauli, Kota, Nagaur, Pali, Pratapgarh, Rajsamand, Sawai Madhopur, Sirohi, Tonk, Udaipur",Rajasthan,,,0.0,0.0,0.0,0.0,,IMD,2022.0,1.0,0.0
2022-04-05,2022-04-05,1.0,Landslide,Mangan,Sikkim,,,1.0,0.0,0.0,0.0,,IMD,2022.0,4.0,1.0
2022-11-05,2022-12-05,2.0,Heavy Rains,Gangtok,Sikkim,,,0.0,0.0,0.0,0.0,,IMD,2022.0,11.0,0.0
2022-11-05,2022-12-05,2.0,Heavy Rains,Mangan,Sikkim,,,0.0,0.0,0.0,0.0,,IMD,2022.0,11.0,0.0
2022-01-11,2022-01-11,1.0,Heavy Rains,Chennai,Tamil Nadu,,,2.0,0.0,0.0,0.0,,IMD,2022.0,1.0,2.0
2022-01-11,2022-01-11,1.0,Heavy Rains,Ranipet,Tamil Nadu,,,0.0,0.0,0.0,0.0,,IMD,2022.0,1.0,0.0
2022-01-11,2022-01-11,1.0,Heavy Rains,Tiruvannamalai,Tamil Nadu,,,0.0,0.0,0.0,0.0,,IMD,2022.0,1.0,0.0
2022-01-07,,31.0,Heavy Rains,Nizamabad,Telangana,,,6.0,0.0,0.0,82.0,,IMD,2022.0,1.0,6.0
2022-01-07,2022-01-07,92.0,Heavy Rains & Floods,Jogulamba Gadwal,Telangana,,,0.0,0.0,0.0,0.0,,IMD,2022.0,1.0,0.0
2022-04-07,2022-04-07,81.0,Heavy Rains,Jayashankar Bhupalapally,Telangana,,,1.0,1.0,0.0,251.0,,IMD,2022.0,4.0,2.0
2022-07-07,2022-07-07,1.0,Heavy Rains,Mahabubnagar,Telangana,,,0.0,0.0,0.0,0.0,,IMD,2022.0,7.0,0.0
2022-08-07,2022-08-07,1.0,Heavy Rains,Medak,Telangana,,,0.0,0.0,0.0,0.0,,IMD,2022.0,8.0,0.0
2022-08-07,2022-08-07,1.0,Heavy Rains,Nalgonda,Telangana,,,2.0,0.0,0.0,0.0,,IMD,2022.0,8.0,2.0
2022-09-07,2022-09-07,1.0,Heavy Rains,Bhadradri Kothagudem,Telangana,,,0.0,0.0,0.0,1.0,,IMD,2022.0,9.0,0.0
2022-09-07,2022-09-07,1.0,Heavy Rains,Khammam,Telangana,,,0.0,0.0,0.0,1.0,,IMD,2022.0,9.0,0.0
2022-09-07,2022-09-07,1.0,Heavy Rains,Nizamabad,Telangana,,,0.0,0.0,0.0,0.0,,IMD,2022.0,9.0,0.0
2022-09-07,2022-09-07,1.0,Heavy Rains,Ranga Reddy,Telangana,,,0.0,0.0,0.0,0.0,,IMD,2022.0,9.0,0.0
2022-09-07,,6.0,Heavy Rains,Rajanna Sircilla,Telangana,,,0.0,0.0,0.0,0.0,,IMD,2022.0,9.0,0.0
2022-09-07,,107.0,Heavy Rains & Floods,Medak,Telangana,,,4.0,0.0,0.0,15.0,,IMD,2022.0,9.0,4.0
2022-10-07,2022-10-07,1.0,Heavy Rains,Hyderabad,Telangana,,,0.0,0.0,0.0,0.0,,IMD,2022.0,10.0,0.0
2022-10-07,2022-10-07,1.0,Heavy Rains,Karimnagar,Telangana,,,0.0,0.0,0.0,0.0,,IMD,2022.0,10.0,0.0
2022-10-07,2022-10-07,1.0,Heavy Rains,Mahabubnagar,Telangana,,,0.0,0.0,0.0,0.0,,IMD,2022.0,10.0,0.0
2022-10-07,2022-10-07,1.0,Heavy Rains,Nizamabad,Telangana,,,0.0,0.0,0.0,0.0,,IMD,2022.0,10.0,0.0
2022-10-07,2022-10-07,1.0,Heavy Rains,Ranga Reddy,Telangana,,,0.0,0.0,0.0,0.0,,IMD,2022.0,10.0,0.0
2022-10-07,2022-10-07,1.0,Heavy Rains,Sangareddy,Telangana,,,0.0,0.0,0.0,0.0,,IMD,2022.0,10.0,0.0
2022-11-07,2022-11-07,1.0,Heavy Rains & Floods,Hyderabad,Telangana,,,0.0,0.0,0.0,0.0,,IMD,2022.0,11.0,0.0
2022-11-07,2022-11-07,1.0,Heavy Rains & Floods,Nizamabad,Telangana,,,0.0,0.0,1.0,0.0,,IMD,2022.0,11.0,1.0
2022-11-07,2022-11-07,1.0,Heavy Rains & Floods,"Warangal, Warangal, Warangal, Warangal",Telangana,,,0.0,0.0,0.0,0.0,,IMD,2022.0,11.0,0.0
2022-11-07,2022-11-07,1.0,Heavy Rains & Floods,"Warangal, Warangal, Warangal, Warangal",Telangana,,,0.0,0.0,0.0,0.0,,IMD,2022.0,11.0,0.0
2022-12-07,2022-12-07,1.0,Heavy Rains & Floods,Adilabad,Telangana,,,0.0,0.0,0.0,0.0,,IMD,2022.0,12.0,0.0
2022-12-07,2022-12-07,1.0,Heavy Rains & Floods,Karimnagar,Telangana,,,1.0,0.0,0.0,0.0,,IMD,2022.0,12.0,1.0
2022-12-07,2022-12-07,1.0,Heavy Rains & Floods,Nizamabad,Telangana,,,0.0,0.0,0.0,0.0,,IMD,2022.0,12.0,0.0
2022-12-07,2022-12-07,1.0,Heavy Rains & Floods,Ranga Reddy,Telangana,,,0.0,0.0,0.0,0.0,,IMD,2022.0,12.0,0.0
2022-12-07,2022-12-07,1.0,Heavy Rains & Floods,Sangareddy,Telangana,,,0.0,0.0,0.0,0.0,,IMD,2022.0,12.0,0.0
2022-02-08,2022-04-08,3.0,Heavy Rains,Karimnagar,Telangana,,,0.0,0.0,0.0,0.0,,IMD,2022.0,2.0,0.0
2022-02-08,2022-04-08,3.0,Heavy Rains,Narayanpet,Telangana,,,0.0,0.0,0.0,0.0,,IMD,2022.0,2.0,0.0
2022-02-08,2022-04-08,3.0,Heavy Rains,"Warangal, Warangal, Warangal, Warangal",Telangana,,,0.0,0.0,0.0,0.0,,IMD,2022.0,2.0,0.0
2022-02-08,2022-04-08,3.0,Heavy Rains,"Warangal, Warangal, Warangal, Warangal",Telangana,,,0.0,0.0,0.0,0.0,,IMD,2022.0,2.0,0.0
2022-08-08,2022-10-08,3.0,Heavy Rains,Bhadradri Kothagudem,Telangana,,,0.0,0.0,0.0,0.0,,IMD,2022.0,8.0,0.0
2022-08-08,2022-10-08,3.0,Heavy Rains,Mahabubnagar,Telangana,,,0.0,0.0,0.0,0.0,,IMD,2022.0,8.0,0.0
2022-08-08,2022-10-08,3.0,Heavy Rains,Narayanpet,Telangana,,,0.0,0.0,0.0,0.0,,IMD,2022.0,8.0,0.0
2022-08-08,2022-10-08,3.0,Heavy Rains,Nizamabad,Telangana,,,0.0,0.0,0.0,0.0,,IMD,2022.0,8.0,0.0
2022-10-09,2022-10-09,1.0,Heavy Rains,Bhadradri Bhadradri Kothagudem Bhadradri Kothagudem,Telangana,,,1.0,0.0,0.0,0.0,,IMD,2022.0,10.0,1.0
2022-11-09,,3.0,Heavy Rains,Karimnagar,Telangana,,,0.0,0.0,0.0,0.0,,IMD,2022.0,11.0,0.0
2022-11-09,,3.0,Heavy Rains,Medak,Telangana,,,0.0,0.0,0.0,0.0,,IMD,2022.0,11.0,0.0
2022-01-09,,30.0,Heavy Rains & Floods,Hyderabad,Telangana,,,0.0,2.0,0.0,0.0,,IMD,2022.0,1.0,2.0
2022-07-10,2022-07-10,1.0,Heavy Rains,Mahabubnagar,Telangana,,,0.0,0.0,0.0,0.0,,IMD,2022.0,7.0,0.0
2022-07-10,2022-07-10,1.0,Heavy Rains,Ranga Reddy,Telangana,,,0.0,0.0,0.0,1.0,,IMD,2022.0,7.0,0.0
2022-07-10,2022-07-10,1.0,Heavy Rains,Vikarabad,Telangana,,,0.0,0.0,0.0,0.0,,IMD,2022.0,7.0,0.0
2022-08-10,2022-08-10,1.0,Heavy Rains,Karimnagar,Telangana,,,0.0,0.0,0.0,0.0,,IMD,2022.0,8.0,0.0
2022-08-10,2022-08-10,1.0,Heavy Rains,Mahabubnagar,Telangana,,,1.0,0.0,0.0,0.0,,IMD,2022.0,8.0,1.0
2022-09-10,2022-11-10,3.0,Heavy Rains,Hyderabad,Telangana,,,0.0,0.0,0.0,0.0,,IMD,2022.0,9.0,0.0
2022-09-10,2022-11-10,3.0,Heavy Rains,Suryapet,Telangana,,,0.0,0.0,0.0,0.0,,IMD,2022.0,9.0,0.0
2022-09-10,2022-11-10,3.0,Heavy Rains,"Warangal, Warangal, Warangal, Warangal",Telangana,,,0.0,0.0,0.0,0.0,,IMD,2022.0,9.0,0.0
2022-09-10,2022-11-10,3.0,Heavy Rains,"Warangal, Warangal, Warangal, Warangal",Telangana,,,0.0,0.0,0.0,0.0,,IMD,2022.0,9.0,0.0
2022-01-11,,30.0,Heavy Rains & Floods,Hyderabad,Telangana,,,1.0,0.0,0.0,0.0,,IMD,2022.0,1.0,1.0
2022-01-07,2022-01-07,1.0,Heavy Rains,Hardoi,Uttar Pradesh,,,0.0,0.0,0.0,2.0,,IMD,2022.0,1.0,0.0
2022-05-07,2022-05-07,1.0,Heavy Rains,Saharanpur,Uttar Pradesh,,,1.0,0.0,0.0,0.0,,IMD,2022.0,5.0,1.0
2022-01-08,2022-01-08,1.0,Heavy Rains,Hardoi,Uttar Pradesh,,,1.0,0.0,0.0,0.0,,IMD,2022.0,1.0,1.0
2022-03-08,2022-03-08,1.0,Heavy Rains,Unnao,Uttar Pradesh,,,1.0,0.0,0.0,0.0,,IMD,2022.0,3.0,1.0
2022-05-08,2022-05-08,1.0,Heavy Rains,Fatehpur,Uttar Pradesh,,,1.0,0.0,0.0,0.0,,IMD,2022.0,5.0,1.0
2022-06-08,2022-06-08,1.0,Heavy Rains,Farrukhabad,Uttar Pradesh,,,1.0,0.0,0.0,0.0,,IMD,2022.0,6.0,1.0
2022-07-08,2022-07-08,1.0,Heavy Rains & Floods,Bara Banki,Uttar Pradesh,,,0.0,0.0,0.0,1.0,,IMD,2022.0,7.0,0.0
2022-07-08,2022-07-08,1.0,Heavy Rains & Floods,Muzaffarnagar,Uttar Pradesh,,,1.0,0.0,0.0,0.0,,IMD,2022.0,7.0,1.0
2022-08-08,2022-08-08,1.0,Heavy Rains,Etawah,Uttar Pradesh,,,2.0,0.0,0.0,0.0,,IMD,2022.0,8.0,2.0
2022-08-08,2022-08-08,1.0,Heavy Rains,Muzaffarnagar,Uttar Pradesh,,,2.0,0.0,0.0,0.0,,IMD,2022.0,8.0,2.0
2022-12-08,2022-12-08,1.0,Heavy Rains,Kanpur nagar Dehat,Uttar Pradesh,,,1.0,0.0,0.0,0.0,,IMD,2022.0,12.0,1.0
2022-03-10,2022-03-10,1.0,Heavy Rains,Firozabad,Uttar Pradesh,,,1.0,0.0,0.0,0.0,,IMD,2022.0,3.0,1.0
2022-05-10,2022-05-10,1.0,Heavy Rains,Ayodhya,Uttar Pradesh,,,1.0,0.0,0.0,0.0,,IMD,2022.0,5.0,1.0
2022-05-10,2022-05-10,1.0,Heavy Rains,Fatehpur,Uttar Pradesh,,,1.0,0.0,0.0,2.0,,IMD,2022.0,5.0,1.0
2022-06-10,2022-06-10,1.0,Heavy Rains,Fatehpur,Uttar Pradesh,,,3.0,0.0,0.0,0.0,,IMD,2022.0,6.0,3.0
2022-06-10,2022-06-10,1.0,Heavy Rains,Gonda,Uttar Pradesh,,,1.0,0.0,0.0,0.0,,IMD,2022.0,6.0,1.0
2022-06-10,2022-06-10,1.0,Heavy Rains,Kanpur nagar,Uttar Pradesh,,,1.0,0.0,0.0,0.0,,IMD,2022.0,6.0,1.0
2022-06-10,2022-06-10,1.0,Heavy Rains,Prayagraj,Uttar Pradesh,,,1.0,0.0,0.0,0.0,,IMD,2022.0,6.0,1.0
2022-06-10,2022-06-10,1.0,Heavy Rains,Rae Bareli,Uttar Pradesh,,,1.0,0.0,0.0,0.0,,IMD,2022.0,6.0,1.0
2022-07-10,2022-07-10,1.0,Heavy Rains,Amethi,Uttar Pradesh,,,1.0,0.0,0.0,0.0,,IMD,2022.0,7.0,1.0
2022-07-10,2022-07-10,1.0,Heavy Rains,Banda,Uttar Pradesh,,,1.0,0.0,0.0,0.0,,IMD,2022.0,7.0,1.0
2022-07-10,2022-07-10,1.0,Heavy Rains,Fatehpur,Uttar Pradesh,,,5.0,0.0,0.0,1.0,,IMD,2022.0,7.0,5.0
2022-07-10,2022-07-10,1.0,Heavy Rains,Hamirpur,Uttar Pradesh,,,2.0,0.0,0.0,0.0,,IMD,2022.0,7.0,2.0
2022-07-10,2022-07-10,1.0,Heavy Rains,Jalaun,Uttar Pradesh,,,1.0,0.0,0.0,0.0,,IMD,2022.0,7.0,1.0
2022-07-10,2022-07-10,1.0,Heavy Rains,Prayagraj,Uttar Pradesh,,,8.0,0.0,0.0,0.0,,IMD,2022.0,7.0,8.0
2022-07-10,2022-07-10,1.0,Heavy Rains,SShrawasti,Uttar Pradesh,,,1.0,0.0,0.0,0.0,,IMD,2022.0,7.0,1.0
2022-08-10,2022-08-10,1.0,Heavy Rains,Ambedkar Nagar,Uttar Pradesh,,,1.0,0.0,0.0,0.0,,IMD,2022.0,8.0,1.0
2022-08-10,2022-08-10,1.0,Heavy Rains,Etah,Uttar Pradesh,,,2.0,0.0,0.0,0.0,,IMD,2022.0,8.0,2.0
2022-08-10,2022-08-10,1.0,Heavy Rains,Kheri,Uttar Pradesh,,,1.0,0.0,0.0,0.0,,IMD,2022.0,8.0,1.0
2022-08-10,2022-08-10,1.0,Heavy Rains,Pilibhit,Uttar Pradesh,,,1.0,1.0,0.0,0.0,,IMD,2022.0,8.0,2.0
2022-08-10,2022-08-10,1.0,Heavy Rains,SShrawasti,Uttar Pradesh,,,3.0,0.0,0.0,0.0,,IMD,2022.0,8.0,3.0
2022-09-10,2022-09-10,1.0,Heavy Rains,Bulandshahr,Uttar Pradesh,,,2.0,0.0,0.0,0.0,,IMD,2022.0,9.0,2.0
2022-09-10,2022-09-10,1.0,Heavy Rains,Firozabad,Uttar Pradesh,,,1.0,3.0,0.0,0.0,,IMD,2022.0,9.0,4.0
2022-09-10,2022-09-10,1.0,Heavy Rains,Gautam Buddha Nagar,Uttar Pradesh,,,1.0,0.0,0.0,0.0,,IMD,2022.0,9.0,1.0
2022-09-10,2022-09-10,1.0,Heavy Rains,Ghaziabad,Uttar Pradesh,,,1.0,0.0,0.0,0.0,,IMD,2022.0,9.0,1.0
2022-09-10,2022-09-10,1.0,Heavy Rains,Gorakhpur,Uttar Pradesh,,,2.0,0.0,0.0,0.0,,IMD,2022.0,9.0,2.0
2022-09-10,2022-09-10,1.0,Heavy Rains,Moradabad,Uttar Pradesh,,,1.0,0.0,0.0,0.0,,IMD,2022.0,9.0,1.0
2022-09-10,2022-09-10,1.0,Heavy Rains,Sambhal,Uttar Pradesh,,,0.0,2.0,0.0,0.0,,IMD,2022.0,9.0,2.0
2022-09-10,2022-09-10,1.0,Heavy Rains,Shahjahanpur,Uttar Pradesh,,,1.0,0.0,0.0,0.0,,IMD,2022.0,9.0,1.0
2022-09-10,2022-09-10,1.0,Heavy Rains,Sitapur,Uttar Pradesh,,,1.0,1.0,0.0,9.0,,IMD,2022.0,9.0,2.0
2022-10-10,2022-10-10,1.0,Heavy Rains,Basti,Uttar Pradesh,,,1.0,0.0,0.0,0.0,,IMD,2022.0,10.0,1.0
2022-10-10,2022-10-10,1.0,Heavy Rains,Fatehpur,Uttar Pradesh,,,1.0,0.0,0.0,0.0,,IMD,2022.0,10.0,1.0
2022-10-10,2022-10-10,1.0,Heavy Rains,Kanpur nagar Dehat,Uttar Pradesh,,,1.0,0.0,0.0,2.0,,IMD,2022.0,10.0,1.0
2022-10-10,2022-10-10,1.0,Heavy Rains,Pratapgarh,Uttar Pradesh,,,1.0,1.0,0.0,0.0,,IMD,2022.0,10.0,2.0
2022-11-10,2022-11-10,1.0,Heavy Rains,Ayodhya,Uttar Pradesh,,,2.0,0.0,0.0,0.0,,IMD,2022.0,11.0,2.0
2022-11-10,2022-11-10,1.0,Heavy Rains,Ballia,Uttar Pradesh,,,1.0,0.0,0.0,0.0,,IMD,2022.0,11.0,1.0
2022-11-10,2022-11-10,1.0,Heavy Rains,Gonda,Uttar Pradesh,,,1.0,0.0,0.0,0.0,,IMD,2022.0,11.0,1.0
2022-11-10,2022-11-10,1.0,Heavy Rains,Sitapur,Uttar Pradesh,,,1.0,0.0,0.0,2.0,,IMD,2022.0,11.0,1.0
2022-12-10,2022-12-10,1.0,Heavy Rains,Etah,Uttar Pradesh,,,1.0,0.0,0.0,0.0,,IMD,2022.0,12.0,1.0
2022-12-10,2022-12-10,1.0,Heavy Rains,Fatehpur,Uttar Pradesh,,,3.0,0.0,0.0,0.0,,IMD,2022.0,12.0,3.0
2022-12-10,2022-12-10,1.0,Heavy Rains,Kaushambi,Uttar Pradesh,,,0.0,0.0,0.0,4.0,,IMD,2022.0,12.0,0.0
2022-12-10,2022-12-10,1.0,Heavy Rains,Sitapur,Uttar Pradesh,,,2.0,0.0,0.0,0.0,,IMD,2022.0,12.0,2.0
2022-03-04,2022-04-04,2.0,Heavy Rains & Floods,Cooch Behar,West Bengal,,,0.0,0.0,0.0,0.0,,IMD,2022.0,3.0,0.0
2022-03-04,2022-04-04,2.0,Heavy Rains & Floods,Jalpaiguri,West Bengal,,,0.0,0.0,0.0,0.0,,IMD,2022.0,3.0,0.0
2022-05-10,2022-05-10,1.0,Flash Flood (Mal River),Jalpaiguri,West Bengal,,,8.0,15.0,0.0,0.0,,IMD,2022.0,5.0,23.0
2022-09-10,2022-09-10,1.0,Heavy Rains,Central,Delhi,,,3.0,9.0,0.0,0.0,,IMD,2022.0,9.0,12.0
2022-05-01,2022-05-01,1.0,Heavy Rains,Rajouri,Jammu & Kashmir,,,0.0,0.0,0.0,50.0,,IMD,2022.0,5.0,0.0
2022-05-01,2022-05-01,1.0,Heavy Rains,Ramban,Jammu & Kashmir,,,1.0,1.0,0.0,0.0,,IMD,2022.0,5.0,2.0
2022-08-01,2022-08-01,1.0,Heavy Rains,Baramulla,Jammu & Kashmir,,,0.0,0.0,0.0,0.0,,IMD,2022.0,8.0,0.0
2022-08-01,2022-08-01,1.0,Heavy Rains,Kathua,Jammu & Kashmir,,,0.0,0.0,0.0,0.0,,IMD,2022.0,8.0,0.0
2022-08-01,2022-08-01,1.0,Heavy Rains,Kulgam,Jammu & Kashmir,,,0.0,0.0,0.0,0.0,,IMD,2022.0,8.0,0.0
2022-08-01,2022-08-01,1.0,Heavy Rains,Poonch,Jammu & Kashmir,,,0.0,0.0,0.0,0.0,,IMD,2022.0,8.0,0.0
2022-08-01,2022-08-01,1.0,Heavy Rains,Rajouri,Jammu & Kashmir,,,0.0,0.0,0.0,0.0,,IMD,2022.0,8.0,0.0
2022-08-01,2022-08-01,1.0,Heavy Rains,Reasi,Jammu & Kashmir,,,0.0,0.0,0.0,0.0,,IMD,2022.0,8.0,0.0
2022-08-01,2022-08-01,1.0,Heavy Rains,Udhampur,Jammu & Kashmir,,,0.0,0.0,0.0,0.0,,IMD,2022.0,8.0,0.0
2022-09-05,2022-09-05,1.0,Cloudburst,Budgam,Jammu & Kashmir,,,3.0,0.0,0.0,0.0,,IMD,2022.0,9.0,3.0
2022-06-07,2022-06-07,1.0,Cloud burst & Flash Floods,Kishtwar,Jammu & Kashmir,,,0.0,0.0,0.0,0.0,,IMD,2022.0,6.0,0.0
2022-07-07,2022-07-07,1.0,Landslide,Poonch,Jammu & Kashmir,,,1.0,0.0,0.0,0.0,,IMD,2022.0,7.0,1.0
2022-08-07,2022-08-07,1.0,Cloudburst triggered Flash Floods.,Anantnag,Jammu & Kashmir,,,16.0,21.0,40.0,0.0,,IMD,2022.0,8.0,77.0
2022-07-08,2022-07-08,1.0,Landslide,Rajouri,Jammu & Kashmir,,,1.0,2.0,0.0,0.0,,IMD,2022.0,7.0,3.0
2022-08-08,2022-08-08,1.0,Heavy rain,Reasi,Jammu & Kashmir,,,2.0,1.0,0.0,0.0,,IMD,2022.0,8.0,3.0
2022-11-08,2022-11-08,1.0,Heavy rain & Flash Floods,Ramban,Jammu & Kashmir,,,2.0,0.0,0.0,0.0,,IMD,2022.0,11.0,2.0
2022-11-08,2022-11-08,1.0,Heavy rain & Flash Floods,Samba,Jammu & Kashmir,,,2.0,0.0,0.0,0.0,,IMD,2022.0,11.0,2.0
2023-01-06,2023-01-06,1.0,Heavy Rains & Floods,Tawang,Arunachal Pradesh,,,0.0,0.0,0.0,0.0,,IMD,2023.0,1.0,0.0
2023-02-06,2023-02-06,1.0,Heavy Rains & Floods,Upper Lower Subansiri,Arunachal Pradesh,,,0.0,0.0,0.0,0.0,,IMD,2023.0,2.0,0.0
2023-12-06,2023-12-06,1.0,Heavy Rains & Floods,Lohit,Arunachal Pradesh,,,0.0,0.0,0.0,0.0,,IMD,2023.0,12.0,0.0
2023-12-06,2023-12-06,1.0,Heavy Rains & Floods,"West Kameng, West Kameng",Arunachal Pradesh,,,0.0,0.0,0.0,0.0,,IMD,2023.0,12.0,0.0
2023-05-07,2023-05-07,1.0,Heavy Rains & Floods,Baksa,Assam,,,0.0,0.0,0.0,0.0,,IMD,2023.0,5.0,0.0
2023-05-07,2023-05-07,1.0,Heavy Rains & Floods,Biswanath,Assam,,,0.0,0.0,0.0,0.0,,IMD,2023.0,5.0,0.0
2023-05-07,2023-05-07,1.0,Heavy Rains & Floods,Dhemaji,Assam,,,0.0,0.0,0.0,0.0,,IMD,2023.0,5.0,0.0
2023-05-07,2023-05-07,1.0,Heavy Rains & Floods,Jorhat,Assam,,,0.0,0.0,0.0,0.0,,IMD,2023.0,5.0,0.0
2023-05-07,2023-05-07,1.0,Heavy Rains & Floods,Kamrup,Assam,,,0.0,0.0,0.0,0.0,,IMD,2023.0,5.0,0.0
2023-05-07,2023-05-07,1.0,Heavy Rains & Floods,Lakhimpur,Assam,,,0.0,0.0,0.0,1.0,,IMD,2023.0,5.0,0.0
2023-07-08,2023-07-08,1.0,Heavy Rains & Floods,Dhemaji,Assam,,,0.0,0.0,0.0,0.0,,IMD,2023.0,7.0,0.0
2023-07-08,2023-07-08,1.0,Heavy Rains & Floods,Dibrugarh,Assam,,,0.0,0.0,0.0,0.0,,IMD,2023.0,7.0,0.0
2023-07-08,2023-07-08,1.0,Heavy Rains & Floods,Golaghat,Assam,,,1.0,0.0,0.0,0.0,,IMD,2023.0,7.0,1.0
2023-07-08,2023-07-08,1.0,Heavy Rains & Floods,Jorhat,Assam,,,0.0,0.0,0.0,0.0,,IMD,2023.0,7.0,0.0
2023-07-08,2023-07-08,1.0,Heavy Rains & Floods,Sivasagar,Assam,,,0.0,0.0,0.0,0.0,,IMD,2023.0,7.0,0.0
2023-10-08,2023-10-08,1.0,Heavy Rains & Floods,Charaideo,Assam,,,0.0,0.0,0.0,0.0,,IMD,2023.0,10.0,0.0
2023-10-08,2023-10-08,1.0,Heavy Rains & Floods,Darrang,Assam,,,0.0,0.0,0.0,0.0,,IMD,2023.0,10.0,0.0
2023-10-08,2023-10-08,1.0,Heavy Rains & Floods,Dhemaji,Assam,,,0.0,0.0,0.0,0.0,,IMD,2023.0,10.0,0.0
2023-10-08,2023-10-08,1.0,Heavy Rains & Floods,Dibrugarh,Assam,,,1.0,0.0,0.0,0.0,,IMD,2023.0,10.0,1.0
2023-10-08,2023-10-08,1.0,Heavy Rains & Floods,Golaghat,Assam,,,0.0,0.0,0.0,0.0,,IMD,2023.0,10.0,0.0
2023-10-08,2023-10-08,1.0,Heavy Rains & Floods,Jorhat,Assam,,,0.0,0.0,0.0,0.0,,IMD,2023.0,10.0,0.0
2023-10-08,2023-10-08,1.0,Heavy Rains & Floods,Sivasagar,Assam,,,0.0,0.0,0.0,0.0,,IMD,2023.0,10.0,0.0
2023-12-08,2023-12-08,1.0,Heavy Rains & Floods,Chirang,Assam,,,0.0,0.0,0.0,0.0,,IMD,2023.0,12.0,0.0
2023-12-08,2023-12-08,1.0,Heavy Rains & Floods,Darrang,Assam,,,0.0,0.0,0.0,0.0,,IMD,2023.0,12.0,0.0
2023-12-08,2023-12-08,1.0,Heavy Rains & Floods,Dhemaji,Assam,,,0.0,0.0,0.0,0.0,,IMD,2023.0,12.0,0.0
2023-12-08,2023-12-08,1.0,Heavy Rains & Floods,Dibrugarh,Assam,,,0.0,0.0,0.0,0.0,,IMD,2023.0,12.0,0.0
2023-12-08,2023-12-08,1.0,Heavy Rains & Floods,Golaghat,Assam,,,0.0,0.0,0.0,0.0,,IMD,2023.0,12.0,0.0
2023-12-08,2023-12-08,1.0,Heavy Rains & Floods,Kokrajhar,Assam,,,0.0,0.0,0.0,0.0,,IMD,2023.0,12.0,0.0
2023-12-08,2023-12-08,1.0,Heavy Rains & Floods,Sivasagar,Assam,,,1.0,0.0,0.0,0.0,,IMD,2023.0,12.0,1.0
2023-12-08,2023-12-08,1.0,Heavy Rains & Floods,Sonitpur,Assam,,,0.0,0.0,0.0,0.0,,IMD,2023.0,12.0,0.0
2023-01-09,2023-01-09,1.0,Heavy Rains & Floods,Barpeta,Assam,,,0.0,0.0,0.0,0.0,,IMD,2023.0,1.0,0.0
2023-01-09,2023-01-09,1.0,Heavy Rains & Floods,Biswanath,Assam,,,0.0,0.0,0.0,0.0,,IMD,2023.0,1.0,0.0
2023-01-09,2023-01-09,1.0,Heavy Rains & Floods,Chirang,Assam,,,0.0,0.0,0.0,0.0,,IMD,2023.0,1.0,0.0
2023-01-09,2023-01-09,1.0,Heavy Rains & Floods,Darrang,Assam,,,1.0,0.0,0.0,0.0,,IMD,2023.0,1.0,1.0
2023-01-09,2023-01-09,1.0,Heavy Rains & Floods,Dhemaji,Assam,,,0.0,0.0,0.0,0.0,,IMD,2023.0,1.0,0.0
2023-01-09,2023-01-09,1.0,Heavy Rains & Floods,Dhubri,Assam,,,0.0,0.0,0.0,0.0,,IMD,2023.0,1.0,0.0
2023-01-09,2023-01-09,1.0,Heavy Rains & Floods,Dibrugarh,Assam,,,0.0,0.0,0.0,0.0,,IMD,2023.0,1.0,0.0
2023-01-09,2023-01-09,1.0,Heavy Rains & Floods,Goalpara,Assam,,,0.0,0.0,0.0,0.0,,IMD,2023.0,1.0,0.0
2023-01-09,2023-01-09,1.0,Heavy Rains & Floods,Golaghat,Assam,,,0.0,0.0,0.0,0.0,,IMD,2023.0,1.0,0.0
2023-01-09,2023-01-09,1.0,Heavy Rains & Floods,Jorhat,Assam,,,0.0,0.0,0.0,0.0,,IMD,2023.0,1.0,0.0
2023-01-09,2023-01-09,1.0,Heavy Rains & Floods,Kamrup,Assam,,,0.0,0.0,0.0,0.0,,IMD,2023.0,1.0,0.0
2023-01-09,2023-01-09,1.0,Heavy Rains & Floods,Kamrup Metro,Assam,,,0.0,0.0,0.0,0.0,,IMD,2023.0,1.0,0.0
2023-01-09,2023-01-09,1.0,Heavy Rains & Floods,Lakhimpur,Assam,,,0.0,0.0,0.0,0.0,,IMD,2023.0,1.0,0.0
2023-01-09,2023-01-09,1.0,Heavy Rains & Floods,Marigaon,Assam,,,0.0,0.0,0.0,0.0,,IMD,2023.0,1.0,0.0
2023-01-09,2023-01-09,1.0,Heavy Rains & Floods,Nagaon,Assam,,,0.0,0.0,0.0,0.0,,IMD,2023.0,1.0,0.0
2023-01-09,2023-01-09,1.0,Heavy Rains & Floods,Nalbari,Assam,,,0.0,0.0,0.0,0.0,,IMD,2023.0,1.0,0.0
2023-01-09,2023-01-09,1.0,Heavy Rains & Floods,Sivasagar,Assam,,,0.0,0.0,0.0,0.0,,IMD,2023.0,1.0,0.0
2023-01-09,2023-01-09,1.0,Heavy Rains & Floods,Sonitpur,Assam,,,0.0,0.0,0.0,0.0,,IMD,2023.0,1.0,0.0
2023-02-09,2023-02-09,1.0,Heavy Rains & Floods,Barpeta,Assam,,,0.0,0.0,0.0,0.0,,IMD,2023.0,2.0,0.0
2023-02-09,2023-02-09,1.0,Heavy Rains & Floods,Biswanath,Assam,,,0.0,0.0,0.0,0.0,,IMD,2023.0,2.0,0.0
2023-02-09,2023-02-09,1.0,Heavy Rains & Floods,Chirang,Assam,,,0.0,0.0,0.0,0.0,,IMD,2023.0,2.0,0.0
2023-02-09,2023-02-09,1.0,Heavy Rains & Floods,Darrang,Assam,,,0.0,0.0,0.0,3.0,,IMD,2023.0,2.0,0.0
2023-02-09,2023-02-09,1.0,Heavy Rains & Floods,Dibrugarh,Assam,,,0.0,0.0,0.0,0.0,,IMD,2023.0,2.0,0.0
2023-02-09,2023-02-09,1.0,Heavy Rains & Floods,Goalpara,Assam,,,0.0,0.0,0.0,0.0,,IMD,2023.0,2.0,0.0
2023-02-09,2023-02-09,1.0,Heavy Rains & Floods,Golaghat,Assam,,,0.0,0.0,0.0,0.0,,IMD,2023.0,2.0,0.0
2023-02-09,2023-02-09,1.0,Heavy Rains & Floods,Kamrup,Assam,,,0.0,0.0,0.0,0.0,,IMD,2023.0,2.0,0.0
2023-02-09,2023-02-09,1.0,Heavy Rains & Floods,Kamrup Metro,Assam,,,0.0,0.0,0.0,0.0,,IMD,2023.0,2.0,0.0
2023-02-09,2023-02-09,1.0,Heavy Rains & Floods,Marigaon,Assam,,,0.0,0.0,0.0,0.0,,IMD,2023.0,2.0,0.0
2023-02-09,2023-02-09,1.0,Heavy Rains & Floods,Nagaon,Assam,,,0.0,0.0,0.0,0.0,,IMD,2023.0,2.0,0.0
2023-02-09,2023-02-09,1.0,Heavy Rains & Floods,Sivasagar,Assam,,,0.0,0.0,0.0,0.0,,IMD,2023.0,2.0,0.0
2023-04-07,2023-04-07,1.0,Heavy Rains,Munger,Bihar,,,1.0,2.0,0.0,0.0,,IMD,2023.0,4.0,3.0
2023-08-07,2023-11-07,4.0,Heavy Rains & Floods,Unknown,Haryana,,,7.0,0.0,0.0,0.0,,IMD,2023.0,8.0,7.0
2023-08-07,2023-11-07,4.0,Heavy Rains & Floods,Ambala,Haryana,,,0.0,0.0,0.0,0.0,,IMD,2023.0,8.0,0.0
2023-08-07,2023-11-07,4.0,Heavy Rains & Floods,Bhiwani,Haryana,,,0.0,0.0,0.0,0.0,,IMD,2023.0,8.0,0.0
2023-08-07,2023-11-07,4.0,Heavy Rains & Floods,Faridabad,Haryana,,,0.0,0.0,0.0,0.0,,IMD,2023.0,8.0,0.0
2023-08-07,2023-11-07,4.0,Heavy Rains & Floods,Gurugram,Haryana,,,0.0,0.0,0.0,0.0,,IMD,2023.0,8.0,0.0
2023-08-07,2023-11-07,4.0,Heavy Rains & Floods,Karnal,Haryana,,,0.0,3.0,0.0,0.0,,IMD,2023.0,8.0,3.0
2023-08-07,2023-11-07,4.0,Heavy Rains & Floods,Kurukshetra,Haryana,,,0.0,0.0,0.0,0.0,,IMD,2023.0,8.0,0.0
2023-08-07,2023-11-07,4.0,Heavy Rains & Floods,Panchkula,Haryana,,,0.0,0.0,0.0,0.0,,IMD,2023.0,8.0,0.0
2023-08-07,2023-11-07,4.0,Heavy Rains & Floods,Panipat,Haryana,,,0.0,0.0,0.0,0.0,,IMD,2023.0,8.0,0.0
2023-08-07,2023-11-07,4.0,Heavy Rains & Floods,Yamunanagar,Haryana,,,0.0,0.0,0.0,0.0,,IMD,2023.0,8.0,0.0
2023-06-07,2023-06-07,1.0,Heavy Rains,"Sirmaur,",Himachal Pradesh,,,1.0,2.0,0.0,0.0,,IMD,2023.0,6.0,3.0
2023-06-07,2023-06-07,1.0,Heavy Rains,Una,Himachal Pradesh,,,0.0,0.0,0.0,0.0,,IMD,2023.0,6.0,0.0
2023-09-07,2023-11-07,3.0,"Heavy Rains,  Floods & Landslides",& Parts of Himachal Pradesh,Himachal Pradesh,,,18.0,0.0,0.0,0.0,,IMD,2023.0,9.0,18.0
2023-09-07,2023-11-07,3.0,"Heavy Rains,  Floods & Landslides",Chamba,Himachal Pradesh,,,1.0,0.0,0.0,0.0,,IMD,2023.0,9.0,1.0
2023-09-07,2023-11-07,3.0,"Heavy Rains,  Floods & Landslides",Kullu,Himachal Pradesh,,,1.0,0.0,0.0,0.0,,IMD,2023.0,9.0,1.0
2023-09-07,2023-11-07,3.0,"Heavy Rains,  Floods & Landslides",Lahul And Spiti,Himachal Pradesh,,,0.0,0.0,0.0,0.0,,IMD,2023.0,9.0,0.0
2023-09-07,2023-11-07,3.0,"Heavy Rains,  Floods & Landslides",Mandi,Himachal Pradesh,,,0.0,0.0,0.0,0.0,,IMD,2023.0,9.0,0.0
2023-09-07,2023-11-07,3.0,"Heavy Rains,  Floods & Landslides",Shimla,Himachal Pradesh,,,11.0,0.0,0.0,0.0,,IMD,2023.0,9.0,11.0
2023-09-07,2023-11-07,3.0,"Heavy Rains,  Floods & Landslides",Solan,Himachal Pradesh,,,0.0,0.0,0.0,0.0,,IMD,2023.0,9.0,0.0
2023-09-07,2023-11-07,3.0,"Heavy Rains,  Floods & Landslides",Una,Himachal Pradesh,,,0.0,0.0,0.0,0.0,,IMD,2023.0,9.0,0.0
2023-09-08,2023-09-08,1.0,Heavy Rains,Sirmaur,Himachal Pradesh,,,5.0,0.0,0.0,0.0,,IMD,2023.0,9.0,5.0
2023-11-08,2023-11-08,1.0,Landslide,Chamba,Himachal Pradesh,,,7.0,4.0,0.0,0.0,,IMD,2023.0,11.0,11.0
2023-05-07,2023-05-07,1.0,Heavy Rains,"Beedar, Kalaburagi, Belagavi, Yadgir, Bagalkotee, Raichur, Koppal, Gadag, Ballari, Dharwad, Uttar Kashia Kannada, Haveri, Chitradurga, Davangere, Shivamogga, Udupi, Chikkamagaluru, Chikkaballapura, Hassan, Kolar, Bengaluru Rural, Dakshina Kannada, Bengaluru Urban, Kodagu, Chamarajanagaraa, Tumakuru, Ramanagara, Mandya, Mysuru, Vijayapura",Karnataka,,,0.0,0.0,0.0,0.0,,IMD,2023.0,5.0,0.0
2023-05-07,2023-05-07,1.0,Heavy Rains,Chikkamagaluru,Karnataka,,,0.0,0.0,0.0,0.0,,IMD,2023.0,5.0,0.0
2023-05-07,2023-05-07,1.0,Heavy Rains,Dakshina Kannada,Karnataka,,,2.0,0.0,0.0,0.0,,IMD,2023.0,5.0,2.0
2023-05-07,2023-05-07,1.0,Heavy Rains,Kodagu,Karnataka,,,0.0,0.0,0.0,0.0,,IMD,2023.0,5.0,0.0
2023-05-07,2023-05-07,1.0,Heavy Rains,Udupi,Karnataka,,,0.0,0.0,0.0,0.0,,IMD,2023.0,5.0,0.0
2023-05-07,2023-05-07,1.0,Heavy Rains,Uttar Kashia Kannada,Karnataka,,,0.0,0.0,0.0,0.0,,IMD,2023.0,5.0,0.0
2023-03-07,2023-07-07,5.0,Heavy Rains & Floods,Alappuzha,Kerala,,,0.0,0.0,0.0,0.0,,IMD,2023.0,3.0,0.0
2023-03-07,2023-07-07,5.0,Heavy Rains & Floods,Kannur,Kerala,,,0.0,0.0,0.0,0.0,,IMD,2023.0,3.0,0.0
2023-03-07,2023-07-07,5.0,Heavy Rains & Floods,Kottayam,Kerala,,,0.0,0.0,0.0,0.0,,IMD,2023.0,3.0,0.0
2023-03-07,2023-07-07,5.0,Heavy Rains & Floods,Kozhikode,Kerala,,,0.0,0.0,0.0,0.0,,IMD,2023.0,3.0,0.0
2023-03-07,2023-07-07,5.0,Heavy Rains & Floods,Pathanamthitta,Kerala,,,0.0,0.0,0.0,0.0,,IMD,2023.0,3.0,0.0
2023-03-07,2023-07-07,5.0,Heavy Rains & Floods,Unknown,Kerala,,,19.0,0.0,0.0,0.0,,IMD,2023.0,3.0,19.0
2023-10-07,2023-10-07,1.0,Heavy Rains & Floods (Nilambur River),Malappuram,Kerala,,,2.0,0.0,0.0,0.0,,IMD,2023.0,10.0,2.0
2023-06-03,2023-09-03,4.0,Unseasonal Heavy Rains,Mandsaur,Madhya Pradesh,,,0.0,0.0,0.0,0.0,,IMD,2023.0,6.0,0.0
2023-06-03,2023-09-03,4.0,Unseasonal Heavy Rains,Rajgarh,Madhya Pradesh,,,0.0,0.0,0.0,0.0,,IMD,2023.0,6.0,0.0
2023-06-03,2023-09-03,4.0,Unseasonal Heavy Rains,Shajapur,Madhya Pradesh,,,0.0,0.0,0.0,0.0,,IMD,2023.0,6.0,0.0
2023-06-03,2023-09-03,4.0,Unseasonal Heavy Rains,Sehore,Madhya Pradesh,,,0.0,0.0,0.0,0.0,,IMD,2023.0,6.0,0.0
2023-01-07,2023-01-07,1.0,Heavy Rains,Indore,Madhya Pradesh,,,1.0,0.0,0.0,0.0,,IMD,2023.0,1.0,1.0
2023-02-07,2023-02-07,1.0,Heavy Rains,Umaria,Madhya Pradesh,,,1.0,0.0,0.0,2.0,,IMD,2023.0,2.0,1.0
2023-10-07,2023-10-07,1.0,Heavy Rains,Indore,Madhya Pradesh,,,3.0,0.0,0.0,1.0,,IMD,2023.0,10.0,3.0
2023-07-04,2023-07-04,1.0,Heavy Rains,Ahmednagar,Maharashtra,,,0.0,0.0,0.0,0.0,,IMD,2023.0,7.0,0.0
2023-07-04,2023-07-04,1.0,Heavy Rains,Akola,Maharashtra,,,0.0,0.0,0.0,0.0,,IMD,2023.0,7.0,0.0
2023-07-04,2023-07-04,1.0,Heavy Rains,Amravati,Maharashtra,,,0.0,0.0,0.0,0.0,,IMD,2023.0,7.0,0.0
2023-07-04,2023-07-04,1.0,Heavy Rains,Jalgaon,Maharashtra,,,0.0,0.0,0.0,0.0,,IMD,2023.0,7.0,0.0
2023-07-04,2023-07-04,1.0,Heavy Rains,Kolhapur,Maharashtra,,,0.0,0.0,0.0,0.0,,IMD,2023.0,7.0,0.0
2023-07-04,2023-07-04,1.0,Heavy Rains,Nagpur,Maharashtra,,,0.0,0.0,0.0,0.0,,IMD,2023.0,7.0,0.0
2023-07-04,2023-07-04,1.0,Heavy Rains,Sangli,Maharashtra,,,0.0,0.0,0.0,0.0,,IMD,2023.0,7.0,0.0
2023-07-04,2023-07-04,1.0,Heavy Rains,Satara,Maharashtra,,,0.0,0.0,0.0,0.0,,IMD,2023.0,7.0,0.0
2023-07-04,2023-07-04,1.0,Heavy Rains,Solapur,Maharashtra,,,0.0,0.0,0.0,0.0,,IMD,2023.0,7.0,0.0
2023-07-04,2023-07-04,1.0,Heavy Rains,Yavatmal,Maharashtra,,,0.0,0.0,0.0,0.0,,IMD,2023.0,7.0,0.0
2023-09-04,2023-09-04,1.0,Flash floods triggered by torrential rain,Nashik,Maharashtra,,,1.0,0.0,0.0,0.0,,IMD,2023.0,9.0,1.0
2023-09-04,2023-10-04,2.0,Heavy Rains,Ahmednagar,Maharashtra,,,0.0,0.0,0.0,0.0,,IMD,2023.0,9.0,0.0
2023-09-04,2023-10-04,2.0,Heavy Rains,Akola,Maharashtra,,,0.0,0.0,0.0,0.0,,IMD,2023.0,9.0,0.0
2023-09-04,2023-10-04,2.0,Heavy Rains,Jalgaon,Maharashtra,,,0.0,1.0,0.0,9.0,,IMD,2023.0,9.0,1.0
2023-09-04,2023-10-04,2.0,Heavy Rains,Latur,Maharashtra,,,0.0,0.0,0.0,0.0,,IMD,2023.0,9.0,0.0
2023-09-04,2023-10-04,2.0,Heavy Rains,Pune,Maharashtra,,,0.0,0.0,0.0,0.0,,IMD,2023.0,9.0,0.0
2023-12-07,2023-12-07,1.0,Heavy Rains & Floods,Akola,Maharashtra,,,1.0,0.0,0.0,0.0,,IMD,2023.0,12.0,1.0
2023-03-06,2023-03-06,1.0,Landslide,West Khasi Hills,Meghalaya,,,2.0,3.0,0.0,0.0,,IMD,2023.0,3.0,5.0
2023-10-06,,10.0,"Heavy Rains, Floods & Landslide",East East Jaintia Hills,Meghalaya,,,0.0,0.0,0.0,20.0,,IMD,2023.0,10.0,0.0
2023-10-06,,10.0,"Heavy Rains, Floods & Landslide",East Khasi Hills,Meghalaya,,,0.0,0.0,0.0,20.0,,IMD,2023.0,10.0,0.0
2023-10-06,,10.0,"Heavy Rains, Floods & Landslide",North Garo Hills,Meghalaya,,,0.0,0.0,0.0,20.0,,IMD,2023.0,10.0,0.0
2023-10-06,,10.0,"Heavy Rains, Floods & Landslide",Ri Bhoi,Meghalaya,,,0.0,0.0,0.0,20.0,,IMD,2023.0,10.0,0.0
2023-10-06,,10.0,"Heavy Rains, Floods & Landslide",South West Garo Hills,Meghalaya,,,0.0,0.0,0.0,20.0,,IMD,2023.0,10.0,0.0
2023-10-06,,10.0,"Heavy Rains, Floods & Landslide",West Garo Hills,Meghalaya,,,0.0,0.0,0.0,20.0,,IMD,2023.0,10.0,0.0
2023-10-06,,10.0,"Heavy Rains, Floods & Landslide",West Khasi Hills,Meghalaya,,,0.0,0.0,0.0,20.0,,IMD,2023.0,10.0,0.0
2023-11-06,2023-11-06,1.0,Heavy Rains & Floods,Ri Bhoi,Meghalaya,,,1.0,0.0,0.0,0.0,,IMD,2023.0,11.0,1.0
2023-06-05,2023-06-05,1.0,Massive landslide,Aizawl,Mizoram,,,8.0,25.0,11.0,0.0,,IMD,2023.0,6.0,44.0
2023-05-07,2023-11-07,7.0,Heavy Rains & Floods,"Gurdaspur, Hoshiarpur, Amritsar, Jalandhar, Tarn Taran, Rupnagar, Shahid Bhagat Singh Nagar, Fazilka, Moga, Ludhiana, S.A.S Nagar*, Faridkot, Fatehgarh Sahib, Sri Sri Muktsar Sahib Sahib, Sangrur, Barnala, Bathinda, Patiala, Mansa, Ferozepur, Pathankot, Kapurthala",Punjab,,,7.0,0.0,0.0,0.0,,IMD,2023.0,5.0,7.0
2023-05-07,2023-11-07,7.0,Heavy Rains & Floods,Amritsar,Punjab,,,0.0,0.0,0.0,0.0,,IMD,2023.0,5.0,0.0
2023-05-07,2023-11-07,7.0,Heavy Rains & Floods,Bathinda,Punjab,,,0.0,0.0,0.0,0.0,,IMD,2023.0,5.0,0.0
2023-05-07,2023-11-07,7.0,Heavy Rains & Floods,Fatehgarh Sahib,Punjab,,,0.0,0.0,0.0,0.0,,IMD,2023.0,5.0,0.0
2023-05-07,2023-11-07,7.0,Heavy Rains & Floods,Ferozepur,Punjab,,,0.0,0.0,0.0,0.0,,IMD,2023.0,5.0,0.0
2023-05-07,2023-11-07,7.0,Heavy Rains & Floods,Hoshiarpur,Punjab,,,0.0,0.0,0.0,0.0,,IMD,2023.0,5.0,0.0
2023-05-07,2023-11-07,7.0,Heavy Rains & Floods,Kapurthala,Punjab,,,0.0,0.0,0.0,0.0,,IMD,2023.0,5.0,0.0
2023-05-07,2023-11-07,7.0,Heavy Rains & Floods,S.A.S Nagar,Punjab,,,0.0,0.0,0.0,0.0,,IMD,2023.0,5.0,0.0
2023-05-07,2023-11-07,7.0,Heavy Rains & Floods,Patiala,Punjab,,,1.0,0.0,0.0,0.0,,IMD,2023.0,5.0,1.0
2023-05-07,2023-11-07,7.0,Heavy Rains & Floods,Rupnagar,Punjab,,,0.0,0.0,0.0,0.0,,IMD,2023.0,5.0,0.0
2023-07-07,2023-07-07,1.0,Heavy rains,Udaipur,Rajasthan,,,1.0,0.0,0.0,0.0,,IMD,2023.0,7.0,1.0
2023-09-07,2023-09-07,1.0,Heavy Rains & Floods,Ajmer,Rajasthan,,,3.0,0.0,0.0,0.0,,IMD,2023.0,9.0,3.0
2023-09-07,2023-09-07,1.0,Heavy Rains & Floods,Jaipur,Rajasthan,,,1.0,0.0,0.0,0.0,,IMD,2023.0,9.0,1.0
2023-09-07,2023-09-07,1.0,Heavy Rains & Floods,Nagaur,Rajasthan,,,2.0,0.0,0.0,0.0,,IMD,2023.0,9.0,2.0
2023-09-07,2023-09-07,1.0,Heavy Rains & Floods,Sawai Madhopur,Rajasthan,,,2.0,0.0,0.0,0.0,,IMD,2023.0,9.0,2.0
2023-09-07,2023-09-07,1.0,Heavy Rains & Floods,Tonk,Rajasthan,,,1.0,0.0,0.0,0.0,,IMD,2023.0,9.0,1.0
2023-10-07,2023-10-07,1.0,Heavy rains & Flood (Karmvachhni River),Pratapgarh,Rajasthan,,,1.0,0.0,0.0,0.0,,IMD,2023.0,10.0,1.0
2023-01-05,2023-01-05,1.0,Heavy Rains,Gautam Buddha Nagar,Uttar Pradesh,,,0.0,2.0,0.0,0.0,,IMD,2023.0,1.0,2.0
2023-07-07,2023-09-07,3.0,Heavy rains & Floods,Budaun,Uttar Pradesh,,,2.0,0.0,0.0,0.0,,IMD,2023.0,7.0,2.0
2023-07-07,2023-09-07,3.0,Heavy rains & Floods,Bareilly,Uttar Pradesh,,,4.0,0.0,0.0,0.0,,IMD,2023.0,7.0,4.0
2023-07-07,2023-09-07,3.0,Heavy rains & Floods,Bareilly,Uttar Pradesh,,,5.0,0.0,0.0,0.0,,IMD,2023.0,7.0,5.0
2023-07-07,2023-09-07,3.0,Heavy rains & Floods,Sant Kabir Nagar,Uttar Pradesh,,,2.0,0.0,0.0,0.0,,IMD,2023.0,7.0,2.0
2023-11-07,2023-11-07,1.0,Heavy Rains & Floods,Gautam Buddha Nagar,Uttar Pradesh,,,1.0,2.0,0.0,0.0,,IMD,2023.0,11.0,3.0
2023-12-07,,4.0,Heavy Rains & Floods,Bijnor,Uttar Pradesh,,,4.0,0.0,0.0,0.0,,IMD,2023.0,12.0,4.0
2023-12-07,,4.0,Heavy Rains & Floods,Mathura,Uttar Pradesh,,,1.0,0.0,0.0,0.0,,IMD,2023.0,12.0,1.0
2023-12-07,,4.0,Heavy Rains & Floods,Rampur,Uttar Pradesh,,,1.0,0.0,0.0,0.0,,IMD,2023.0,12.0,1.0
2023-12-07,,4.0,Heavy Rains & Floods,& Parts of Uttar Pradesh,Uttar Pradesh,,,21.0,0.0,0.0,0.0,,IMD,2023.0,12.0,21.0
2023-04-08,2023-04-08,1.0,Heavy Rains,Hathras,Uttar Pradesh,,,2.0,0.0,0.0,0.0,,IMD,2023.0,4.0,2.0
2023-07-08,2023-07-08,1.0,Heavy Rains,Bareilly,Uttar Pradesh,,,2.0,3.0,0.0,0.0,,IMD,2023.0,7.0,5.0
2023-09-07,2023-09-07,1.0,Landslide,Dehradun,Uttarakhand,,,3.0,0.0,0.0,0.0,,IMD,2023.0,9.0,3.0
2023-09-07,2023-09-07,1.0,Heavy rains,Udam Singh Nagar,Uttarakhand,,,2.0,1.0,0.0,0.0,,IMD,2023.0,9.0,3.0
2023-10-07,2023-10-07,1.0,Heavy rains,Uttar Kashi Kashi,Uttarakhand,,,4.0,7.0,0.0,0.0,,IMD,2023.0,10.0,11.0
2023-11-07,2023-11-07,1.0,Heavy rains & Landslides,Pithoragarh,Uttarakhand,,,5.0,0.0,0.0,0.0,,IMD,2023.0,11.0,5.0
2023-11-07,2023-11-07,1.0,Heavy rains & Landslides,Rudra Prayag,Uttarakhand,,,3.0,0.0,0.0,0.0,,IMD,2023.0,11.0,3.0
2023-04-08,2023-04-08,1.0,Massive Landslide,Rudra Prayag,Uttarakhand,,,10.0,0.0,13.0,0.0,,IMD,2023.0,4.0,23.0
2023-06-08,2023-06-08,1.0,Heavy Rains,Tehri Garhwal,Uttarakhand,,,2.0,1.0,0.0,0.0,,IMD,2023.0,6.0,3.0
2023-07-08,2023-07-08,1.0,Landslide,Rudra Prayag,Uttarakhand,,,3.0,0.0,17.0,0.0,,IMD,2023.0,7.0,20.0
2023-09-08,2023-09-08,1.0,Landslides,Rudra Prayag,Uttarakhand,,,7.0,3.0,1.0,0.0,,IMD,2023.0,9.0,11.0
2023-10-08,2023-10-08,1.0,Heavy Rains,Garhwal,Uttarakhand,,,1.0,0.0,0.0,0.0,,IMD,2023.0,10.0,1.0
2023-10-08,2023-10-08,1.0,Landslide,Rudra Prayag,Uttarakhand,,,5.0,0.0,0.0,0.0,,IMD,2023.0,10.0,5.0
2023-09-07,2023-09-07,1.0,Heavy rains,Chandigarh,Chandigarh,,,1.0,0.0,0.0,0.0,,IMD,2023.0,9.0,1.0
2023-09-07,2023-09-07,1.0,Heavy Rains & Floods (Yamuna River),North,Delhi,,,2.0,5.0,0.0,0.0,,IMD,2023.0,9.0,7.0
2023-09-07,2023-09-07,1.0,Heavy Rains & Floods (Yamuna River),North East,Delhi,,,0.0,3.0,0.0,0.0,,IMD,2023.0,9.0,3.0
2023-09-07,2023-09-07,1.0,Heavy Rains & Floods (Yamuna River),West,Delhi,,,0.0,2.0,0.0,0.0,,IMD,2023.0,9.0,2.0
2023-07-03,2023-07-03,1.0,Massive Landslide,Ramban,Jammu & Kashmir,,,1.0,6.0,0.0,0.0,,IMD,2023.0,7.0,7.0
2023-03-04,2023-03-04,1.0,Heavy Rains,Poonch,Jammu & Kashmir,,,0.0,0.0,0.0,15.0,,IMD,2023.0,3.0,0.0
2023-06-05,2023-06-05,1.0,Cloudburst,Pulwama,Jammu & Kashmir,,,2.0,0.0,0.0,0.0,,IMD,2023.0,6.0,2.0
2023-01-06,2023-01-06,1.0,Heavy Rains & Landslide,Pulwama,Jammu & Kashmir,,,0.0,0.0,0.0,0.0,,IMD,2023.0,1.0,0.0
2023-02-06,2023-02-06,1.0,Landslide,Rajouri,Jammu & Kashmir,,,0.0,1.0,0.0,1.0,,IMD,2023.0,2.0,1.0
2023-09-07,2023-09-07,1.0,Flash  Floods,Poonch,Jammu & Kashmir,,,2.0,0.0,0.0,0.0,,IMD,2023.0,9.0,2.0
2023-09-07,2023-09-07,1.0,Landslide,Doda,Jammu & Kashmir,,,2.0,1.0,0.0,0.0,,IMD,2023.0,9.0,3.0
2023-10-07,2023-10-07,1.0,Heavy Rains & Floods,Ramban,Jammu & Kashmir,,,0.0,0.0,0.0,0.0,,IMD,2023.0,10.0,0.0
2023-09-07,2023-09-07,1.0,Heavy Rains,"Leh ladakh, Kargil",Ladakh,,,5.0,0.0,0.0,0.0,,IMD,2023.0,9.0,5.0
2023-08-09,2023-08-09,1.0,Heavy rains,Anand,Gujarat,,,2.0,0.0,0.0,0.0,,IMD,2023.0,8.0,2.0
2023-09-09,2023-09-09,1.0,Heavy rains,Chandrapur,Maharashtra,,,1.0,0.0,0.0,0.0,,IMD,2023.0,9.0,1.0
2023-10-09,2023-10-09,1.0,Landslide,Serchhip,Mizoram,,,1.0,1.0,0.0,0.0,,IMD,2023.0,10.0,2.0
2023-12-09,2023-12-09,1.0,Landslide,Ramban,Jammu & Kashmir,,,4.0,0.0,0.0,6.0,,IMD,2023.0,12.0,4.0
2023-10-09,2023-11-09,2.0,Heavy Rains & Floods,Amethi,Uttar Pradesh,,,0.0,0.0,0.0,0.0,,IMD,2023.0,10.0,0.0
2023-10-09,2023-11-09,2.0,Heavy Rains & Floods,,Uttar Pradesh,,,0.0,0.0,0.0,0.0,,IMD,2023.0,10.0,0.0
2023-10-09,2023-11-09,2.0,Heavy Rains & Floods,Budaun,Uttar Pradesh,,,0.0,0.0,0.0,0.0,,IMD,2023.0,10.0,0.0
2023-10-09,2023-11-09,2.0,Heavy Rains & Floods,Deoria,Uttar Pradesh,,,1.0,0.0,0.0,0.0,,IMD,2023.0,10.0,1.0
2023-10-09,2023-11-09,2.0,Heavy Rains & Floods,Hardoi,Uttar Pradesh,,,1.0,0.0,0.0,0.0,,IMD,2023.0,10.0,1.0
2023-10-09,2023-11-09,2.0,Heavy Rains & Floods,Jalaun,Uttar Pradesh,,,0.0,0.0,0.0,0.0,,IMD,2023.0,10.0,0.0
2023-10-09,2023-11-09,2.0,Heavy Rains & Floods,Kanpur nagar,Uttar Pradesh,,,0.0,0.0,0.0,0.0,,IMD,2023.0,10.0,0.0
2023-10-09,2023-11-09,2.0,Heavy Rains & Floods,Kannauj,Uttar Pradesh,,,2.0,0.0,0.0,0.0,,IMD,2023.0,10.0,2.0
2023-10-09,2023-11-09,2.0,Heavy Rains & Floods,Mirzapur,Uttar Pradesh,,,0.0,0.0,0.0,0.0,,IMD,2023.0,10.0,0.0
2023-10-09,2023-11-09,2.0,Heavy Rains & Floods,Muzaffarnagar,Uttar Pradesh,,,1.0,1.0,0.0,0.0,,IMD,2023.0,10.0,2.0
2023-10-09,2023-11-09,2.0,Heavy Rains & Floods,Prayagraj,Uttar Pradesh,,,0.0,0.0,0.0,0.0,,IMD,2023.0,10.0,0.0
2023-10-09,2023-11-09,2.0,Heavy Rains & Floods,Pratapgarh,Uttar Pradesh,,,0.0,0.0,0.0,0.0,,IMD,2023.0,10.0,0.0
2023-10-09,2023-11-09,2.0,Heavy Rains & Floods,Rampur,Uttar Pradesh,,,0.0,0.0,0.0,0.0,,IMD,2023.0,10.0,0.0
2023-10-09,2023-11-09,2.0,Heavy Rains & Floods,Sambhal,Uttar Pradesh,,,0.0,0.0,0.0,0.0,,IMD,2023.0,10.0,0.0
2023-10-09,2023-11-09,2.0,Heavy Rains & Floods,Sitapur,Uttar Pradesh,,,0.0,0.0,0.0,0.0,,IMD,2023.0,10.0,0.0
2023-10-09,2023-11-09,2.0,Heavy Rains & Floods,Sultanpur,Uttar Pradesh,,,0.0,0.0,0.0,0.0,,IMD,2023.0,10.0,0.0
2023-10-09,2023-11-09,2.0,Heavy Rains & Floods,Unnao,Uttar Pradesh,,,0.0,0.0,0.0,0.0,,IMD,2023.0,10.0,0.0
