Date,District,State,Latitude,Longitude,Temperature,Rainfall,Max_Wind,Flood
2022-10-10,Nagaon,Assam,26.35,92.66667,26.0,3.0,11.9,1
2022-12-07,Mumbai,Maharashtra,19.07283,72.88261,26.5,0.0,18.7,1
1991-07-06,Mumbai,Maharashtra,19.07283,72.88261,27.8,1.4,17.0,0
2003-10-08,Jhunjhunu,Rajasthan,28.12559,75.39797,28.0,0.0,13.8,1
2015-05-09,Pathanamthitta,Kerala,9.26667,76.78333,25.9,11.5,9.2,1
1992-02-09,Akola,Maharashtra,20.70957,76.9981,22.0,0.0,12.3,1
2005-05-07,Alwar,Rajasthan,27.56246,76.625,31.1,0.3,11.5,0
2014-01-08,Alappuzha,Kerala,9.49004,76.3264,27.3,0.4,6.9,1
1997-01-08,Bhadrak,Odisha,21.05447,86.5156,19.7,0.3,11.8,1
2021-01-08,Rewa,Madhya Pradesh,24.53256,81.29234,19.7,0.0,9.4,1
1991-06-07,Mangalore,Karnataka,12.84654,74.84056,26.4,16.7,23.6,0
2015-01-09,Amritsar,Punjab,31.62234,74.87534,10.5,0.0,4.9,1
1975-01-07,Basti,Uttar Pradesh,26.78817,82.71617,14.6,0.0,7.6,0
1995-01-10,Srikakulam,Andhra Pradesh,18.2989,83.89751,22.7,3.7,13.6,1
2001-08-07,Alappuzha,Kerala,9.49004,76.3264,25.2,4.9,15.1,1
2010-09-09,Amravati,Maharashtra,20.93333,77.75,24.5,34.2,17.6,1
1993-12-08,Kolkata,West Bengal,22.56263,88.36304,21.7,0.0,8.8,1
2023-01-09,Jorhat,Assam,26.75751,94.20306,15.9,0.0,7.2,0
1980-01-07,Ratnagiri,Maharashtra,16.99154,73.31022,26.2,0.0,12.2,0
2018-06-03,Ballari,Karnataka,15.14205,76.92398,27.9,2.2,13.7,0
1992-02-08,Kollam,Kerala,8.88113,76.58469,26.3,0.0,18.2,1
2020-10-02,Gyalshing,Sikkim,27.28952,88.25764,19.4,3.5,5.0,0
1985-10-09,Bargarh,Odisha,21.33348,83.61905,26.5,0.0,11.3,1
1983-04-07,Jhajjar,Haryana,28.6063,76.6565,25.7,0.0,19.1,1
2005-06-07,Banda,"Uttar Pradesh, Uttarakhand",25.47758,80.33491,36.9,0.0,11.5,0
2007-02-07,Ernakulam,Kerala,9.96714,76.29036,27.0,0.0,15.2,0
1983-09-09,Rewa,Madhya Pradesh,24.53256,81.29234,24.6,15.2,26.0,1
1983-02-11,Palakkad,Kerala,10.77319,76.65366,27.6,0.0,18.0,1
2015-05-09,Ballari,Karnataka,15.14205,76.92398,32.3,0.1,16.7,1
2004-05-06,Chamba,Himachal Pradesh,32.55531,76.12647,21.8,0.0,8.2,0
2011-01-07,Murshidabad,West Bengal,24.1839,88.27171,15.9,0.0,9.9,0
1987-01-06,Tinsukia,Assam,27.48905,95.35992,18.5,0.0,4.7,1
1980-08-07,Jammu,Jammu and Kashmir,32.73528,74.86167,26.3,9.9,8.4,1
1988-12-06,Kolkata,West Bengal,22.56263,88.36304,20.8,0.0,6.7,0
1994-12-07,Mumbai,Maharashtra,19.07283,72.88261,24.9,0.0,13.2,0
1994-06-08,Kolkata,West Bengal,22.56263,88.36304,30.6,5.7,20.8,1
2020-05-07,Thiruvananthapuram,Kerala,8.4855,76.94924,27.5,3.9,10.2,1
1995-07-10,Kendrapara,Odisha,20.50166,86.42227,28.3,3.4,16.2,1
1983-08-08,Adilabad,Andhra Pradesh,19.67203,78.5359,26.3,15.3,10.3,1
2023-07-07,Udaipur,Rajasthan,24.58584,73.71346,25.8,12.5,12.6,1
1980-08-06,Darrang,Assam,26.63333,92.8,26.5,3.9,6.1,0
2022-03-10,Firozabad,Uttar Pradesh,27.15092,78.39781,23.2,0.5,19.6,1
2007-08-07,Belagavi,Karnataka,15.85212,74.50447,21.0,28.7,29.7,1
2005-08-07,Fatehabad,Haryana,29.51525,75.45554,30.1,0.0,15.8,0
2022-06-07,Kullu,Himachal Pradesh,31.95835,77.10823,29.0,0.0,11.6,1
1982-01-09,Begusarai,Bihar,25.41853,86.13389,16.4,0.0,11.2,1
2022-04-09,Yavatmal,Maharashtra,20.39324,78.13201,34.2,0.0,17.3,0
2008-11-07,Thiruvananthapuram,Kerala,8.4855,76.94924,25.9,1.3,12.0,1
2022-07-07,Nagaon,Assam,26.35,92.66667,30.1,0.1,12.9,1
1992-04-08,Mumbai,Maharashtra,19.07283,72.88261,27.1,0.0,19.0,1
1987-01-07,Barpeta,Assam,26.32293,91.00632,18.4,0.0,11.4,0
2012-12-06,Kottayam,Kerala,9.58692,76.52132,27.2,0.0,5.8,0
2020-09-11,Malappuram,Kerala,11.04199,76.08154,24.3,11.9,12.2,0
2019-12-02,Chennai,Tamil Nadu,13.08784,80.27847,26.5,2.2,14.1,0
2016-01-09,Begusarai,Bihar,25.41853,86.13389,19.0,0.0,23.0,1
1987-08-08,Cooch Behar,West Bengal,26.32539,89.44508,28.4,1.0,7.8,0
2022-12-07,Navsari,Gujarat,20.94237,72.92467,27.1,0.0,12.3,1
1994-09-07,Akola,Maharashtra,20.70957,76.9981,26.0,0.4,23.3,1
2022-12-07,Amreli,Gujarat,21.59983,71.21169,24.7,0.0,9.9,0
2022-08-01,Nagpur,Maharashtra,21.14631,79.08491,28.2,0.0,9.5,1
2022-11-10,Sitapur,Uttar Pradesh,27.56192,80.68265,21.4,0.5,22.1,1
2003-05-08,Kinnaur,Himachal Pradesh,31.52105,78.3628,-22.7,0.0,4.4,1
2022-10-10,Jorhat,Assam,26.75751,94.20306,25.6,4.1,8.5,1
2020-08-10,Pathanamthitta,Kerala,9.26667,76.78333,23.4,23.7,12.9,1
1994-02-06,Bhandara,Maharashtra,21.16817,79.64885,23.6,0.0,10.7,1
1994-11-07,Kasaragod,Kerala,12.49838,74.98959,26.6,0.0,10.9,0
1982-01-08,Kozhikode,Kerala,11.24802,75.7804,25.6,0.0,9.3,1
1990-07-09,Rewa,Madhya Pradesh,24.53256,81.29234,26.1,2.5,15.3,0
1996-09-06,Thane,Maharashtra,19.19704,72.96355,25.6,3.7,8.5,1
2003-08-06,Tinsukia,Assam,27.48905,95.35992,28.9,8.2,6.5,1
2022-07-10,Hamirpur,Uttar Pradesh,25.9553,80.14842,32.6,0.4,12.9,0
1987-08-05,Gurdaspur,Punjab,32.03933,75.40318,30.9,0.0,7.6,1
2001-10-06,Hooghly,West Bengal,22.90877,88.39674,27.0,0.9,10.0,0
2017-09-08,Idukki,Kerala,9.85,76.96667,22.6,4.5,5.3,0
1985-09-10,Lucknow,Uttar Pradesh,26.83928,80.92313,28.2,1.8,11.5,1
2001-10-07,Banswara,Rajasthan,23.54109,74.4425,30.1,0.0,11.4,0
2017-09-06,Coimbatore,Tamil Nadu,11.00555,76.96612,25.1,2.1,18.9,1
1996-05-10,Gangtok,Sikkim,27.32574,88.61216,15.9,1.7,5.2,1
1984-08-06,Bankura,West Bengal,23.23241,87.0716,26.1,17.8,11.0,0
2023-06-03,Mandsaur,Madhya Pradesh,24.07184,75.06986,31.1,3.6,23.3,1
1979-12-11,Tirunelveli,Tamil Nadu,8.72742,77.6838,24.2,3.7,13.7,1
1991-12-08,Amravati,Maharashtra,20.93333,77.75,20.7,0.0,8.2,1
2005-08-12,Thiruvananthapuram,Kerala,8.4855,76.94924,25.5,1.2,27.5,1
2020-01-02,Malappuram,Kerala,11.04199,76.08154,27.6,0.0,10.3,0
1999-09-07,Shimla,Himachal Pradesh,31.10442,77.16662,16.2,2.6,5.8,0
1996-04-09,Solapur,Maharashtra,17.67152,75.91044,32.2,0.0,14.0,0
1993-11-10,Alappuzha,Kerala,9.49004,76.3264,25.5,1.6,11.6,0
1988-01-10,Dhemaji,Assam,27.48333,94.58333,16.6,0.0,3.8,0
2016-06-07,Rewa,Madhya Pradesh,24.53256,81.29234,36.9,0.0,9.8,0
1983-01-09,Jammu,Jammu and Kashmir,32.73528,74.86167,7.7,1.1,9.0,0
1990-08-10,Kolkata,West Bengal,22.56263,88.36304,28.5,2.8,13.4,1
2005-01-08,Aurangabad,Maharashtra,19.87757,75.34226,21.8,0.0,8.4,1
2022-02-08,Malappuram,Kerala,11.04199,76.08154,27.5,0.0,15.0,0
2007-08-07,Godda,Jharkhand,24.827,87.2125,28.2,0.2,19.3,0
1998-10-10,Kollam,Kerala,8.88113,76.58469,25.2,40.3,15.1,1
1985-03-07,Munger,Bihar,25.37459,86.47455,27.4,0.0,23.2,1
2022-11-09,Karimnagar,Telangana,18.43915,79.12856,23.4,0.0,11.2,1
2000-07-08,Bahraich,Uttar Pradesh,27.57429,81.59474,26.9,1.8,12.6,0
2023-10-09,Jalaun,Uttar Pradesh,26.1451,79.3366,30.8,0.0,19.9,1
1981-07-09,Pune,Maharashtra,18.51957,73.85535,22.5,3.3,15.9,0
2003-12-07,Hisar,Haryana,29.15394,75.72294,19.1,0.0,11.6,0
1984-10-09,Visakhapatnam,Andhra Pradesh,17.68009,83.20161,26.9,7.9,15.4,1
2022-10-08,Dungarpur,Rajasthan,23.84306,73.71466,24.0,36.0,12.9,1
2000-12-07,Satara,Maharashtra,17.68589,73.99333,20.6,0.0,16.0,1
2018-08-01,Agra,Uttar Pradesh,27.18333,78.01667,29.0,0.7,15.7,0
2001-01-09,Begusarai,"Bihar, Jharkhand",25.41853,86.13389,15.4,0.0,13.8,1
2022-08-10,Kheri,Uttar Pradesh,27.90354,80.79754,30.4,0.0,17.0,0
2000-01-08,Barpeta,Assam,26.32293,91.00632,16.5,0.0,4.7,0
1986-01-11,Baleshwar,Odisha,21.49266,86.93348,19.9,0.0,10.2,1
2001-09-07,Nagpur,Maharashtra,21.14631,79.08491,27.1,0.0,6.8,0
2018-09-05,Auraiya,Uttar Pradesh,26.46517,79.50918,25.6,33.0,13.8,1
1997-07-08,Kheda,Gujarat,22.75218,72.68533,28.4,1.1,13.6,0
1995-04-09,Ambala,Haryana,30.36099,76.79782,27.2,1.2,21.4,1
2005-01-02,Thiruvananthapuram,Kerala,8.4855,76.94924,26.0,0.6,13.0,1
1980-08-07,Gurdaspur,Punjab,32.03933,75.40318,27.2,11.3,8.6,1
2008-12-09,Beed,Maharashtra,18.98921,75.75634,21.5,0.0,11.2,1
2023-10-07,Pratapgarh,Rajasthan,25.92058,81.99629,27.7,0.0,7.0,0
1984-01-09,Saharsa,Bihar,25.87498,86.59611,15.7,0.0,11.2,0
2021-11-07,Ratnagiri,Maharashtra,16.99154,73.31022,26.1,1.2,16.4,1
2023-07-04,Solapur,Maharashtra,17.67152,75.91044,27.2,2.0,12.5,0
2005-07-09,Thiruvananthapuram,Kerala,8.4855,76.94924,25.1,1.8,19.4,0
1981-10-07,Kolkata,West Bengal,22.56263,88.36304,26.2,0.0,9.7,1
2022-08-01,Gondia,Maharashtra,21.46026,80.19205,27.6,0.4,6.7,0
2022-09-10,Bulandshahr,Uttar Pradesh,28.40392,77.85773,29.7,0.5,12.9,0
2022-01-09,Hyderabad,Telangana,17.38405,78.45636,22.5,0.1,10.4,0
1986-05-11,Chengalpattu,Tamil Nadu,12.69184,79.97661,32.6,0.0,12.2,0
1987-01-09,Dhubri,Assam,26.01856,89.98564,19.5,0.0,7.4,1
2021-09-10,Alappuzha,Kerala,9.49004,76.3264,26.1,0.6,14.9,0
2010-01-06,Lakhimpur,Assam,27.23517,94.10357,15.7,0.0,5.5,1
2000-11-07,Adilabad,Andhra Pradesh,19.67203,78.5359,25.8,0.0,9.6,1
1983-11-08,Aurangabad,Maharashtra,19.87757,75.34226,20.5,0.0,9.3,0
1981-01-08,Faridkot,Punjab,30.67399,74.75579,11.3,0.0,7.5,0
2010-05-08,Bargarh,Odisha,21.33348,83.61905,34.4,0.0,11.4,1
1994-03-09,Mumbai,Maharashtra,19.07283,72.88261,28.1,0.0,17.9,1
1978-01-09,Bhind,Madhya Pradesh,26.56671,78.78728,14.1,0.0,8.6,0
1983-05-10,Nanded,Maharashtra,19.16023,77.31497,34.6,0.0,8.4,0
2011-03-07,Dhemaji,Assam,27.48333,94.58333,20.3,0.0,5.0,1
2012-06-08,Kodagu,Karnataka,13.2996,77.70028,24.2,0.3,19.2,0
2020-06-01,Barpeta,Assam,26.32293,91.00632,25.7,6.9,11.1,0
2000-01-07,Ludhiana,Punjab,30.91204,75.85379,11.7,0.0,8.7,1
2021-07-09,Yavatmal,Maharashtra,20.39324,78.13201,25.8,7.8,15.3,1
2016-02-03,Karimnagar,Telangana,18.43915,79.12856,27.4,0.0,7.2,0
2010-10-07,Barpeta,Assam,26.32293,91.00632,24.8,7.7,17.3,1
2021-02-10,Thrissur,Kerala,10.51667,76.21667,27.8,0.0,18.4,0
2023-10-07,Pratapgarh,Rajasthan,25.92058,81.99629,27.7,0.0,8.8,1
1981-01-08,Gorakhpur,Uttar Pradesh,26.76628,83.36889,13.6,0.0,13.7,1
1995-08-10,Ganjam,Odisha,19.31151,84.7929,28.6,0.0,11.3,0
1997-12-07,Darjeeling,West Bengal,27.03333,88.26667,7.5,0.4,5.4,0
2002-11-08,Mumbai,Maharashtra,19.07283,72.88261,28.0,0.0,14.1,1
2018-09-06,Auraiya,Uttar Pradesh,26.46517,79.50918,26.6,7.0,11.2,0
2022-11-09,Karimnagar,Telangana,18.43915,79.12856,23.4,0.0,9.0,0
1992-05-07,Gangtok,Sikkim,27.32574,88.61216,14.6,4.7,5.3,0
2015-06-03,Ballari,Karnataka,15.14205,76.92398,29.5,0.0,14.5,0
2009-05-09,Bankura,West Bengal,23.23241,87.0716,34.7,0.0,20.5,1
1983-10-09,Alwar,Rajasthan,27.56246,76.625,27.6,5.8,11.5,1
2006-11-07,Shimla,Himachal Pradesh,31.10442,77.16662,8.8,1.0,6.8,1
1986-08-08,Koraput,Odisha,18.81199,82.71048,22.4,3.2,8.4,1
2012-09-04,Warangal,Andhra Pradesh,18.0,79.58333,24.4,26.4,16.9,1
2017-07-09,Barpeta,Assam,26.32293,91.00632,27.3,3.9,14.1,0
1998-04-12,Cuddalore,Tamil Nadu,11.75617,79.76693,29.1,0.0,20.5,1
2003-03-09,Muzaffarnagar,Uttar Pradesh,29.47091,77.70332,17.9,0.0,9.5,0
2015-10-07,Hamirpur,Himachal Pradesh,25.9553,80.14842,30.5,0.0,8.7,0
2022-11-07,Navsari,Gujarat,20.94237,72.92467,26.6,0.0,11.8,0
2023-08-07,Panchkula,Haryana,30.69461,76.8504,28.0,23.5,15.9,1
2019-08-09,Kheda,Gujarat,22.75218,72.68533,26.2,40.0,20.2,0
2020-10-02,Gyalshing,Sikkim,27.28952,88.25764,19.4,17.7,6.2,1
1979-06-08,Kannur,Kerala,11.86752,75.35763,28.9,0.2,11.0,0
2019-07-10,Kottayam,Kerala,9.58692,76.52132,24.6,25.1,15.5,1
2015-08-12,Alappuzha,Kerala,9.49004,76.3264,25.7,1.5,12.7,0
2022-01-08,Thiruvananthapuram,Kerala,8.4855,76.94924,26.7,0.6,8.6,0
2010-08-12,Thiruvananthapuram,Kerala,8.4855,76.94924,25.2,2.7,21.9,1
2017-06-03,Thiruvananthapuram,Kerala,8.4855,76.94924,26.1,39.4,22.1,1
2022-02-08,Warangal,Telangana,18.0,79.58333,24.3,0.0,13.4,1
1984-03-08,Indore,Madhya Pradesh,22.71792,75.8333,27.2,0.0,16.1,1
1997-02-12,Nashik,Maharashtra,19.99727,73.79096,20.5,0.0,17.1,1
2023-08-07,Panipat,Haryana,29.38747,76.96825,29.6,0.0,19.8,1
2022-08-08,Muzaffarnagar,Uttar Pradesh,29.47091,77.70332,28.3,0.0,6.6,1
1979-02-07,Kannur,Kerala,11.86752,75.35763,27.1,0.0,17.1,1
2008-01-09,Malappuram,Kerala,11.04199,76.08154,26.3,0.0,13.0,1
2003-01-11,Pune,Maharashtra,18.51957,73.85535,23.9,0.1,10.8,1
2014-12-06,Thiruvananthapuram,Kerala,8.4855,76.94924,25.2,0.0,9.1,0
2022-10-10,Tinsukia,Assam,27.48905,95.35992,24.4,0.8,8.6,0
1976-01-08,Gurdaspur,Punjab,32.03933,75.40318,10.7,0.0,10.1,1
2000-07-07,Idukki,Kerala,9.85,76.96667,20.3,5.3,16.5,1
2019-07-06,Gangtok,Sikkim,27.32574,88.61216,19.8,38.5,7.4,1
1971-01-06,Amroha,"Uttar Pradesh , Assam , Bihar , West Bengal, Kerala",28.90314,78.46984,13.9,0.0,14.4,1
2001-07-04,Kottayam,Kerala,9.58692,76.52132,24.1,6.3,14.1,0
1993-03-07,Pune,Maharashtra,18.51957,73.85535,26.3,0.0,17.8,1
2010-06-06,Darrang,Assam,26.63333,92.8,25.9,12.6,13.9,1
1984-04-03,Madurai,Tamil Nadu,9.919,78.11953,27.2,4.8,10.7,1
1984-08-09,Gaya,Bihar,24.79686,85.00385,27.4,2.9,19.9,1
1981-09-07,Ahmedabad,Gujarat,23.02579,72.58727,28.4,0.0,11.3,1
2005-01-07,Kollam,Kerala,8.88113,76.58469,26.7,0.0,8.4,0
2021-12-10,Thiruvananthapuram,Kerala,8.4855,76.94924,25.7,0.1,9.8,0
2002-03-08,Hamirpur,Himachal Pradesh,25.9553,80.14842,23.2,0.0,16.4,1
2008-07-08,Cuttack,Odisha,20.46497,85.87927,27.2,2.9,12.4,0
1983-01-07,Katihar,Bihar,25.53852,87.57044,16.2,0.0,8.7,1
2022-08-01,Gadchiroli,Maharashtra,20.18061,80.00522,28.3,6.0,9.8,1
2017-09-08,Idukki,Kerala,9.85,76.96667,22.6,22.6,6.6,1
1990-01-08,Adilabad,Andhra Pradesh,19.67203,78.5359,22.9,0.0,7.8,0
2013-07-06,Pune,Maharashtra,18.51957,73.85535,23.7,0.4,13.8,0
2011-01-07,Valsad,Gujarat,20.61013,72.93428,21.3,0.0,14.3,1
1995-08-10,Howrah,West Bengal,22.57688,88.31857,27.8,3.3,18.0,1
2018-08-05,Bara Banki,Uttar Pradesh,26.92384,81.17927,26.8,1.8,8.4,0
1995-07-05,Alappuzha,Kerala,9.49004,76.3264,25.5,5.2,9.7,0
1997-01-08,Bhadrak,Odisha,21.05447,86.5156,19.7,0.1,9.4,0
2019-09-08,Bhopal,Madhya Pradesh,23.25469,77.40289,25.0,60.1,16.4,1
1993-08-10,Malappuram,Kerala,11.04199,76.08154,24.6,7.6,13.5,1
2023-09-07,Shimla,Himachal Pradesh,31.10442,77.16662,17.9,0.5,11.9,1
1991-12-06,Barpeta,Assam,26.32293,91.00632,19.0,0.0,10.1,1
2019-08-09,Ernakulam,Kerala,9.96714,76.29036,25.4,8.9,15.5,0
2022-09-07,Sindhudurg,Maharashtra,15.99894,73.5347,25.4,5.6,13.1,0
2019-07-09,Darjeeling,West Bengal,27.03333,88.26667,15.1,34.0,6.4,0
2021-11-10,Alappuzha,Kerala,9.49004,76.3264,26.0,1.1,13.0,0
1992-10-07,Kolkata,West Bengal,22.56263,88.36304,27.3,0.8,7.4,1
2022-07-07,Kannur,Kerala,11.86752,75.35763,24.1,44.0,18.2,1
2022-06-07,Thane,Maharashtra,19.19704,72.96355,30.3,2.7,15.4,1
1991-08-05,Barpeta,Assam,26.32293,91.00632,28.0,0.5,9.2,0
2001-08-09,Dhemaji,Assam,27.48333,94.58333,28.1,1.0,4.5,0
2005-10-08,Nashik,Maharashtra,19.99727,73.79096,24.6,0.0,9.8,0
2012-05-07,Dhemaji,Assam,27.48333,94.58333,26.1,0.0,5.4,1
1996-05-08,Bhopal,Madhya Pradesh,23.25469,77.40289,33.9,0.0,22.3,1
2023-05-07,Chikkamagaluru,Karnataka,13.32231,75.774,22.3,0.2,9.8,0
2022-11-09,Gondia,Maharashtra,21.46026,80.19205,22.3,0.0,7.7,1
2023-05-07,Hoshiarpur,Punjab,31.53723,75.91269,24.8,0.0,25.7,1
2019-08-01,Barpeta,Assam,26.32293,91.00632,27.4,17.7,9.1,1
2019-07-02,Mumbai,Maharashtra,19.07283,72.88261,26.6,26.3,18.8,1
2014-08-07,Dhemaji,Assam,27.48333,94.58333,27.4,1.3,3.6,0
2006-11-07,Panchkula,Haryana,30.69461,76.8504,20.6,0.4,9.8,0
1989-08-06,Alappuzha,Kerala,9.49004,76.3264,24.5,2.6,12.5,0
1988-06-07,Kolkata,West Bengal,22.56263,88.36304,30.6,4.9,17.1,1
2023-03-07,Alappuzha,Kerala,9.49004,76.3264,28.4,0.0,17.8,0
1990-06-07,Chamba,Himachal Pradesh,32.55531,76.12647,24.7,0.4,7.4,0
2022-02-07,Kannur,Kerala,11.86752,75.35763,26.1,0.0,16.9,0
1999-12-05,Hassan,Karnataka,13.00715,76.0962,18.4,0.0,11.3,1
1999-07-06,Kasaragod,Kerala,12.49838,74.98959,24.7,11.7,25.0,0
1999-08-08,Malda,West Bengal,22.14416,78.29957,23.3,12.3,13.5,0
1999-05-08,Narmadapuram,Madhya Pradesh,22.74747,77.72736,34.7,0.0,16.6,0
2022-12-07,Palghar,Maharashtra,19.69693,72.76543,26.5,0.0,14.0,0
1991-12-06,Barpeta,Assam,26.32293,91.00632,19.0,0.0,8.1,0
1997-12-01,Nashik,Maharashtra,19.99727,73.79096,22.3,0.0,10.4,0
2006-01-09,Balaghat,"Madhya Pradesh,  Chhattisgarh",21.8156,80.18845,18.3,0.0,9.1,1
2000-12-07,Mumbai,Maharashtra,19.07283,72.88261,24.9,0.0,14.8,1
1991-04-08,Hamirpur,Himachal Pradesh,25.9553,80.14842,28.0,0.2,8.7,1
2022-12-09,Belagavi,Karnataka,15.85212,74.50447,20.1,0.0,16.3,1
2000-12-07,Mumbai,Maharashtra,19.07283,72.88261,24.9,0.0,14.8,1
2022-04-07,Nagaon,Assam,26.35,92.66667,23.6,0.0,12.9,0
1979-10-07,Siliguri,West Bengal,26.71004,88.42851,24.3,0.7,4.7,0
1973-08-06,Darrang,Assam,26.63333,92.8,25.6,15.8,6.9,1
2007-01-05,Mandi,Himachal Pradesh,31.71194,76.93273,9.3,0.0,8.7,1
1992-07-09,Sirohi,Rajasthan,24.88838,72.84794,30.0,0.0,22.4,1
2022-02-07,Nagaon,Assam,26.35,92.66667,14.9,0.0,8.8,1
2005-09-07,Darjeeling,West Bengal,27.03333,88.26667,16.3,5.8,6.5,1
1995-08-09,Bharatpur,Rajasthan,27.21731,77.49009,26.0,7.9,17.1,0
2005-03-07,Belagavi,Karnataka,15.85212,74.50447,25.2,0.1,11.1,1
1987-09-11,Kozhikode,Kerala,11.24802,75.7804,26.5,0.4,13.9,1
2022-11-09,Amravati,Maharashtra,20.93333,77.75,23.8,0.0,12.7,1
1998-11-12,Srikakulam,Andhra Pradesh,18.2989,83.89751,26.3,0.1,16.5,0
2005-06-08,Hamirpur,Himachal Pradesh,25.9553,80.14842,34.6,0.0,11.0,0
1993-01-07,Almora,Uttar Pradesh,29.59713,79.65911,5.0,15.8,6.2,1
2021-08-09,Nagpur,Maharashtra,21.14631,79.08491,28.1,0.5,14.6,1
2022-10-10,Golaghat,Assam,26.51167,93.95951,25.5,10.3,9.4,1
1979-10-06,Alappuzha,Kerala,9.49004,76.3264,26.5,0.6,12.9,1
2016-11-07,Baran,Rajasthan,25.1,76.51667,23.9,0.0,14.8,1
2013-11-06,Jaipur,Rajasthan,26.91962,75.78781,21.0,0.6,10.4,0
2016-03-09,Begusarai,Bihar,25.41853,86.13389,27.5,0.3,22.0,1
2003-10-07,Ajmer,Rajasthan,26.4521,74.63867,26.0,0.0,12.7,1
1997-01-07,Kannur,Kerala,11.86752,75.35763,25.0,0.0,15.1,1
2014-06-09,Adilabad,Telangana,19.67203,78.5359,37.4,0.0,22.7,1
2015-10-07,Ballari,Karnataka,15.14205,76.92398,26.1,0.0,7.3,0
2006-02-09,Amritsar,Punjab,31.62234,74.87534,16.8,0.0,10.6,1
2019-08-01,Saran,Bihar,25.69336,85.1718,29.5,4.4,20.2,1
2023-06-03,Sehore,Madhya Pradesh,23.2,77.08333,32.7,0.0,13.0,0
2019-09-12,Malappuram,Kerala,11.04199,76.08154,25.1,2.0,10.5,0
1983-08-08,Warangal,Andhra Pradesh,18.0,79.58333,25.8,4.3,8.3,0
1989-01-07,Bahraich,Uttar Pradesh,27.57429,81.59474,15.5,11.6,20.9,1
2014-05-08,Bhandara,Maharashtra,21.16817,79.64885,33.8,0.3,23.1,1
2000-08-10,Ballari,Karnataka,15.14205,76.92398,22.8,3.9,24.5,1
2016-01-08,Chamba,Himachal Pradesh,32.55531,76.12647,7.6,3.1,9.2,1
2008-04-06,Pune,Maharashtra,18.51957,73.85535,27.8,0.0,12.9,1
1984-04-03,Tirunelveli,Tamil Nadu,8.72742,77.6838,26.2,4.0,8.0,0
1978-01-11,Coimbatore,Tamil Nadu,11.00555,76.96612,21.5,0.0,16.0,1
2010-08-11,Thiruvananthapuram,Kerala,8.4855,76.94924,26.0,0.0,27.7,1
2023-02-09,Golaghat,Assam,26.51167,93.95951,16.5,2.4,10.1,1
2007-01-03,Kullu,Himachal Pradesh,31.95835,77.10823,7.1,0.0,5.7,0
2022-02-08,Pathanamthitta,Kerala,9.26667,76.78333,26.9,0.0,9.1,0
2005-01-08,Bharuch,Gujarat,21.69482,72.9805,21.7,0.0,12.6,1
1972-01-06,Tumakuru,Karnataka,13.34136,77.1022,19.8,0.0,13.1,1
2019-09-01,Bhavnagar,Gujarat,21.76287,72.15331,27.6,8.5,20.2,1
2022-05-10,Jalpaiguri,West Bengal,26.51667,88.73333,26.4,2.6,10.2,0
1986-05-08,Malda,Uttar Pradesh,22.14416,78.29957,33.7,0.0,12.3,0
2001-01-07,Dhemaji,Assam,27.48333,94.58333,15.4,0.0,4.5,0
2010-07-07,Ambala,Haryana,30.36099,76.79782,28.2,5.6,12.3,0
1975-01-08,Jodhpur,Rajasthan,26.26841,73.00594,14.7,0.0,15.5,0
1989-08-07,Surat,Gujarat,21.19594,72.83023,26.7,0.1,16.1,0
2023-01-09,Dhemaji,Assam,27.48333,94.58333,16.4,0.0,7.1,0
2005-07-07,Kozhikode,Kerala,11.24802,75.7804,25.6,1.2,11.4,0
2007-09-08,Indore,Madhya Pradesh,22.71792,75.8333,24.8,2.0,15.1,1
2017-06-06,Bilaspur,Himachal Pradesh,31.33027,76.75663,31.3,0.2,18.9,1
1995-05-07,Idukki,Kerala,9.85,76.96667,22.2,7.7,8.3,0
1986-05-08,Jammu,Jammu and Kashmir,32.73528,74.86167,27.9,0.5,14.1,0
2001-10-08,Shimla,Himachal Pradesh,31.10442,77.16662,14.2,0.0,7.0,0
2020-09-05,Kolhapur,Maharashtra,16.69563,74.23167,25.8,2.7,11.3,1
1993-10-06,Amravati,Maharashtra,20.93333,77.75,26.7,0.0,13.0,1
1978-01-02,Jabalpur,Madhya Pradesh,23.16697,79.95006,14.1,0.0,11.7,1
2021-08-11,Chittoor,Andhra Pradesh,13.21055,79.0956,28.3,4.6,16.3,1
1998-02-07,Idukki,Kerala,9.85,76.96667,23.8,0.3,9.7,1
1993-07-10,Hyderabad,Andhra Pradesh,17.38405,78.45636,26.8,0.2,24.6,0
2022-09-10,Firozabad,Uttar Pradesh,27.15092,78.39781,29.2,0.6,9.1,0
1997-10-08,Pune,Maharashtra,18.51957,73.85535,25.1,0.0,14.2,1
1994-06-06,Pune,Maharashtra,18.51957,73.85535,25.0,1.8,21.2,0
2003-02-10,Thrissur,Kerala,10.51667,76.21667,28.7,0.0,14.0,1
2006-06-08,Barwani,"Madhya Pradesh,  Chhattisgarh",22.03232,74.89982,31.8,0.0,21.8,1
2014-03-08,Bhadrak,Odisha,21.05447,86.5156,23.9,0.0,7.4,0
2019-07-12,Araria,Bihar,26.14934,87.51323,27.2,10.8,7.9,0
2021-12-07,Parbhani,Maharashtra,19.26855,76.77081,24.6,0.0,8.0,0
2019-09-12,Malappuram,Kerala,11.04199,76.08154,25.1,9.8,13.1,1
2010-03-10,Alappuzha,Kerala,9.49004,76.3264,29.6,0.1,15.1,1
1994-11-10,Idukki,Kerala,9.85,76.96667,21.8,1.8,9.0,0
1999-01-07,Aizawl,Mizoram,23.72894,92.71791,12.9,0.0,4.0,0
2022-12-10,Etah,Uttar Pradesh,27.55879,78.65692,17.2,0.0,11.4,1
2013-12-06,Kannauj,Uttar Pradesh,27.05524,79.9188,16.7,0.0,11.2,1
2017-08-04,Pathanamthitta,Kerala,9.26667,76.78333,24.3,8.0,16.3,1
1995-09-11,Kolkata,West Bengal,22.56263,88.36304,27.6,1.0,8.7,0
1981-01-08,Sindhudurg,Maharashtra,15.99894,73.5347,22.9,0.0,16.1,1
2007-04-07,Bokaro,Jharkhand,23.66934,86.15161,30.2,0.0,14.8,0
1997-05-07,Sonitpur,Assam,26.78196,92.44907,23.9,2.5,5.3,0
1993-09-07,Nagpur,Maharashtra,21.14631,79.08491,25.5,1.0,13.7,0
2016-01-08,Thane,Maharashtra,19.19704,72.96355,24.7,0.0,9.8,0
2022-05-08,Fatehpur,Uttar Pradesh,25.92774,80.81266,33.1,0.0,19.1,0
2022-04-09,Amravati,Maharashtra,20.93333,77.75,34.4,0.0,19.4,1
2023-10-09,Muzaffarnagar,Uttar Pradesh,29.47091,77.70332,27.0,0.0,10.4,0
2022-05-07,Idukki,Kerala,9.85,76.96667,24.2,4.6,10.0,1
2022-02-07,Lakhimpur,Assam,27.23517,94.10357,14.7,0.0,7.2,0
2013-07-09,Bongaigaon,Assam,26.47703,90.55815,25.7,89.9,6.9,1
1979-10-06,Alappuzha,Kerala,9.49004,76.3264,26.5,0.1,10.3,0
2000-10-07,Lucknow,Uttar Pradesh,26.83928,80.92313,28.6,0.0,7.6,1
2007-12-07,Dhemaji,Assam,27.48333,94.58333,17.2,0.0,5.9,1
2022-11-09,Yavatmal,Maharashtra,20.39324,78.13201,23.0,0.0,9.8,0
2012-07-04,Kollam,Kerala,8.88113,76.58469,25.8,0.8,14.8,0
2019-08-05,Belagavi,Karnataka,15.85212,74.50447,21.7,50.8,31.4,1
2010-02-07,Sonitpur,Assam,26.78196,92.44907,18.4,0.0,4.4,0
1993-05-08,Kolhapur,Maharashtra,16.69563,74.23167,28.2,0.1,15.7,1
2006-01-09,Bhadrak,Odisha,21.05447,86.5156,19.4,0.0,9.6,0
2019-09-01,Nanded,Maharashtra,19.16023,77.31497,25.5,2.3,13.4,0
1988-02-06,Jammu,Jammu and Kashmir,32.73528,74.86167,15.0,0.0,6.4,1
2023-09-09,Chandrapur,Maharashtra,19.95076,79.29523,27.1,0.3,11.8,0
1995-09-10,Banka,Bihar,24.88091,86.92257,28.3,0.1,6.4,0
2023-09-09,Chandrapur,Maharashtra,19.95076,79.29523,27.1,1.4,14.7,1
1994-07-08,Kullu,Himachal Pradesh,31.95835,77.10823,23.0,5.4,3.5,0
1981-08-08,Bhandara,Maharashtra,21.16817,79.64885,25.6,26.0,16.6,1
2013-12-03,Kannur,Kerala,11.86752,75.35763,26.5,0.8,8.9,1
2022-11-07,Nizamabad,Telangana,18.67154,78.0988,24.7,0.0,9.7,1
1999-03-08,Amravati,Maharashtra,20.93333,77.75,29.3,0.0,10.1,1
1983-04-07,Jhajjar,Haryana,28.6063,76.6565,25.7,0.0,15.3,0
2014-11-08,Ajmer,Rajasthan,26.4521,74.63867,25.0,0.0,7.6,1
1997-11-06,Pune,Maharashtra,18.51957,73.85535,24.5,0.0,12.7,1
2022-11-07,Gadchiroli,Maharashtra,20.18061,80.00522,24.2,0.0,10.7,1
2000-07-05,Nashik,Maharashtra,19.99727,73.79096,23.8,3.2,20.8,1
2022-09-07,Medak,Telangana,18.04531,78.26078,25.6,17.3,9.8,1
1976-08-09,Mirzapur,Uttar Pradesh,25.1449,82.56534,27.1,15.6,9.4,1
2000-10-06,Davangere,Karnataka,14.46693,75.92694,23.5,1.1,11.1,0
1991-08-09,Kolkata,West Bengal,22.56263,88.36304,28.1,1.3,9.0,0
2022-04-08,Chhatarpur,Madhya Pradesh,24.9177,79.58871,32.1,0.0,12.2,0
1994-08-08,Prayagraj,Uttar Pradesh,25.44478,81.84322,26.6,10.9,16.3,1
2022-11-07,Chota Udaipur,Gujarat,22.30401,74.0158,25.8,0.0,7.8,0
2007-10-02,Ambala,Haryana,30.36099,76.79782,26.9,0.0,10.9,1
2023-07-04,Kolhapur,Maharashtra,16.69563,74.23167,24.3,2.6,20.2,0
1983-11-09,Guna,Madhya Pradesh,24.64691,77.3113,19.3,0.0,7.5,0
1999-10-08,Kullu,Himachal Pradesh,31.95835,77.10823,15.4,0.0,7.7,1
2011-01-08,Morena,Madhya Pradesh,26.49892,77.99534,12.2,0.0,8.0,0
2022-11-07,Navsari,Gujarat,20.94237,72.92467,26.6,0.0,14.8,1
2001-07-04,Kottayam,Kerala,9.58692,76.52132,24.1,31.3,17.6,1
2018-09-02,Firozabad,Uttar Pradesh,27.15092,78.39781,26.9,2.4,5.8,0
2019-09-01,Bhavnagar,Gujarat,21.76287,72.15331,27.6,1.7,16.2,0
2022-05-07,Nagaon,Assam,26.35,92.66667,26.5,1.0,8.1,1
2022-11-07,Chota Udaipur,Gujarat,22.30401,74.0158,25.8,0.0,9.7,1
2000-08-06,Bijnor,Uttar Pradesh,29.373,78.13636,28.8,0.1,13.2,1
2020-02-03,Beed,Maharashtra,18.98921,75.75634,25.5,0.5,13.5,1
2007-08-07,Godda,Jharkhand,24.827,87.2125,28.2,1.0,24.1,1
1999-02-10,Bijapur,Karnataka,18.79387,80.81599,21.9,0.3,5.8,0
1984-06-08,Nashik,Maharashtra,19.99727,73.79096,27.0,6.7,12.9,1
2022-09-09,Belagavi,Karnataka,15.85212,74.50447,22.3,2.7,16.1,0
1991-01-09,Alwar,Rajasthan,27.56246,76.625,13.2,0.0,7.7,0
2003-01-11,Pune,Maharashtra,18.51957,73.85535,23.9,0.0,8.6,0
2019-09-04,Chandrapur,Maharashtra,19.95076,79.29523,26.2,26.3,14.1,1
1983-08-08,Warangal,Andhra Pradesh,18.0,79.58333,25.8,21.6,10.4,1
2016-10-08,Bilaspur,Himachal Pradesh,31.33027,76.75663,23.8,0.0,7.4,0
1979-01-08,Nagpur,Maharashtra,21.14631,79.08491,21.1,0.0,7.9,0
1990-01-10,Barpeta,Assam,26.32293,91.00632,17.1,0.0,6.9,1
1997-04-08,Patiala,Punjab,30.33625,76.3922,22.2,0.1,13.3,0
2001-06-10,Ahmednagar,Maharashtra,19.09457,74.73843,25.4,5.2,19.5,1
2022-12-07,Nagpur,Maharashtra,21.14631,79.08491,21.6,0.0,12.4,0
1985-11-06,Mumbai,Maharashtra,19.07283,72.88261,26.0,0.0,11.0,0
2021-10-05,Nagpur,Maharashtra,21.14631,79.08491,27.5,4.1,6.4,1
2019-08-10,Ahmedabad,Gujarat,23.02579,72.58727,26.0,23.0,30.9,0
2014-05-08,Bhandara,Maharashtra,21.16817,79.64885,33.8,0.1,18.5,0
1993-08-07,Amritsar,Punjab,31.62234,74.87534,28.2,2.7,8.9,1
2022-09-07,Hailakandi,Assam,24.68394,92.56097,28.9,0.3,6.2,0
2022-11-09,Nagpur,Maharashtra,21.14631,79.08491,22.2,0.0,8.9,0
2023-09-07,Dehradun,Uttarakhand,30.32443,78.03392,27.1,0.1,6.9,0
2008-05-08,Chandigarh,Punjab,30.73629,76.7884,31.2,0.0,12.8,0
1997-10-08,Darjeeling,West Bengal,27.03333,88.26667,13.9,4.7,5.0,1
1995-10-08,Jhajjar,Haryana,28.6063,76.6565,28.2,0.0,10.6,0
1997-01-08,Ajmer,Rajasthan,26.4521,74.63867,13.2,0.0,9.4,1
1997-12-09,Kottayam,Kerala,9.58692,76.52132,24.8,4.2,8.7,0
1978-08-08,Munger,Bihar,25.37459,86.47455,28.7,3.0,8.6,1
2006-02-08,Kangra,Himachal Pradesh,32.09135,76.26267,16.4,0.0,7.3,1
2001-08-07,Bhadrak,Odisha,21.05447,86.5156,27.6,0.4,12.5,0
2022-02-07,Lakhimpur,Assam,27.23517,94.10357,14.7,0.0,9.0,1
1978-08-09,Malda,West Bengal,22.14416,78.29957,22.6,14.8,18.9,1
2023-05-07,Hoshiarpur,Punjab,31.53723,75.91269,24.8,0.0,20.6,0
2000-03-05,Dhemaji,Assam,27.48333,94.58333,18.0,0.1,5.8,0
2001-08-07,Alappuzha,Kerala,9.49004,76.3264,25.2,1.0,12.1,0
2018-09-05,Auraiya,Uttar Pradesh,26.46517,79.50918,25.6,6.6,11.0,0
2010-07-11,Chennai,Tamil Nadu,13.08784,80.27847,29.0,0.5,15.1,0
2000-08-07,Mumbai,Maharashtra,19.07283,72.88261,27.2,1.2,15.5,1
1995-10-08,Faridkot,Punjab,30.67399,74.75579,28.4,0.0,9.2,1
2023-10-09,Sitapur,Uttar Pradesh,27.56192,80.68265,28.5,0.0,18.5,1
2006-10-08,Ujjain,"Madhya Pradesh,  Chhattisgarh",23.18239,75.77643,24.9,0.0,7.8,0
1984-08-09,Cooch Behar,West Bengal,26.32539,89.44508,27.7,9.2,12.4,1
2006-07-08,Bharuch,Gujarat,21.69482,72.9805,27.7,0.2,20.6,0
2005-01-07,Satara,Maharashtra,17.68589,73.99333,23.9,0.0,7.0,0
2000-10-08,Adilabad,Andhra Pradesh,19.67203,78.5359,28.0,0.0,5.3,0
2022-10-10,Dibrugarh,Assam,27.47989,94.90837,24.0,18.1,11.2,1
2007-01-03,Kullu,Himachal Pradesh,31.95835,77.10823,7.1,0.0,7.1,1
2019-10-01,Arwal,Bihar,25.24281,84.66571,25.7,0.5,11.4,0
1988-01-10,Dhemaji,Assam,27.48333,94.58333,16.6,0.0,4.8,1
1986-01-08,Bilaspur,Himachal Pradesh,31.33027,76.75663,11.4,0.0,5.8,0
2009-01-10,Bharuch,Gujarat,21.69482,72.9805,22.7,0.0,10.7,0
2019-09-06,Mumbai,Maharashtra,19.07283,72.88261,26.2,8.7,19.8,0
2019-08-11,Alappuzha,Kerala,9.49004,76.3264,25.5,1.7,17.4,0
2022-11-07,Bijapur,Chhattisgarh,18.79387,80.81599,25.1,0.0,10.1,1
1991-03-11,Kamjong,Manipur,24.85846,94.51549,16.7,0.0,8.9,0
2008-04-07,Bathinda,Punjab,30.20747,74.93893,22.5,0.0,9.1,1
2017-07-01,Barpeta,Assam,26.32293,91.00632,26.3,70.8,11.7,1
2000-12-07,Mumbai,Maharashtra,19.07283,72.88261,24.9,0.0,11.8,0
2022-11-05,Gangtok,Sikkim,27.32574,88.61216,13.2,0.0,7.2,1
2023-03-07,Pathanamthitta,Kerala,9.26667,76.78333,28.6,0.0,20.4,1
2020-05-03,Pathanamthitta,Kerala,9.26667,76.78333,27.6,15.0,15.1,1
1998-01-07,Kodagu,Karnataka,13.2996,77.70028,20.3,0.0,10.6,0
1988-11-09,Beed,Maharashtra,18.98921,75.75634,23.3,0.0,15.2,0
2021-12-07,Kangra,Himachal Pradesh,32.09135,76.26267,12.6,0.0,7.2,0
1987-01-10,Darrang,Assam,26.63333,92.8,18.8,0.0,7.9,1
1993-06-10,Kottayam,Kerala,9.58692,76.52132,25.4,1.9,11.3,0
2009-05-09,Mumbai,Maharashtra,19.07283,72.88261,28.9,0.0,19.8,1
2022-06-07,Thane,Maharashtra,19.19704,72.96355,30.3,0.5,12.3,0
1986-01-07,Cuttack,Odisha,20.46497,85.87927,17.6,0.0,11.3,0
2019-08-06,Chamoli,Uttarakhand,30.40271,79.33303,23.3,72.1,4.4,1
1994-05-07,Bhilwara,Rajasthan,25.34707,74.64081,32.1,0.0,15.1,1
1980-08-08,Kodagu,Karnataka,13.2996,77.70028,22.6,0.0,26.0,1
2010-03-07,Mumbai,Maharashtra,19.07283,72.88261,25.0,0.0,19.3,1
2013-02-06,Thiruvananthapuram,Kerala,8.4855,76.94924,26.1,5.3,8.8,0
1980-01-07,Dharwad,Karnataka,15.46005,75.00778,22.5,0.0,14.2,0
2005-03-08,Gurdaspur,Punjab,32.03933,75.40318,18.5,0.0,7.0,0
2021-11-10,Malappuram,Kerala,11.04199,76.08154,23.7,4.7,7.1,1
2000-01-07,Ludhiana,Punjab,30.91204,75.85379,11.7,0.0,7.0,0
2000-07-07,Idukki,Kerala,9.85,76.96667,20.3,1.1,13.2,0
1989-11-09,Cuttack,Odisha,20.46497,85.87927,23.7,0.0,9.8,0
2019-07-02,Mumbai,Maharashtra,19.07283,72.88261,26.6,5.3,15.0,0
2009-08-08,Pithoragarh,Uttarakhand,29.58349,80.20947,21.3,1.5,3.8,0
2023-09-07,Kullu,Himachal Pradesh,31.95835,77.10823,24.2,0.0,7.1,1
2022-12-05,Hojai,Assam,26.00281,92.85605,20.5,0.0,7.9,1
2022-12-07,Amreli,Gujarat,21.59983,71.21169,24.7,0.0,12.4,1
2015-11-04,Ernakulam,Kerala,9.96714,76.29036,26.4,7.0,4.7,1
2021-07-09,Nanded,Maharashtra,19.16023,77.31497,26.6,0.7,12.2,0
1995-10-07,Kota,Rajasthan,25.18254,75.83907,29.4,0.0,6.6,0
2005-10-04,Darjeeling,West Bengal,27.03333,88.26667,12.7,22.1,3.3,1
1995-05-07,Cooch Behar,West Bengal,26.32539,89.44508,24.8,47.5,19.7,1
1993-07-11,Coimbatore,Tamil Nadu,11.00555,76.96612,23.7,1.4,22.9,1
1986-01-10,Ganjam,Odisha,19.31151,84.7929,21.6,0.6,14.1,1
2000-07-07,Bijapur,Karnataka,18.79387,80.81599,25.4,4.3,7.8,0
1997-02-08,Mumbai,Maharashtra,19.07283,72.88261,22.3,0.0,15.2,1
2022-01-08,Bikaner,Rajasthan,28.01762,73.31495,11.5,0.0,11.3,0
2016-12-03,Meerut,Uttar Pradesh,28.98002,77.70636,17.6,0.0,8.0,1
1975-08-09,Bulandshahr,Uttar Pradesh,28.40392,77.85773,29.0,0.4,6.3,0
2022-01-08,Malappuram,Kerala,11.04199,76.08154,27.5,0.0,12.2,0
1995-09-09,Amritsar,Punjab,31.62234,74.87534,27.0,0.0,10.9,1
1980-08-07,Ambala,Haryana,30.36099,76.79782,26.4,18.5,8.4,1
2005-06-07,Jalandhar,Punjab,31.32556,75.57917,31.7,0.0,9.0,0
1998-05-07,Gorakhpur,Uttar Pradesh,26.76628,83.36889,31.9,1.0,21.7,1
1990-05-09,Baleshwar,Odisha,21.49266,86.93348,28.2,0.2,17.8,0
2021-11-07,Nanded,Maharashtra,19.16023,77.31497,24.0,0.0,9.0,0
1995-08-08,Indore,Madhya Pradesh,22.71792,75.8333,25.4,0.1,21.4,0
1998-12-07,Mumbai,Maharashtra,19.07283,72.88261,25.2,0.0,11.8,0
1975-01-08,Ajmer,Rajasthan,26.4521,74.63867,14.3,0.5,18.3,1
2007-02-06,Gangtok,Sikkim,27.32574,88.61216,5.6,17.8,4.0,1
1999-12-05,Hassan,Karnataka,13.00715,76.0962,18.4,0.0,9.0,0
2006-11-06,Barpeta,Assam,26.32293,91.00632,24.4,0.0,5.0,0
2004-03-08,Gurdaspur,Punjab,32.03933,75.40318,19.2,0.0,11.0,0
2017-10-12,Vellore,Tamil Nadu,12.9184,79.13255,26.2,3.2,9.0,1
1995-03-08,Yamunanagar,Haryana,30.12796,77.28371,15.6,0.0,8.4,0
2018-08-03,Amethi,Uttar Pradesh,26.15696,81.80519,25.3,108.4,19.5,1
1983-08-09,Goalpara,Assam,26.17668,90.62634,28.0,16.1,8.7,1
1990-01-07,Bathinda,Punjab,30.20747,74.93893,10.6,0.0,10.8,1
1991-07-08,Ayodhya,Uttar Pradesh,26.79909,82.2047,30.6,6.1,17.3,1
1987-02-10,Chitradurga,Karnataka,14.22262,76.40038,23.2,0.0,9.4,0
2005-10-06,Mysuru,Karnataka,12.29791,76.63925,23.6,1.3,8.4,0
2020-08-09,Alappuzha,Kerala,9.49004,76.3264,24.3,87.6,12.1,1
1987-01-12,Thrissur,Kerala,10.51667,76.21667,28.6,0.0,16.6,1
2016-03-08,Koraput,Odisha,18.81199,82.71048,23.9,0.0,10.0,1
2022-12-07,Navsari,Gujarat,20.94237,72.92467,27.1,0.0,9.8,0
1984-02-07,Chikkamagaluru,Karnataka,13.32231,75.774,21.8,0.6,15.5,1
1995-08-10,Ganjam,Odisha,19.31151,84.7929,28.6,0.0,14.1,1
2007-07-09,Gangtok,Sikkim,27.32574,88.61216,19.0,3.1,5.0,0
2019-09-07,Belagavi,Karnataka,15.85212,74.50447,21.6,29.6,29.0,1
2022-11-10,Shajapur,Madhya Pradesh,23.42637,76.27775,24.2,0.0,9.4,1
2023-01-09,Jorhat,Assam,26.75751,94.20306,15.9,0.0,9.0,1
1987-09-11,Kozhikode,Kerala,11.24802,75.7804,26.5,0.1,11.1,0
1983-09-10,Pune,Maharashtra,18.51957,73.85535,23.8,0.2,12.1,0
1997-08-07,Kolhapur,Maharashtra,16.69563,74.23167,22.4,0.5,18.0,0
2013-02-10,Ranchi,Jharkhand,23.34316,85.3094,16.8,0.0,11.6,0
2013-01-08,Kodagu,Karnataka,13.2996,77.70028,22.4,0.0,11.6,1
2000-08-06,Latur,Maharashtra,18.39721,76.56784,26.5,0.0,10.1,1
2022-02-08,Warangal,Telangana,18.0,79.58333,24.3,0.0,10.7,0
2017-10-04,Krishnagiri,Tamil Nadu,12.51921,78.21382,25.5,1.0,8.3,0
2022-07-10,Amethi,Uttar Pradesh,26.15696,81.80519,32.2,0.0,16.4,1
2023-07-04,Yavatmal,Maharashtra,20.39324,78.13201,30.3,0.4,14.5,0
1982-01-08,Ballari,Karnataka,15.14205,76.92398,21.4,0.0,17.4,1
1978-01-07,Burhanpur,Madhya Pradesh,21.30868,76.23026,19.5,0.0,9.6,0
2003-02-08,Bathinda,Punjab,30.20747,74.93893,14.5,0.0,8.4,0
2019-08-08,Ernakulam,Kerala,9.96714,76.29036,25.5,34.5,25.9,1
2022-06-09,Kodagu,Karnataka,13.2996,77.70028,24.3,5.3,18.4,1
2023-02-09,Biswanath,Assam,26.72577,93.14659,15.5,0.8,14.6,1
1978-08-06,Beed,Maharashtra,18.98921,75.75634,25.6,0.1,20.6,0
1980-12-07,Kinnaur,Himachal Pradesh,31.52105,78.3628,-19.3,0.0,4.9,1
2013-01-08,Korba,Chhattisgarh,22.3458,82.69633,16.0,0.0,12.4,1
1984-03-10,Coimbatore,Tamil Nadu,11.00555,76.96612,25.0,0.0,8.4,1
2018-07-03,Mumbai,Maharashtra,19.07283,72.88261,26.3,35.1,26.4,1
2012-04-09,Krishna,Andhra Pradesh,17.60293,82.4215,28.6,0.0,11.8,0
2019-08-08,Ernakulam,Kerala,9.96714,76.29036,25.5,6.9,20.7,0
2023-07-08,Bareilly,Uttar Pradesh,28.36678,79.43167,28.6,2.5,19.1,0
2022-09-07,Wardha,Maharashtra,20.73933,78.59784,27.3,2.0,10.7,1
1992-02-05,Baleshwar,Odisha,21.49266,86.93348,22.1,0.0,12.4,1
2004-03-07,Akola,Maharashtra,20.70957,76.9981,28.2,0.0,8.6,0
2022-09-10,Hyderabad,Telangana,17.38405,78.45636,24.0,4.1,13.3,0
2008-07-09,Cuttack,Odisha,20.46497,85.87927,26.8,2.1,8.9,0
1995-08-08,Kendujhar,Odisha,21.51945,83.36356,25.0,101.0,18.1,1
2004-05-11,Thiruvarur,Tamil Nadu,10.77269,79.6368,29.1,3.1,17.6,1
1978-01-11,Thiruvananthapuram,Kerala,8.4855,76.94924,25.2,0.0,8.6,0
2023-01-09,Sonitpur,Assam,26.78196,92.44907,15.4,0.0,7.5,0
2000-08-06,Bijnor,Uttar Pradesh,29.373,78.13636,28.8,0.0,10.6,0
2018-09-07,Auraiya,Uttar Pradesh,26.46517,79.50918,27.3,11.3,17.9,1
1983-01-08,Munger,Bihar,25.37459,86.47455,17.3,0.0,7.2,1
2005-07-08,Bhandara,Maharashtra,21.16817,79.64885,26.1,2.7,8.9,0
2023-10-09,Prayagraj,Uttar Pradesh,25.44478,81.84322,28.8,0.0,13.7,1
2014-02-05,Adilabad,Andhra Pradesh,19.67203,78.5359,24.7,0.0,6.4,0
2007-03-07,Ahmedabad,Gujarat,23.02579,72.58727,24.8,0.0,9.9,0
2014-11-08,Ajmer,Rajasthan,26.4521,74.63867,25.0,0.0,6.1,0
1979-03-08,Indore,Madhya Pradesh,22.71792,75.8333,18.3,0.0,17.2,1
2022-10-07,Nizamabad,Telangana,18.67154,78.0988,25.7,2.3,14.6,1
2010-11-06,Alappuzha,Kerala,9.49004,76.3264,24.8,24.9,8.9,1
2000-01-10,Chikkamagaluru,Karnataka,13.32231,75.774,21.3,0.0,12.7,0
1997-03-12,Jalgaon,Maharashtra,21.00292,75.56602,28.2,0.0,9.9,0
2005-05-09,Bageshwar,Uttarakhand,29.83738,79.77161,21.5,0.1,8.4,0
2002-01-09,Aurangabad,Maharashtra,19.87757,75.34226,19.9,0.0,13.8,1
2007-01-07,Amritsar,Punjab,31.62234,74.87534,8.8,0.0,10.5,1
1988-07-07,Hoshiarpur,Punjab,31.53723,75.91269,26.9,9.6,14.5,0
1978-01-07,Burhanpur,Madhya Pradesh,21.30868,76.23026,19.5,0.0,12.0,1
1990-08-07,Hooghly,West Bengal,22.90877,88.39674,26.9,22.1,11.4,1
2002-11-09,Shimla,Himachal Pradesh,31.10442,77.16662,8.9,0.0,5.1,0
1991-04-08,Patiala,Punjab,30.33625,76.3922,22.5,25.2,12.1,1
2017-09-12,Jodhpur,Rajasthan,26.26841,73.00594,30.1,0.3,16.2,1
2022-11-05,Jiribam,Manipur,24.80427,93.12148,25.2,0.0,6.2,1
2023-05-07,Gurdaspur,Punjab,32.03933,75.40318,24.4,0.0,23.4,0
1975-08-09,Bulandshahr,Uttar Pradesh,28.40392,77.85773,29.0,2.2,7.9,1
1984-08-08,Ahmedabad,Gujarat,23.02579,72.58727,27.0,0.9,13.6,1
2001-09-07,Nagpur,Maharashtra,21.14631,79.08491,27.1,0.0,8.5,1
1993-09-10,Raichur,Karnataka,16.20546,77.35567,25.8,0.0,13.0,0
2005-05-08,Pithoragarh,Uttarakhand,29.58349,80.20947,18.6,0.1,5.2,0
2019-06-09,Thiruvananthapuram,Kerala,8.4855,76.94924,26.4,4.8,19.5,0
2006-09-09,Kangra,Himachal Pradesh,32.09135,76.26267,23.8,0.8,6.7,0
2023-04-08,Hathras,Uttar Pradesh,27.59551,78.05201,26.5,0.0,16.1,1
2015-07-05,Kottayam,Kerala,9.58692,76.52132,26.3,3.2,17.4,1
2009-11-09,Bahraich,Uttar Pradesh,27.57429,81.59474,21.8,0.0,9.5,0
1998-05-08,Darjeeling,West Bengal,27.03333,88.26667,14.8,4.6,5.3,0
1987-01-08,Prayagraj,Uttar Pradesh,25.44478,81.84322,16.7,0.0,9.4,1
1995-08-05,Bhadrak,Odisha,21.05447,86.5156,28.2,0.8,11.6,0
1995-05-07,Idukki,Kerala,9.85,76.96667,22.2,38.7,10.4,1
2019-08-09,Kheda,Gujarat,22.75218,72.68533,26.2,200.1,25.2,1
2005-11-12,Ramanathapuram,Tamil Nadu,9.37158,78.83077,25.5,12.6,15.0,1
2006-08-11,Thiruvananthapuram,Kerala,8.4855,76.94924,24.6,12.3,19.1,1
2019-08-07,Amreli,Gujarat,21.59983,71.21169,27.7,0.1,20.6,0
1994-08-07,Belagavi,Karnataka,15.85212,74.50447,22.1,0.8,21.7,1
1995-08-05,Bhadrak,Odisha,21.05447,86.5156,28.2,4.2,14.5,1
1996-12-05,Nalbari,Assam,26.43937,91.44041,19.0,0.0,6.8,0
1985-12-08,Akola,Maharashtra,20.70957,76.9981,21.6,0.0,5.0,0
2014-10-06,Ahmednagar,Maharashtra,19.09457,74.73843,27.7,0.1,15.1,0
1978-01-08,Patna,Bihar,25.59408,85.13563,14.0,0.0,9.0,1
1997-11-06,Pune,Maharashtra,18.51957,73.85535,24.5,0.0,10.2,0
2019-09-07,Belagavi,Karnataka,15.85212,74.50447,21.6,5.9,23.2,0
2022-01-07,Gadchiroli,Maharashtra,20.18061,80.00522,21.2,0.0,8.6,0
1989-08-07,Surat,Gujarat,21.19594,72.83023,26.7,0.4,20.1,1
1999-05-05,Dindigul,Tamil Nadu,10.36896,77.98036,28.0,31.4,6.1,1
2003-10-08,Jhunjhunu,Rajasthan,28.12559,75.39797,28.0,0.0,11.0,0
1986-08-06,Kolhapur,Maharashtra,16.69563,74.23167,22.1,3.5,18.2,0
2012-02-07,Thiruvananthapuram,Kerala,8.4855,76.94924,26.9,2.1,12.0,1
2013-12-07,Kohima,Nagaland,25.67467,94.11099,12.4,0.0,7.0,1
2014-02-06,Ballari,Karnataka,15.14205,76.92398,26.0,0.0,9.8,0
1994-03-10,Kollam,Kerala,8.88113,76.58469,27.6,0.0,17.2,1
2019-08-07,Thiruvananthapuram,Kerala,8.4855,76.94924,25.3,10.5,17.2,0
2013-09-09,Shimla,Himachal Pradesh,31.10442,77.16662,14.9,7.0,9.0,1
2022-06-08,Washim,Maharashtra,20.11128,77.133,33.8,0.0,20.4,1
1985-06-08,Ahmedabad,Gujarat,23.02579,72.58727,32.7,0.0,19.5,1
1973-08-06,Darrang,Assam,26.63333,92.8,25.6,3.2,5.5,0
2002-01-09,Aurangabad,Maharashtra,19.87757,75.34226,19.9,0.0,11.0,0
2022-12-09,Gadag,Karnataka,15.42977,75.62971,21.7,0.0,15.3,1
1993-10-07,Kolkata,West Bengal,22.56263,88.36304,26.8,2.3,8.1,0
2023-10-09,Amethi,Uttar Pradesh,26.15696,81.80519,28.7,0.0,13.9,0
2000-08-06,Ratnagiri,Maharashtra,16.99154,73.31022,26.8,0.0,14.6,1
1995-01-10,Bongaigaon,Assam,26.47703,90.55815,17.8,0.0,6.0,0
1991-03-08,Amravati,Maharashtra,20.93333,77.75,27.6,0.0,11.5,0
2006-05-08,Ahmednagar,Maharashtra,19.09457,74.73843,32.6,0.0,15.8,0
1986-01-08,Amravati,Maharashtra,20.93333,77.75,18.8,0.0,8.7,1
2021-05-08,Tonk,Rajasthan,26.16638,75.78824,33.1,0.0,20.4,1
2007-02-07,Ernakulam,Kerala,9.96714,76.29036,27.0,0.0,19.0,1
1990-01-07,Sirsa,Haryana,29.53489,75.02898,10.9,0.0,10.1,0
1997-07-05,Kottayam,Kerala,9.58692,76.52132,24.6,5.1,11.7,0
1980-08-07,Jammu,Jammu and Kashmir,32.73528,74.86167,26.3,2.0,6.7,0
2009-05-08,Gurdaspur,Punjab,32.03933,75.40318,27.4,0.0,8.5,0
1985-06-08,Bhopal,Madhya Pradesh,23.25469,77.40289,30.4,0.0,19.4,1
2020-09-11,Malappuram,Kerala,11.04199,76.08154,24.3,59.4,15.2,1
2005-01-02,Akola,Maharashtra,20.70957,76.9981,23.7,0.1,6.3,0
1996-03-08,Gurdaspur,Punjab,32.03933,75.40318,17.5,0.0,12.2,1
1976-01-09,Amravati,Maharashtra,20.93333,77.75,19.4,0.0,6.6,0
1978-08-03,Jalgaon,Maharashtra,21.00292,75.56602,26.0,4.2,12.1,1
2007-12-08,Bilaspur,Himachal Pradesh,31.33027,76.75663,13.2,0.0,8.0,1
2016-01-09,Guntur,Andhra Pradesh,16.29974,80.45729,24.1,0.0,10.0,1
2005-05-08,Pithoragarh,Uttarakhand,29.58349,80.20947,18.6,0.4,6.5,1
1994-09-07,Akola,Maharashtra,20.70957,76.9981,26.0,0.1,18.6,0
2021-03-06,Nagpur,Maharashtra,21.14631,79.08491,26.9,0.0,9.9,0
2022-10-10,Lakhimpur,Assam,27.23517,94.10357,24.7,24.2,16.8,0
2005-01-02,Thiruvananthapuram,Kerala,8.4855,76.94924,26.0,0.1,10.4,0
2018-07-10,Amravati,Maharashtra,20.93333,77.75,25.0,29.2,22.4,1
1995-07-05,Kollam,Kerala,8.88113,76.58469,25.7,3.0,12.0,0
2013-02-08,Chamba,Himachal Pradesh,32.55531,76.12647,4.3,0.0,15.1,1
2006-02-10,Sindhudurg,Maharashtra,15.99894,73.5347,25.5,0.0,13.4,1
1997-01-12,Pune,Maharashtra,18.51957,73.85535,20.5,0.0,7.5,0
2022-08-08,Kullu,Himachal Pradesh,31.95835,77.10823,25.1,19.0,7.7,1
2017-05-07,Warangal,Telangana,18.0,79.58333,31.6,0.1,13.8,0
1971-01-09,Amroha,"Uttar Pradesh, West Bengal, Bihar",28.90314,78.46984,14.8,0.0,7.2,1
2019-10-02,Lucknow,Uttar Pradesh,26.83928,80.92313,25.1,1.4,9.5,0
1987-10-08,Darjeeling,West Bengal,27.03333,88.26667,13.4,5.8,6.2,1
2017-11-05,Kozhikode,Kerala,11.24802,75.7804,25.8,4.7,8.6,0
2005-08-07,Barpeta,Assam,26.32293,91.00632,27.4,1.0,4.2,0
1994-11-07,Nashik,Maharashtra,19.99727,73.79096,23.7,0.0,11.3,0
2023-10-09,Sultanpur,Uttar Pradesh,26.25788,82.07269,28.5,0.0,18.4,1
2020-07-01,Gurdaspur,Punjab,32.03933,75.40318,31.2,0.1,9.4,1
1990-03-10,Kalahandi,Odisha,20.13661,85.0799,24.3,0.4,9.5,0
1984-03-08,Nagpur,Maharashtra,21.14631,79.08491,28.3,0.0,7.1,0
2015-01-06,Barpeta,Assam,26.32293,91.00632,17.8,0.0,7.2,1
2022-06-09,Ahmednagar,Maharashtra,19.09457,74.73843,28.5,0.8,16.3,1
1986-12-03,Thiruvananthapuram,Kerala,8.4855,76.94924,26.1,0.0,7.0,0
2004-01-08,Khammam,Andhra Pradesh,17.24767,80.14368,21.4,0.0,7.8,0
2023-12-07,Akola,Maharashtra,20.70957,76.9981,22.2,1.0,9.4,1
2022-09-08,Nashik,Maharashtra,19.99727,73.79096,24.0,3.2,11.4,0
1991-05-06,Chikkamagaluru,Karnataka,13.32231,75.774,23.7,1.9,8.6,0
2008-06-07,Dhemaji,Assam,27.48333,94.58333,27.2,2.7,5.5,1
1978-08-08,Prayagraj,Uttar Pradesh,25.44478,81.84322,27.4,1.0,6.7,0
1991-04-05,Mysuru,Karnataka,12.29791,76.63925,25.1,9.4,11.2,1
2018-06-01,Nashik,Maharashtra,19.99727,73.79096,29.5,1.1,21.2,1
2022-04-08,Tumakuru,Karnataka,13.34136,77.1022,27.7,0.0,14.9,0
1984-02-08,Amravati,Maharashtra,20.93333,77.75,21.2,0.0,11.1,1
1996-05-10,Gangtok,Sikkim,27.32574,88.61216,15.9,0.3,4.2,0
2004-01-08,Khammam,Andhra Pradesh,17.24767,80.14368,21.4,0.0,9.7,1
2023-10-09,Hardoi,Uttar Pradesh,27.39491,80.13165,28.7,0.0,17.4,1
1999-02-09,Kohima,Nagaland,25.67467,94.11099,14.8,0.0,7.5,1
1998-03-07,Bikaner,Rajasthan,28.01762,73.31495,18.2,0.0,8.4,0
2003-02-07,Cooch Behar,West Bengal,26.32539,89.44508,18.9,0.0,6.2,0
2022-07-08,Muzaffarnagar,Uttar Pradesh,29.47091,77.70332,31.0,0.0,9.0,0
2023-09-07,Chandigarh,Chandigarh,30.73629,76.7884,28.7,0.0,7.4,0
2010-10-07,Barpeta,Assam,26.32293,91.00632,24.8,1.5,13.8,0
1997-06-09,Etawah,Uttar Pradesh,26.77615,79.02133,35.0,0.0,15.5,0
1983-10-08,Ernakulam,Kerala,9.96714,76.29036,26.0,0.0,8.6,1
1997-10-12,Nagpur,Maharashtra,21.14631,79.08491,26.0,0.0,7.9,1
2010-02-09,Bharatpur,Rajasthan,27.21731,77.49009,20.1,0.4,14.5,0
1993-11-10,Belagavi,Karnataka,15.85212,74.50447,20.2,5.2,29.8,1
2019-07-06,Gangtok,Sikkim,27.32574,88.61216,19.8,7.7,5.9,0
2017-06-03,Thiruvananthapuram,Kerala,8.4855,76.94924,26.1,7.9,17.7,0
2022-09-10,Sitapur,Uttar Pradesh,27.56192,80.68265,28.7,0.3,15.3,1
1981-03-04,Mayurbhanj,Odisha,21.93458,86.72852,23.1,0.0,9.1,1
2019-08-12,Bageshwar,Uttarakhand,29.83738,79.77161,25.4,20.2,7.6,1
1985-04-06,Nagpur,Maharashtra,21.14631,79.08491,29.3,0.0,13.9,1
1996-08-09,Jhajjar,Haryana,28.6063,76.6565,29.0,0.2,12.6,0
2016-02-08,Vidisha,Madhya Pradesh,23.52604,77.81092,18.8,0.0,8.5,0
1978-01-09,Saharanpur,Uttar Pradesh,29.9679,77.54522,11.3,0.1,8.4,1
2022-11-07,Durg,Chhattisgarh,21.19147,81.27619,23.3,0.0,9.4,1
2016-02-06,Bastar,Chhattisgarh,19.20306,81.92959,23.2,0.0,6.2,0
2010-12-03,Ahmednagar,Maharashtra,19.09457,74.73843,22.6,0.1,10.6,1
2014-06-08,Bilaspur,Himachal Pradesh,31.33027,76.75663,31.6,0.0,9.9,0
2022-08-08,Yavatmal,Maharashtra,20.39324,78.13201,24.4,10.0,19.8,0
2007-10-07,Dhar,Madhya Pradesh,22.59373,75.29774,24.4,0.0,14.6,1
2016-08-07,Bhopal,Madhya Pradesh,23.25469,77.40289,22.7,9.7,14.6,0
2018-07-08,Chandrapur,Maharashtra,19.95076,79.29523,26.7,20.6,18.0,1
2004-07-10,Tinsukia,Assam,27.48905,95.35992,24.5,6.4,8.2,0
2005-09-07,Amritsar,Punjab,31.62234,74.87534,30.4,0.5,16.0,1
2023-07-04,Amravati,Maharashtra,20.93333,77.75,30.0,1.7,14.2,0
2023-10-08,Dhemaji,Assam,27.48333,94.58333,24.8,9.4,11.8,0
2008-05-09,Chandigarh,Punjab,30.73629,76.7884,29.9,1.9,14.4,1
2022-02-08,Karimnagar,Telangana,18.43915,79.12856,24.0,0.0,11.4,1
2019-09-01,Gurdaspur,Punjab,32.03933,75.40318,27.7,16.9,12.4,1
1983-10-09,Alwar,Rajasthan,27.56246,76.625,27.6,1.2,9.2,0
1983-08-09,Goalpara,Assam,26.17668,90.62634,28.0,3.2,7.0,0
2011-01-08,Ratnagiri,Maharashtra,16.99154,73.31022,23.6,0.0,10.3,1
2013-11-10,Srikakulam,Andhra Pradesh,18.2989,83.89751,25.4,0.0,13.0,1
1986-01-07,Sirsa,Haryana,29.53489,75.02898,11.0,0.0,10.1,1
2001-11-06,Ahmedabad,Gujarat,23.02579,72.58727,27.3,0.0,7.3,0
2011-01-06,Alappuzha,Kerala,9.49004,76.3264,26.3,0.0,5.1,0
2021-07-09,Ahmedabad,Gujarat,23.02579,72.58727,31.3,0.7,18.9,1
1989-09-06,Kasaragod,Kerala,12.49838,74.98959,25.4,1.9,11.9,1
1984-09-09,Jalna,Maharashtra,19.84102,75.88636,25.6,0.0,11.2,0
1986-12-08,Rupnagar,Punjab,30.21013,73.99427,17.8,0.0,7.8,1
2006-09-09,Kangra,Himachal Pradesh,32.09135,76.26267,23.8,4.0,8.4,1
2021-10-05,Nagpur,Maharashtra,21.14631,79.08491,27.5,0.8,5.1,0
2023-07-04,Sangli,Maharashtra,16.85438,74.56417,25.2,14.2,21.0,1
2019-08-01,Ajmer,Rajasthan,26.4521,74.63867,26.0,5.0,9.3,0
2016-08-05,Chamoli,Uttarakhand,30.40271,79.33303,24.1,0.9,4.4,0
1998-03-07,Bikaner,Rajasthan,28.01762,73.31495,18.2,0.0,10.5,1
1991-05-09,Hamirpur,Himachal Pradesh,25.9553,80.14842,34.3,0.0,18.8,1
2019-08-07,Kolhapur,Maharashtra,16.69563,74.23167,22.8,6.5,29.3,0
2005-08-12,Cuddalore,Tamil Nadu,11.75617,79.76693,29.9,0.4,16.6,0
2003-10-09,Bhopal,Madhya Pradesh,23.25469,77.40289,24.5,0.0,15.5,1
2011-05-06,Alappuzha,Kerala,9.49004,76.3264,27.9,4.9,11.3,1
2009-11-06,Lakhimpur,Assam,27.23517,94.10357,22.3,0.0,4.2,0
1979-08-07,Jammu,Jammu and Kashmir,32.73528,74.86167,29.9,0.0,8.5,0
2013-08-06,Kota,Rajasthan,25.18254,75.83907,26.1,17.1,9.5,1
2019-07-01,Mumbai,Maharashtra,19.07283,72.88261,26.0,7.3,12.4,0
2014-06-08,Bilaspur,Himachal Pradesh,31.33027,76.75663,31.6,0.0,12.4,1
2021-01-08,Shivpuri,Madhya Pradesh,25.42378,77.66223,18.3,0.0,13.9,0
2013-11-07,Araria,Bihar,26.14934,87.51323,21.4,0.0,5.4,0
2008-01-08,Ballari,Karnataka,15.14205,76.92398,22.7,0.0,12.4,0
2003-02-09,Hamirpur,Uttar Pradesh,25.9553,80.14842,18.5,0.0,9.8,1
2005-05-09,Kolhapur,Maharashtra,16.69563,74.23167,27.7,0.0,13.0,0
2015-08-10,Thiruvananthapuram,Kerala,8.4855,76.94924,25.3,3.6,26.7,1
2023-08-07,Ambala,Haryana,30.36099,76.79782,28.4,17.7,17.0,1
1978-08-07,Mumbai,Maharashtra,19.07283,72.88261,26.5,8.2,19.6,1
1979-01-08,Nagpur,Maharashtra,21.14631,79.08491,21.1,0.0,9.9,1
1990-01-08,Adilabad,Andhra Pradesh,19.67203,78.5359,22.9,0.0,9.8,1
2008-09-08,Kolhapur,Maharashtra,16.69563,74.23167,23.6,6.8,12.5,1
2008-06-06,Gondia,Maharashtra,21.46026,80.19205,29.6,1.8,11.4,0
2008-06-07,Sonipat,Haryana,28.99478,77.01937,30.8,2.0,15.1,1
2021-06-11,Madurai,Tamil Nadu,9.919,78.11953,31.4,0.0,18.1,0
1993-05-09,Patna,Bihar,25.59408,85.13563,30.7,0.3,14.2,0
2008-03-08,Pune,Maharashtra,18.51957,73.85535,27.7,0.0,8.8,1
1994-02-06,Bhandara,Maharashtra,21.16817,79.64885,23.6,0.0,8.6,0
2020-06-02,Thiruvananthapuram,Kerala,8.4855,76.94924,26.4,4.8,13.4,0
1999-02-08,Kasaragod,Kerala,12.49838,74.98959,27.4,0.3,14.8,1
2019-05-01,Coimbatore,Tamil Nadu,11.00555,76.96612,27.8,0.0,24.2,1
1994-03-10,Kollam,Kerala,8.88113,76.58469,27.6,0.0,13.8,0
2015-01-06,Barpeta,Assam,26.32293,91.00632,17.8,0.0,5.8,0
2019-07-10,Kottayam,Kerala,9.58692,76.52132,24.6,5.0,12.4,0
1981-03-09,Ballari,Karnataka,15.14205,76.92398,29.5,0.0,14.0,1
2021-12-10,Kozhikode,Kerala,11.24802,75.7804,26.2,0.1,9.8,0
2002-11-06,Kollam,Kerala,8.88113,76.58469,25.7,9.7,8.4,1
2001-05-06,Ahmedabad,Gujarat,23.02579,72.58727,33.4,0.0,14.0,0
1974-01-06,Tinsukia,Assam,27.48905,95.35992,17.3,0.0,4.7,0
2022-12-07,Wardha,Maharashtra,20.73933,78.59784,22.4,0.0,11.7,0
1991-07-06,Mumbai,Maharashtra,19.07283,72.88261,27.8,6.8,21.2,1
2018-09-04,Bhind,Madhya Pradesh,26.56671,78.78728,26.3,4.5,10.0,0
1997-09-12,Yamunanagar,Haryana,30.12796,77.28371,26.2,3.0,6.6,1
2009-07-09,Baleshwar,Odisha,21.49266,86.93348,26.6,5.7,19.4,0
2023-02-09,Barpeta,Assam,26.32293,91.00632,19.0,0.2,18.1,1
2023-08-09,Anand,Gujarat,22.55251,72.9552,28.2,0.7,19.3,1
1991-05-09,Deoria,Uttar Pradesh,26.50167,83.77936,35.4,0.0,20.2,1
2021-12-10,Palakkad,Kerala,10.77319,76.65366,26.3,0.0,22.4,1
2012-07-07,Shimla,Himachal Pradesh,31.10442,77.16662,17.3,24.9,5.7,1
1991-03-11,Kamjong,Manipur,24.85846,94.51549,16.7,0.2,11.1,1
2021-12-07,Ahmednagar,Maharashtra,19.09457,74.73843,21.2,0.0,12.1,1
1990-06-09,Cuttack,Odisha,20.46497,85.87927,29.1,8.5,14.4,1
1975-01-11,Thiruvananthapuram,Kerala,8.4855,76.94924,24.3,0.4,17.8,1
2010-08-11,Aurangabad,Maharashtra,19.87757,75.34226,25.2,1.3,14.1,1
1983-12-09,Cooch Behar,West Bengal,26.32539,89.44508,19.2,0.0,6.0,1
2022-02-08,Kannur,Kerala,11.86752,75.35763,26.5,0.0,18.1,0
2012-12-09,Dhemaji,Assam,27.48333,94.58333,18.8,0.8,5.4,1
2022-11-07,Durg,Chhattisgarh,21.19147,81.27619,23.3,0.0,7.5,0
1990-07-08,Jammu,Jammu and Kashmir,32.73528,74.86167,27.7,8.1,5.0,0
1988-01-07,Adilabad,Andhra Pradesh,19.67203,78.5359,23.7,0.0,8.1,1
2022-11-07,Ahmedabad,Gujarat,23.02579,72.58727,26.6,0.0,6.6,0
2022-11-09,Pune,Maharashtra,18.51957,73.85535,22.7,0.0,12.1,1
2016-03-09,Begusarai,Bihar,25.41853,86.13389,27.5,0.1,17.6,0
2000-05-10,Hailakandi,Assam,24.68394,92.56097,27.9,0.4,6.2,0
1993-10-08,Barpeta,Assam,26.32293,91.00632,26.1,2.4,6.8,1
1991-02-06,Pune,Maharashtra,18.51957,73.85535,24.8,0.0,9.9,1
2002-08-06,Pune,Maharashtra,18.51957,73.85535,22.8,11.9,20.2,1
1991-07-09,Jaunpur,Uttar Pradesh,25.75356,82.68689,29.9,3.1,16.9,1
1994-08-07,Belagavi,Karnataka,15.85212,74.50447,22.1,0.2,17.4,0
2019-09-09,Sehore,Madhya Pradesh,23.2,77.08333,24.2,27.0,12.4,0
2021-06-09,Warangal,Telangana,18.0,79.58333,26.8,1.4,14.4,0
2021-02-04,Thiruvananthapuram,Kerala,8.4855,76.94924,27.5,0.0,15.1,1
2010-08-12,Thiruvananthapuram,Kerala,8.4855,76.94924,25.2,0.5,17.5,0
1983-05-10,Nanded,Maharashtra,19.16023,77.31497,34.6,0.0,10.5,1
1995-01-09,West Godavari,Andhra Pradesh,16.71311,81.10437,23.2,6.9,9.4,1
2019-06-09,Thiruvananthapuram,Kerala,8.4855,76.94924,26.4,24.0,24.4,1
2021-03-09,Barpeta,Assam,26.32293,91.00632,22.8,0.2,8.2,0
1970-01-09,Aurangabad,Maharashtra,19.87757,75.34226,22.3,0.0,12.0,1
1990-08-10,Bargarh,Odisha,21.33348,83.61905,27.5,0.3,7.8,0
1991-08-08,Gonda,Uttar Pradesh,27.83126,77.87907,27.9,13.4,8.3,1
1986-08-08,Balaghat,Madhya Pradesh,21.8156,80.18845,26.0,5.4,14.0,1
1997-10-12,Nagpur,Maharashtra,21.14631,79.08491,26.0,0.0,6.3,0
2007-03-11,Alappuzha,Kerala,9.49004,76.3264,28.3,0.6,12.3,1
2023-05-07,Udupi,Karnataka,13.33467,74.74617,29.1,0.0,13.8,0
1978-01-08,Ferozepur,Punjab,30.92574,74.61311,11.9,0.0,6.4,0
2022-05-10,Nagpur,Maharashtra,21.14631,79.08491,35.5,0.0,21.7,0
1978-08-08,Saran,Bihar,25.69336,85.1718,28.8,1.0,8.5,0
2019-08-02,Mumbai,Maharashtra,19.07283,72.88261,26.3,28.3,31.6,1
2022-02-07,Bikaner,Rajasthan,28.01762,73.31495,18.7,0.0,13.5,0
1981-04-07,Thane,Maharashtra,19.19704,72.96355,29.2,0.0,12.4,0
2013-05-08,Udupi,Karnataka,13.33467,74.74617,29.1,0.3,14.7,0
1997-10-06,Barpeta,Assam,26.32293,91.00632,26.6,0.0,5.8,0
1984-05-09,Bahraich,Uttar Pradesh,27.57429,81.59474,30.1,0.0,20.4,0
2008-05-10,Nashik,Maharashtra,19.99727,73.79096,26.6,0.0,18.3,1
1983-08-07,Koraput,Odisha,18.81199,82.71048,22.2,55.0,9.2,1
1992-07-06,Nalbari,Assam,26.43937,91.44041,26.5,5.6,14.2,1
2022-11-09,Thane,Maharashtra,19.19704,72.96355,26.0,0.0,11.1,1
2022-02-07,Bikaner,Rajasthan,28.01762,73.31495,18.7,0.0,16.9,1
2004-04-07,Kannur,Kerala,11.86752,75.35763,27.4,1.0,9.8,0
1975-08-10,Krishna,Andhra Pradesh,17.60293,82.4215,28.0,5.6,19.8,1
2023-10-09,Prayagraj,Uttar Pradesh,25.44478,81.84322,28.8,0.0,11.0,0
2022-08-03,Nashik,Maharashtra,19.99727,73.79096,24.7,6.4,13.2,1
2022-06-09,Kodagu,Karnataka,13.2996,77.70028,24.3,1.1,14.7,0
1997-03-11,Alappuzha,Kerala,9.49004,76.3264,28.5,0.1,13.0,0
2021-07-09,Akola,Maharashtra,20.70957,76.9981,25.8,77.7,12.2,1
2005-05-07,Darjeeling,West Bengal,27.03333,88.26667,10.6,3.3,4.6,0
2003-07-08,Kullu,Himachal Pradesh,31.95835,77.10823,23.1,4.4,7.0,1
1994-04-07,Nagpur,Maharashtra,21.14631,79.08491,31.1,0.0,6.6,0
2022-11-09,Amravati,Maharashtra,20.93333,77.75,23.8,0.0,10.2,0
2017-08-06,Idukki,Kerala,9.85,76.96667,21.8,16.7,12.8,1
2022-08-01,Bhandara,Maharashtra,21.16817,79.64885,28.2,0.1,8.4,0
2013-04-07,Indore,Madhya Pradesh,22.71792,75.8333,30.2,0.0,11.4,0
2013-01-09,Idukki,Kerala,9.85,76.96667,23.5,0.2,6.0,1
2021-05-06,Thiruvananthapuram,Kerala,8.4855,76.94924,27.7,2.9,13.3,1
2013-10-08,Goalpara,Assam,26.17668,90.62634,25.9,0.0,18.3,1
1984-11-08,Bhopal,Madhya Pradesh,23.25469,77.40289,22.1,0.0,9.6,1
1981-08-08,Bhandara,Maharashtra,21.16817,79.64885,25.6,5.2,13.3,0
1980-04-08,Mumbai,Maharashtra,19.07283,72.88261,28.2,0.0,15.5,0
1995-12-06,Panipat,Haryana,29.38747,76.96825,16.0,0.0,14.7,1
2012-01-08,Amreli,Gujarat,21.59983,71.21169,18.4,0.0,11.9,1
2022-11-09,Gadchiroli,Maharashtra,20.18061,80.00522,23.2,0.0,11.4,0
2000-07-08,Bahraich,Uttar Pradesh,27.57429,81.59474,26.9,9.2,15.7,1
2022-11-10,Ballia,Uttar Pradesh,28.20069,79.36668,20.9,0.5,18.2,0
1980-08-07,Gurdaspur,Punjab,32.03933,75.40318,27.2,2.3,6.9,0
1995-05-09,Jalandhar,Punjab,31.32556,75.57917,33.4,0.0,10.7,0
2005-03-12,Chennai,Tamil Nadu,13.08784,80.27847,28.5,0.1,16.1,0
2021-11-10,Malappuram,Kerala,11.04199,76.08154,23.7,0.9,5.7,0
1979-04-11,Solapur,Maharashtra,17.67152,75.91044,34.1,0.0,21.1,1
1985-05-08,Ambala,Haryana,30.36099,76.79782,32.5,0.9,20.7,1
1986-01-07,Cuttack,Odisha,20.46497,85.87927,17.6,0.0,14.1,1
2001-09-07,Kodagu,Karnataka,13.2996,77.70028,22.9,0.0,9.4,0
2010-02-09,Bharatpur,Rajasthan,27.21731,77.49009,20.1,1.8,18.1,1
2022-09-07,Hingoli,Maharashtra,19.71464,77.14238,26.0,4.1,8.9,1
2022-03-04,Cooch Behar,West Bengal,26.32539,89.44508,21.4,0.0,7.4,0
2001-01-10,Aurangabad,Maharashtra,19.87757,75.34226,21.3,0.0,8.5,0
2019-07-11,Buxar,Bihar,25.57548,83.98043,26.7,55.6,29.4,1
2023-09-07,Tonk,Rajasthan,26.16638,75.78824,29.2,0.3,13.6,0
2015-01-11,Ernakulam,Kerala,9.96714,76.29036,26.0,0.0,8.2,0
2002-02-07,Jalpaiguri,West Bengal,26.51667,88.73333,19.5,0.0,8.2,1
1983-04-07,Gurdaspur,Punjab,32.03933,75.40318,19.7,3.0,10.2,0
2017-07-05,Araria,Bihar,26.14934,87.51323,26.6,6.2,22.0,1
2010-04-10,Pune,Maharashtra,18.51957,73.85535,29.7,0.0,15.3,1
1990-06-07,Chamba,Himachal Pradesh,32.55531,76.12647,24.7,1.9,9.2,1
1998-05-07,Amreli,Gujarat,21.59983,71.21169,34.1,0.0,16.4,1
2014-06-09,Adilabad,Telangana,19.67203,78.5359,37.4,0.0,18.2,0
2021-07-09,Gondia,Maharashtra,21.46026,80.19205,26.8,0.6,7.5,0
2015-01-08,Kendujhar,Odisha,21.51945,83.36356,19.0,0.0,10.0,1
2019-08-11,Bhadrak,Odisha,21.05447,86.5156,29.1,1.7,9.7,0
2001-03-10,Jalgaon,Maharashtra,21.00292,75.56602,26.1,0.4,13.0,1
2004-03-07,Akola,Maharashtra,20.70957,76.9981,28.2,0.0,10.8,1
1992-04-04,Tinsukia,Assam,27.48905,95.35992,23.7,0.0,5.2,1
2022-09-08,Palghar,Maharashtra,19.69693,72.76543,26.6,3.3,9.3,0
2023-07-08,Jorhat,Assam,26.75751,94.20306,28.3,6.5,10.1,0
1991-11-09,Bara Banki,Uttar Pradesh,26.92384,81.17927,22.0,0.0,7.3,0
2020-08-12,Alappuzha,Kerala,9.49004,76.3264,26.2,1.4,20.5,1
2009-06-10,Bara Banki,Uttar Pradesh,26.92384,81.17927,33.7,0.0,13.5,1
1996-08-09,Ajmer,Rajasthan,26.4521,74.63867,25.2,0.0,25.7,1
2021-01-08,Ashoknagar,Madhya Pradesh,24.57578,77.73123,19.5,0.2,13.9,0
2021-01-06,Bongaigaon,Assam,26.47703,90.55815,17.6,0.0,8.4,1
2021-06-09,Barpeta,Assam,26.32293,91.00632,26.9,1.6,8.9,0
1998-11-06,Jalpaiguri,West Bengal,26.51667,88.73333,22.3,0.0,9.8,1
2019-07-01,Mumbai,Maharashtra,19.07283,72.88261,26.0,36.6,15.5,1
1995-02-11,Nagapattinam,Tamil Nadu,10.76377,79.84313,25.2,0.0,13.7,0
1991-09-09,Barpeta,Assam,26.32293,91.00632,27.6,3.5,14.8,1
2018-06-06,Pune,Maharashtra,18.51957,73.85535,25.9,0.9,14.8,0
2010-02-07,Sonitpur,Assam,26.78196,92.44907,18.4,0.0,5.5,1
2021-01-09,Barpeta,Assam,26.32293,91.00632,19.0,0.0,7.3,1
2017-07-12,Mandi,Himachal Pradesh,31.71194,76.93273,25.0,9.7,4.8,1
2022-08-07,Hailakandi,Assam,24.68394,92.56097,29.3,16.0,13.5,1
2021-01-08,Sheopur,Madhya Pradesh,25.66472,76.69616,18.1,9.1,17.0,1
2022-06-10,Fatehpur,Uttar Pradesh,25.92774,80.81266,36.9,0.0,12.3,0
2023-07-07,Bareilly,Uttar Pradesh,28.36678,79.43167,28.4,25.1,13.6,1
1996-07-08,Kolkata,West Bengal,22.56263,88.36304,27.8,5.4,15.2,1
2019-08-01,Gurdaspur,Punjab,32.03933,75.40318,27.4,1.0,9.4,0
2010-04-07,Sirohi,Rajasthan,24.88838,72.84794,31.2,0.0,9.6,0
2001-06-10,Ahmednagar,Maharashtra,19.09457,74.73843,25.4,1.0,15.6,0
2005-01-07,Kozhikode,Kerala,11.24802,75.7804,26.2,0.0,10.7,1
2011-06-09,Bilaspur,Chhattisgarh,31.33027,76.75663,28.4,0.1,6.4,0
1991-08-06,Kolhapur,Maharashtra,16.69563,74.23167,22.3,3.4,23.4,1
2022-09-10,Suryapet,Telangana,17.14054,79.62045,25.7,6.3,12.2,0
2006-05-08,Ahmednagar,Maharashtra,19.09457,74.73843,32.6,0.0,19.7,1
2006-03-06,Nanded,Maharashtra,19.16023,77.31497,26.2,0.1,13.6,1
2022-08-01,Wardha,Maharashtra,20.73933,78.59784,28.5,0.0,11.3,1
1982-10-05,Surendranagar,Gujarat,22.72706,71.64856,31.6,0.0,14.8,1
2021-01-09,Majuli,Assam,26.95,94.16667,18.3,0.0,7.6,1
1984-01-09,Jalandhar,Punjab,31.32556,75.57917,10.4,0.0,7.8,0
2022-08-10,Etah,Uttar Pradesh,27.55879,78.65692,30.8,0.0,26.3,1
1980-01-07,Raipur,Madhya Pradesh,21.23333,81.63333,19.9,0.0,9.5,1
2022-02-08,Thiruvananthapuram,Kerala,8.4855,76.94924,26.5,0.0,16.6,1
1994-06-08,Kolkata,West Bengal,22.56263,88.36304,30.6,1.1,16.6,0
1984-06-03,Tiruchirappalli,Tamil Nadu,10.8155,78.69651,30.8,0.0,30.4,1
2013-11-05,Aizawl,Mizoram,23.72894,92.71791,15.9,0.0,5.6,1
2006-07-09,Darjeeling,West Bengal,27.03333,88.26667,17.4,26.2,7.0,1
1980-01-08,Puri,Odisha,19.79825,85.82494,21.2,0.0,11.8,1
2022-11-09,Washim,Maharashtra,20.11128,77.133,22.8,0.0,13.3,1
2003-08-07,Shimla,Himachal Pradesh,31.10442,77.16662,18.7,0.2,6.1,0
2023-10-09,Sambhal,Uttar Pradesh,28.58498,78.56959,28.5,0.0,14.2,0
2016-06-08,Baran,Rajasthan,25.1,76.51667,38.5,0.0,15.4,1
2008-05-08,Chandigarh,Punjab,30.73629,76.7884,31.2,0.0,16.0,1
1987-12-08,Shimla,Himachal Pradesh,31.10442,77.16662,5.8,0.0,5.2,0
1978-08-09,Ballia,Uttar Pradesh,28.20069,79.36668,27.4,3.5,7.0,0
2018-09-07,Auraiya,Uttar Pradesh,26.46517,79.50918,27.3,2.3,14.3,0
2008-10-08,Palakkad,Kerala,10.77319,76.65366,26.3,0.3,8.6,0
2012-04-09,Kollam,Kerala,8.88113,76.58469,27.7,0.4,7.5,0
1988-07-08,Belagavi,Karnataka,15.85212,74.50447,22.8,4.8,18.8,1
2023-09-04,Pune,Maharashtra,18.51957,73.85535,24.4,0.2,14.0,0
1995-08-07,Nashik,Maharashtra,19.99727,73.79096,23.4,1.0,23.4,0
2021-10-04,Kozhikode,Kerala,11.24802,75.7804,26.1,20.6,11.5,1
2006-07-06,Lucknow,"Uttar Pradesh, Uttarakhand",26.83928,80.92313,30.7,0.0,16.3,1
2022-04-04,Sindhudurg,Maharashtra,15.99894,73.5347,28.2,0.0,15.2,1
1992-07-08,Jalpaiguri,West Bengal,26.51667,88.73333,26.2,2.1,10.2,0
2000-11-07,Adilabad,Andhra Pradesh,19.67203,78.5359,25.8,0.0,7.7,0
2007-03-07,Ahmedabad,Gujarat,23.02579,72.58727,24.8,0.0,12.4,1
2016-02-10,Beed,Maharashtra,18.98921,75.75634,27.2,0.0,14.4,1
1991-01-08,Sambalpur,Odisha,21.46527,83.97573,22.2,0.4,6.7,0
2006-06-08,Barwani,"Madhya Pradesh,  Chhattisgarh",22.03232,74.89982,31.8,0.0,17.4,0
2021-01-08,Shivpuri,Madhya Pradesh,25.42378,77.66223,18.3,0.0,17.4,1
1978-01-02,Jabalpur,Madhya Pradesh,23.16697,79.95006,14.1,0.0,9.4,0
2011-08-07,Mumbai,Maharashtra,19.07283,72.88261,26.7,1.5,18.3,0
1990-04-08,Ajmer,Rajasthan,26.4521,74.63867,26.8,0.0,12.1,0
2001-08-09,Dhemaji,Assam,27.48333,94.58333,28.1,4.8,5.6,1
2022-01-11,Chennai,Tamil Nadu,13.08784,80.27847,25.9,0.0,12.5,0
2019-08-10,Alappuzha,Kerala,9.49004,76.3264,25.1,32.7,19.8,1
2000-08-06,Karnal,Haryana,29.69197,76.98448,29.6,0.2,11.6,1
2010-09-08,Akola,Maharashtra,20.70957,76.9981,24.4,19.2,15.0,0
2007-01-07,Idukki,Kerala,9.85,76.96667,21.7,0.0,7.0,0
2017-05-07,Warangal,Telangana,18.0,79.58333,31.6,0.5,17.2,1
2023-01-09,Dibrugarh,Assam,27.47989,94.90837,15.8,0.0,7.8,0
1984-03-10,Coimbatore,Tamil Nadu,11.00555,76.96612,25.0,0.0,6.7,0
1991-12-08,Amravati,Maharashtra,20.93333,77.75,20.7,0.0,6.6,0
2023-10-09,Serchhip,Mizoram,23.29312,92.84679,20.0,1.3,9.0,1
2023-11-08,Chamba,Himachal Pradesh,32.55531,76.12647,16.4,0.0,8.2,1
2023-09-07,Nagaur,Rajasthan,27.20201,73.73394,32.2,0.1,18.0,1
2022-09-08,Washim,Maharashtra,20.11128,77.133,25.3,6.2,12.5,1
1980-08-08,Darrang,Assam,26.63333,92.8,26.3,6.5,8.6,0
2016-01-06,Ahmedabad,Gujarat,23.02579,72.58727,22.6,0.0,8.9,1
2002-12-10,Kasaragod,Kerala,12.49838,74.98959,27.3,0.0,13.3,1
2020-06-02,Thiruvananthapuram,Kerala,8.4855,76.94924,26.4,23.9,16.7,1
1986-01-07,Sirsa,Haryana,29.53489,75.02898,11.0,0.0,8.1,0
1994-01-07,Bundi,Rajasthan,25.43855,75.63735,20.8,0.0,9.4,1
2014-01-08,Chikkamagaluru,Karnataka,13.32231,75.774,20.0,0.0,11.5,0
2016-07-06,Idukki,Kerala,9.85,76.96667,21.5,28.0,11.9,1
2007-01-08,Kurnool,Andhra Pradesh,15.82887,78.03602,23.8,0.0,12.3,1
1992-07-09,Sirohi,Rajasthan,24.88838,72.84794,30.0,0.0,17.9,0
2022-11-07,Ahmedabad,Gujarat,23.02579,72.58727,26.6,0.0,8.2,1
1985-06-08,Vidisha,Madhya Pradesh,23.52604,77.81092,31.4,0.0,15.5,0
2011-05-08,Belagavi,Karnataka,15.85212,74.50447,25.2,0.0,14.4,0
1989-12-07,Baleshwar,Odisha,21.49266,86.93348,19.7,0.0,13.8,0
2023-10-08,Jorhat,Assam,26.75751,94.20306,25.5,4.0,8.7,0
2008-04-07,Bathinda,Punjab,30.20747,74.93893,22.5,0.0,7.3,0
2022-12-08,Mumbai,Maharashtra,19.07283,72.88261,25.8,0.0,18.4,1
2017-05-03,Kolhapur,Maharashtra,16.69563,74.23167,28.2,0.0,19.4,1
1986-08-06,Kolhapur,Maharashtra,16.69563,74.23167,22.1,17.5,22.7,1
1967-08-09,Bhadrak,"Odisha, Bihar, Uttar Pradesh, Madhya Pradesh, Rajasthan, Haryana",21.05447,86.5156,26.8,0.5,12.2,0
2011-12-08,Ludhiana,Punjab,30.91204,75.85379,18.8,3.7,6.4,0
2002-05-08,Mumbai,Maharashtra,19.07283,72.88261,30.1,2.2,17.3,1
1999-09-10,Kannur,Kerala,11.86752,75.35763,25.2,2.2,11.3,1
2014-04-09,Amritsar,Punjab,31.62234,74.87534,21.5,0.0,10.4,0
1997-02-07,Madhubani,Bihar,26.35367,86.07169,14.5,0.0,12.7,0
2003-08-06,Tinsukia,Assam,27.48905,95.35992,28.9,1.6,5.2,0
2004-11-08,Bhilwara,Rajasthan,25.34707,74.64081,20.3,0.0,9.0,0
2019-10-01,Arwal,Bihar,25.24281,84.66571,25.7,2.6,14.3,1
2019-05-06,Hassan,Karnataka,13.00715,76.0962,25.7,0.0,14.0,0
2008-07-09,Idukki,Kerala,9.85,76.96667,21.7,0.7,10.5,0
2022-09-10,Moradabad,Uttar Pradesh,28.83893,78.77684,29.0,1.2,14.3,1
2010-07-07,Ludhiana,Punjab,30.91204,75.85379,27.0,20.2,11.9,1
1998-12-09,Jharsuguda,Odisha,21.85531,84.00698,18.8,0.0,8.5,1
2006-01-06,Surat,Gujarat,21.19594,72.83023,22.9,0.0,13.8,0
2019-08-01,Ajmer,Rajasthan,26.4521,74.63867,26.0,24.9,11.6,1
2010-03-07,Mumbai,Maharashtra,19.07283,72.88261,25.0,0.0,15.4,0
2003-02-07,Cooch Behar,West Bengal,26.32539,89.44508,18.9,0.1,7.7,1
1998-01-11,Idukki,Kerala,9.85,76.96667,22.5,0.0,9.8,1
2021-07-09,Yavatmal,Maharashtra,20.39324,78.13201,25.8,1.6,12.2,0
1996-07-08,Kolkata,West Bengal,22.56263,88.36304,27.8,1.1,12.2,0
2022-12-07,Thane,Maharashtra,19.19704,72.96355,27.2,0.0,17.1,1
2021-02-04,Thiruvananthapuram,Kerala,8.4855,76.94924,27.5,0.0,12.1,0
2011-12-08,Kangra,Himachal Pradesh,32.09135,76.26267,17.4,1.6,7.2,0
2023-06-03,Rajgarh,Madhya Pradesh,24.00826,76.7325,32.6,0.0,26.9,1
1994-01-09,Akola,Maharashtra,20.70957,76.9981,21.5,0.0,6.2,0
2022-09-08,Yavatmal,Maharashtra,20.39324,78.13201,26.3,18.3,12.2,1
2011-03-09,Dhule,Maharashtra,20.9013,74.77737,27.9,0.0,13.0,0
1988-07-07,Hoshiarpur,Punjab,31.53723,75.91269,26.9,48.0,18.1,1
2017-08-05,Solan,Himachal Pradesh,30.90908,77.10869,21.4,34.2,8.4,1
2013-11-06,Jaipur,Rajasthan,26.91962,75.78781,21.0,3.0,13.0,1
2020-08-11,Kozhikode,Kerala,11.24802,75.7804,25.0,3.1,11.7,0
2017-09-05,Mysuru,Karnataka,12.29791,76.63925,24.1,2.1,8.2,0
1997-04-12,Amravati,Maharashtra,20.93333,77.75,31.9,0.0,13.8,0
1995-06-08,Shimla,Himachal Pradesh,31.10442,77.16662,23.2,0.0,15.8,1
2023-04-07,Munger,Bihar,25.37459,86.47455,28.8,0.0,22.4,0
2022-08-01,Wardha,Maharashtra,20.73933,78.59784,28.5,0.0,9.0,0
2006-01-06,Alappuzha,Kerala,9.49004,76.3264,25.7,8.2,6.2,1
2019-07-11,Buxar,Bihar,25.57548,83.98043,26.7,11.1,23.5,0
2017-08-10,Barpeta,Assam,26.32293,91.00632,26.3,5.6,13.1,0
2016-01-07,Bahraich,Uttar Pradesh,27.57429,81.59474,18.3,0.0,6.6,0
2019-08-01,Kalahandi,Odisha,20.13661,85.0799,27.0,0.9,8.8,0
1981-01-07,Darjeeling,West Bengal,27.03333,88.26667,3.1,1.2,3.5,0
2018-06-12,Chikkamagaluru,Karnataka,13.32231,75.774,21.2,3.2,26.0,1
1983-08-09,Katihar,Bihar,25.53852,87.57044,28.7,6.5,14.1,1
1997-04-10,Dharwad,Karnataka,15.46005,75.00778,25.3,0.0,18.1,1
2022-05-10,Amravati,Maharashtra,20.93333,77.75,36.8,0.0,22.9,0
2000-08-04,Thiruvananthapuram,Kerala,8.4855,76.94924,24.9,24.2,21.2,1
1998-12-07,Darjeeling,West Bengal,27.03333,88.26667,9.6,0.0,4.6,0
2001-05-10,Bhojpur,"Bihar, Jharkhand",25.58409,84.12653,32.2,0.0,24.5,1
2008-01-08,Ballari,Karnataka,15.14205,76.92398,22.7,0.0,15.5,1
2021-03-10,Tumakuru,Karnataka,13.34136,77.1022,24.6,0.0,15.3,1
2023-10-08,Dibrugarh,Assam,27.47989,94.90837,24.8,47.9,11.2,1
1995-05-09,Jalandhar,Punjab,31.32556,75.57917,33.4,0.0,13.4,1
2007-08-07,Kangra,Himachal Pradesh,32.09135,76.26267,26.3,0.0,6.9,1
1975-01-07,Basti,Uttar Pradesh,26.78817,82.71617,14.6,0.0,9.5,1
1998-01-07,Tinsukia,Assam,27.48905,95.35992,17.0,0.0,4.6,0
2022-06-09,Belagavi,Karnataka,15.85212,74.50447,23.6,0.6,16.5,0
1983-08-08,West Godavari,Andhra Pradesh,16.71311,81.10437,25.8,6.6,12.7,0
1983-01-07,Dibrugarh,Assam,27.47989,94.90837,12.6,0.0,5.4,1
2021-01-08,Sheopur,Madhya Pradesh,25.66472,76.69616,18.1,1.8,13.6,0
1988-01-08,Kargil,Jammu and Kashmir,34.55765,76.12622,-11.9,2.1,2.3,1
1988-10-10,Bhandara,Maharashtra,21.16817,79.64885,25.2,0.0,9.1,1
2021-12-10,Ernakulam,Kerala,9.96714,76.29036,26.6,1.9,15.8,1
1993-01-08,Begusarai,Bihar,25.41853,86.13389,17.0,5.1,18.0,1
1998-10-07,Nashik,Maharashtra,19.99727,73.79096,25.2,0.2,12.6,1
2022-01-08,Malappuram,Kerala,11.04199,76.08154,27.5,0.1,15.2,1
2005-07-07,Pune,Maharashtra,18.51957,73.85535,24.5,5.3,23.1,1
2022-06-07,Mumbai,Maharashtra,19.07283,72.88261,29.7,0.2,14.6,0
1988-03-07,Patiala,Punjab,30.33625,76.3922,20.4,0.1,23.9,0
2009-01-09,Darbhanga,Bihar,26.15216,85.89707,18.4,0.0,6.3,0
1990-08-06,Barpeta,Assam,26.32293,91.00632,27.7,1.6,5.7,0
2011-06-08,Mandi,Himachal Pradesh,31.71194,76.93273,25.9,0.1,7.1,1
2017-07-01,Madhubani,Bihar,26.35367,86.07169,28.5,1.0,17.0,0
2021-06-09,Beed,Maharashtra,18.98921,75.75634,27.2,0.6,16.9,0
2022-12-05,Dhemaji,Assam,27.48333,94.58333,19.1,0.0,6.7,0
2010-05-09,Hamirpur,Himachal Pradesh,25.9553,80.14842,33.6,0.0,20.6,1
1981-03-09,Ballari,Karnataka,15.14205,76.92398,29.5,0.0,11.2,0
1990-04-08,Hooghly,West Bengal,22.90877,88.39674,26.7,2.5,13.0,0
1998-07-10,Bathinda,Punjab,30.20747,74.93893,29.2,1.8,9.8,0
1979-11-08,Rajkot,Gujarat,22.29161,70.79322,27.8,0.0,9.5,1
2009-01-08,Junagadh,Gujarat,21.51966,70.45981,19.8,0.0,15.0,1
1984-05-08,Balaghat,Madhya Pradesh,21.8156,80.18845,34.6,0.0,12.0,1
2001-03-07,Kinnaur,Himachal Pradesh,31.52105,78.3628,-30.9,0.0,4.2,0
2017-05-09,Araria,Bihar,26.14934,87.51323,25.7,5.0,20.5,0
2002-03-07,Muzaffarpur,"Bihar, Jharkhand",26.12259,85.39055,21.5,0.0,9.0,0
1979-10-07,Siliguri,West Bengal,26.71004,88.42851,24.3,3.7,5.9,1
2023-09-04,Nashik,Maharashtra,19.99727,73.79096,24.1,0.2,14.2,0
2023-02-09,Nagaon,Assam,26.35,92.66667,18.0,0.0,17.1,1
2018-08-12,Budaun,Uttar Pradesh,28.03811,79.12668,27.8,4.1,6.8,0
2014-08-09,Chandrapur,Maharashtra,19.95076,79.29523,28.2,0.0,11.4,0
1990-10-09,Kolkata,West Bengal,22.56263,88.36304,26.1,0.3,17.5,0
2022-12-07,Amreli,Gujarat,21.59983,71.21169,24.7,0.0,9.9,0
2005-08-05,Hanumangarh,Rajasthan,29.58182,74.32938,35.5,0.4,15.4,0
2008-08-08,Bhiwani,Haryana,28.79304,76.13968,26.1,4.5,6.9,0
2022-11-07,Ahmedabad,Gujarat,23.02579,72.58727,26.6,0.0,6.6,0
1985-04-08,Rewa,Madhya Pradesh,24.53256,81.29234,29.7,0.0,13.8,0
2011-08-07,Mumbai,Maharashtra,19.07283,72.88261,26.7,7.5,22.9,1
2013-01-08,Korba,Chhattisgarh,22.3458,82.69633,16.0,0.0,9.9,0
2022-12-07,Adilabad,Telangana,19.67203,78.5359,22.0,0.0,11.2,0
2022-10-07,Hyderabad,Telangana,17.38405,78.45636,24.3,2.3,14.1,1
2022-10-10,Dhemaji,Assam,27.48333,94.58333,23.8,74.6,8.9,1
2021-05-11,Nashik,Maharashtra,19.99727,73.79096,28.4,0.0,19.1,1
2022-01-11,Tiruvannamalai,Tamil Nadu,12.22662,79.07461,24.7,2.3,11.0,1
1986-05-08,Jammu,Jammu and Kashmir,32.73528,74.86167,27.9,2.5,17.6,1
2013-05-07,Bongaigaon,Assam,26.47703,90.55815,24.7,0.0,11.3,0
2018-09-09,Baran,Rajasthan,25.1,76.51667,25.3,0.5,18.3,0
2022-11-07,Kheda,Gujarat,22.75218,72.68533,26.4,0.0,10.3,1
2022-11-07,Sukma,Chhattisgarh,18.39014,81.65941,24.7,0.0,9.4,1
1983-05-09,Kangra,Himachal Pradesh,32.09135,76.26267,26.1,0.0,6.1,0
2023-07-04,Ahmednagar,Maharashtra,19.09457,74.73843,25.6,0.4,14.5,0
2014-08-03,Coimbatore,Tamil Nadu,11.00555,76.96612,24.2,0.0,23.1,1
2021-11-10,Alappuzha,Kerala,9.49004,76.3264,26.0,5.5,16.2,1
1991-07-07,Kannur,Kerala,11.86752,75.35763,23.6,59.2,10.5,1
2019-11-01,Alappuzha,Kerala,9.49004,76.3264,26.1,0.0,10.6,0
2014-10-06,Ahmednagar,Maharashtra,19.09457,74.73843,27.7,0.4,18.9,1
2013-04-08,Alappuzha,Kerala,9.49004,76.3264,30.6,0.0,10.2,0
2001-11-07,Pune,Maharashtra,18.51957,73.85535,25.0,0.0,12.6,1
1993-07-06,Kolasib,Mizoram,24.22388,92.67869,23.7,5.6,14.7,1
2022-08-07,Wardha,Maharashtra,20.73933,78.59784,26.5,17.5,12.3,1
2014-08-03,Belagavi,Karnataka,15.85212,74.50447,21.9,11.8,27.2,1
1994-01-09,Akola,Maharashtra,20.70957,76.9981,21.5,0.0,7.7,1
1994-07-09,Banswara,Rajasthan,23.54109,74.4425,26.5,4.8,20.9,1
2019-12-01,Tirunelveli,Tamil Nadu,8.72742,77.6838,24.2,35.7,10.4,1
1991-07-07,Kannur,Kerala,11.86752,75.35763,23.6,11.8,8.4,0
1984-05-10,Alappuzha,Kerala,9.49004,76.3264,28.2,3.2,15.6,1
2019-08-07,Amreli,Gujarat,21.59983,71.21169,27.7,0.5,25.8,1
1984-02-07,Bhagalpur,Bihar,25.24446,86.97183,14.6,0.0,9.7,1
2005-01-08,Bharuch,Gujarat,21.69482,72.9805,21.7,0.0,10.1,0
2003-10-09,Bhopal,Madhya Pradesh,23.25469,77.40289,24.5,0.0,12.4,0
2000-01-07,Kasaragod,Kerala,12.49838,74.98959,27.0,0.0,13.8,0
2022-11-09,Gadchiroli,Maharashtra,20.18061,80.00522,23.2,0.0,14.2,1
2005-08-07,Valsad,Gujarat,20.61013,72.93428,26.7,5.3,29.4,1
1983-12-09,Cooch Behar,West Bengal,26.32539,89.44508,19.2,0.0,4.8,0
1994-02-08,Ernakulam,Kerala,9.96714,76.29036,25.9,5.6,9.7,1
2021-05-11,Alappuzha,Kerala,9.49004,76.3264,27.2,1.9,14.5,0
2021-05-09,Barpeta,Assam,26.32293,91.00632,25.3,7.7,11.2,1
2022-11-05,Jiribam,Manipur,24.80427,93.12148,25.2,0.0,5.0,0
2002-09-08,Pune,Maharashtra,18.51957,73.85535,22.9,0.0,13.8,0
2003-08-09,Rewa,Madhya Pradesh,24.53256,81.29234,28.0,3.3,6.7,0
1996-11-07,Mumbai,Maharashtra,19.07283,72.88261,25.2,0.0,12.9,0
2004-02-08,Belagavi,Karnataka,15.85212,74.50447,23.1,0.0,10.2,0
1967-08-09,Bhadrak,"Odisha, Bihar, Uttar Pradesh, Madhya Pradesh, Rajasthan, Haryana",21.05447,86.5156,26.8,2.7,15.2,1
2007-01-07,Amravati,Maharashtra,20.93333,77.75,19.7,0.0,7.8,0
2006-11-07,Shimla,Himachal Pradesh,31.10442,77.16662,8.8,0.2,5.4,0
1993-01-07,Darjeeling,West Bengal,27.03333,88.26667,4.2,3.5,3.2,0
2015-08-06,Alappuzha,Kerala,9.49004,76.3264,25.8,1.0,11.7,0
2020-10-01,Barpeta,Assam,26.32293,91.00632,28.5,3.7,6.2,1
1984-08-06,Bankura,West Bengal,23.23241,87.0716,26.1,89.2,13.7,1
2020-08-01,Darbhanga,Bihar,26.15216,85.89707,27.9,18.9,10.8,1
2011-10-04,Pune,Maharashtra,18.51957,73.85535,23.5,0.0,7.1,0
2013-07-08,Bhojpur,Bihar,25.58409,84.12653,28.3,17.7,9.3,1
2015-12-08,Kannur,Kerala,11.86752,75.35763,26.0,1.1,4.4,0
2008-11-08,Chandigarh,Punjab,30.73629,76.7884,20.2,0.0,5.9,0
2022-11-07,Pune,Maharashtra,18.51957,73.85535,22.4,0.0,7.4,0
1993-07-06,Kolasib,Mizoram,24.22388,92.67869,23.7,1.1,11.8,0
2003-05-08,Kinnaur,Himachal Pradesh,31.52105,78.3628,-22.7,0.0,3.5,0
2015-07-05,Kottayam,Kerala,9.58692,76.52132,26.3,0.6,13.9,0
1987-01-08,Darrang,Assam,26.63333,92.8,18.0,0.0,6.2,0
2023-01-09,Lakhimpur,Assam,27.23517,94.10357,17.2,0.0,7.0,0
2017-11-05,Kozhikode,Kerala,11.24802,75.7804,25.8,23.3,10.7,1
2005-07-07,Pune,Maharashtra,18.51957,73.85535,24.5,1.1,18.5,0
1986-08-08,Bharuch,Gujarat,21.69482,72.9805,27.1,17.8,10.7,1
2005-08-07,Faridabad,Haryana,28.41124,77.31316,28.5,0.7,15.2,1
1986-07-08,Mumbai,Maharashtra,19.07283,72.88261,27.6,1.0,20.2,0
2019-08-01,Saran,Bihar,25.69336,85.1718,29.5,0.9,16.2,0
2009-12-11,Satara,Maharashtra,17.68589,73.99333,20.8,0.0,15.9,1
2011-11-07,Ranchi,Jharkhand,23.34316,85.3094,20.1,0.0,13.5,1
1993-01-08,Kota,Rajasthan,25.18254,75.83907,18.1,0.0,7.0,0
2022-01-07,Nizamabad,Telangana,18.67154,78.0988,23.5,0.0,12.1,0
2016-12-03,Meerut,Uttar Pradesh,28.98002,77.70636,17.6,0.0,6.4,0
2022-12-10,Etah,Uttar Pradesh,27.55879,78.65692,17.2,0.0,9.1,0
1982-01-08,Shivamogga,Karnataka,13.93157,75.56791,21.6,0.0,14.9,1
2005-01-08,Baleshwar,Odisha,21.49266,86.93348,20.9,0.0,15.6,1
2011-01-06,Chamba,Himachal Pradesh,32.55531,76.12647,2.3,0.0,9.4,1
2010-11-06,Aurangabad,Maharashtra,19.87757,75.34226,23.1,0.1,6.1,0
2022-10-07,Hyderabad,Telangana,17.38405,78.45636,24.3,0.5,11.3,0
2015-06-03,Ballari,Karnataka,15.14205,76.92398,29.5,0.0,18.1,1
1995-04-09,Ajmer,Rajasthan,26.4521,74.63867,28.2,0.0,15.8,0
1985-05-08,Hamirpur,Himachal Pradesh,25.9553,80.14842,33.8,0.2,15.0,0
2017-07-01,Madhubani,Bihar,26.35367,86.07169,28.5,5.0,21.2,1
1998-10-07,Nashik,Maharashtra,19.99727,73.79096,25.2,0.0,10.1,0
1979-08-07,Nagpur,Maharashtra,21.14631,79.08491,24.0,11.8,14.3,0
1997-08-12,Amroha,Uttar Pradesh,28.90314,78.46984,27.8,1.1,12.4,1
2011-10-04,Pune,Maharashtra,18.51957,73.85535,23.5,0.0,8.9,1
1996-02-07,Mumbai,Maharashtra,19.07283,72.88261,27.6,0.0,15.3,1
2023-12-08,Darrang,Assam,26.63333,92.8,20.4,3.0,14.4,1
2004-04-10,Alappuzha,Kerala,9.49004,76.3264,28.2,3.6,8.7,1
1997-05-07,Purulia,West Bengal,23.33062,86.36303,30.9,0.0,11.9,0
2022-10-10,Basti,Uttar Pradesh,26.78817,82.71617,25.3,18.7,8.9,1
2023-10-09,Hardoi,Uttar Pradesh,27.39491,80.13165,28.7,0.0,13.9,0
1984-03-06,Kolkata,West Bengal,22.56263,88.36304,24.8,0.0,10.5,1
2002-08-05,Nagaon,Assam,26.35,92.66667,28.0,2.8,5.1,0
2004-12-08,Kullu,Himachal Pradesh,31.95835,77.10823,9.7,0.0,5.2,1
1998-10-06,Ratnagiri,Maharashtra,16.99154,73.31022,26.4,2.0,6.3,0
2015-04-05,Raichur,Karnataka,16.20546,77.35567,31.6,0.0,12.6,0
2022-11-09,Nagpur,Maharashtra,21.14631,79.08491,22.2,0.0,11.1,1
2022-10-10,Darrang,Assam,26.63333,92.8,25.9,37.2,22.6,1
2021-12-07,Kangra,Himachal Pradesh,32.09135,76.26267,12.6,0.0,7.2,0
2011-06-08,Mandi,Himachal Pradesh,31.71194,76.93273,25.9,0.0,5.7,0
2008-03-08,Pune,Maharashtra,18.51957,73.85535,27.7,0.0,7.0,0
1979-03-08,Barmer,Rajasthan,25.74572,71.39211,12.6,0.0,21.2,0
1996-02-10,Pune,Maharashtra,18.51957,73.85535,20.5,0.0,11.2,1
1994-08-07,Kolhapur,Maharashtra,16.69563,74.23167,23.3,0.4,21.4,1
2000-08-10,Ballari,Karnataka,15.14205,76.92398,22.8,0.8,19.6,0
2013-05-06,Belagavi,Karnataka,15.85212,74.50447,27.3,0.0,16.2,1
2000-08-06,Parbhani,Maharashtra,19.26855,76.77081,27.9,0.0,7.1,0
1985-06-08,Una,Himachal Pradesh,31.46493,76.26914,27.0,14.0,13.6,1
2022-06-07,Thane,Maharashtra,19.19704,72.96355,30.3,2.7,15.4,1
2013-05-05,Thiruvananthapuram,Kerala,8.4855,76.94924,27.9,0.3,13.2,0
2004-07-07,Thiruvananthapuram,Kerala,8.4855,76.94924,24.7,8.1,19.5,1
1995-08-09,Bharatpur,Rajasthan,27.21731,77.49009,26.0,39.6,21.4,1
2006-01-07,Kannur,Kerala,11.86752,75.35763,26.1,0.0,13.5,1
2013-11-07,Alappuzha,Kerala,9.49004,76.3264,26.4,1.5,6.6,1
2009-05-08,Gurdaspur,Punjab,32.03933,75.40318,27.4,0.0,10.6,1
1984-06-10,Kozhikode,Kerala,11.24802,75.7804,25.0,18.7,10.8,1
2001-01-10,Darjeeling,West Bengal,27.03333,88.26667,3.3,0.5,4.3,0
1993-09-10,Raichur,Karnataka,16.20546,77.35567,25.8,0.0,16.2,1
2021-11-08,Kinnaur,Himachal Pradesh,31.52105,78.3628,-19.2,0.0,5.8,0
2021-06-11,Madurai,Tamil Nadu,9.919,78.11953,31.4,0.0,22.6,1
1985-05-08,Hamirpur,Himachal Pradesh,25.9553,80.14842,33.8,0.8,18.8,1
2022-08-08,Udaipur,Rajasthan,24.58584,73.71346,26.1,0.7,11.0,0
1990-05-09,Baleshwar,Odisha,21.49266,86.93348,28.2,1.2,22.3,1
2001-10-07,Banswara,Rajasthan,23.54109,74.4425,30.1,0.0,14.2,1
2002-11-06,Kollam,Kerala,8.88113,76.58469,25.7,1.9,6.7,0
2021-07-11,Chennai,Tamil Nadu,13.08784,80.27847,29.2,1.4,20.3,1
1984-08-09,Amreli,Gujarat,21.59983,71.21169,26.5,0.2,14.5,0
2022-07-10,Jalaun,Uttar Pradesh,26.1451,79.3366,31.3,0.7,12.6,1
2021-12-10,Thrissur,Kerala,10.51667,76.21667,27.2,0.0,17.6,0
2018-09-09,Azamgarh,Uttar Pradesh,26.06832,83.18358,28.6,1.4,8.1,1
1991-03-08,Dewas,Madhya Pradesh,22.96585,76.05526,24.9,0.0,10.6,0
2006-01-09,Balaghat,"Madhya Pradesh,  Chhattisgarh",21.8156,80.18845,18.3,0.0,7.3,0
1987-06-12,Pudukkottai,Tamil Nadu,10.38128,78.82141,30.8,0.5,17.6,0
2018-08-01,Kiphire,Nagaland,25.86785,94.78572,22.3,8.5,2.9,0
2008-01-09,Barpeta,Assam,26.32293,91.00632,19.3,0.0,5.4,1
1971-01-09,Amroha,"Uttar Pradesh, West Bengal, Bihar",28.90314,78.46984,14.8,0.0,5.8,0
2007-03-11,Alappuzha,Kerala,9.49004,76.3264,28.3,0.1,9.8,0
1980-12-11,Chengalpattu,Tamil Nadu,12.69184,79.97661,24.8,0.2,15.5,0
1993-08-09,Amroha,Uttar Pradesh,28.90314,78.46984,29.9,0.3,18.9,1
1971-08-05,Thrissur,Kerala,10.51667,76.21667,25.9,1.1,14.5,1
1981-10-09,Kolar,Karnataka,13.13768,78.12999,22.3,0.1,7.8,0
2016-11-07,Baran,Rajasthan,25.1,76.51667,23.9,0.0,11.8,0
2020-09-01,Biswanath,Assam,26.72577,93.14659,28.0,0.6,11.4,0
1984-06-03,Tiruchirappalli,Tamil Nadu,10.8155,78.69651,30.8,0.0,24.3,0
2022-10-10,Dibrugarh,Assam,27.47989,94.90837,24.0,3.6,9.0,0
2023-08-07,Karnal,Haryana,29.69197,76.98448,29.0,0.1,15.1,0
1990-07-08,Jammu,Jammu and Kashmir,32.73528,74.86167,27.7,40.7,6.2,1
2022-08-01,Chandrapur,Maharashtra,19.95076,79.29523,28.3,0.3,8.4,0
1997-06-07,Jalgaon,Maharashtra,21.00292,75.56602,32.3,0.1,18.8,1
2022-04-09,Thiruvananthapuram,Kerala,8.4855,76.94924,25.5,3.2,9.8,0
1990-10-10,Ahmednagar,Maharashtra,19.09457,74.73843,23.4,0.8,12.2,0
2006-12-07,Darbhanga,Bihar,26.15216,85.89707,20.6,0.0,7.8,1
2021-07-01,Pune,Maharashtra,18.51957,73.85535,25.0,0.1,23.8,1
2019-08-07,Thiruvananthapuram,Kerala,8.4855,76.94924,25.3,52.3,21.5,1
1978-08-09,Ballia,Uttar Pradesh,28.20069,79.36668,27.4,17.4,8.7,1
2022-06-09,Belagavi,Karnataka,15.85212,74.50447,23.6,2.8,20.6,1
2021-12-10,Pathanamthitta,Kerala,9.26667,76.78333,25.2,0.0,7.0,0
2015-01-08,Kendujhar,Odisha,21.51945,83.36356,19.0,0.0,8.0,0
2022-06-08,Farrukhabad,Uttar Pradesh,27.39134,79.5793,35.7,0.0,23.2,1
1997-08-07,Kolhapur,Maharashtra,16.69563,74.23167,22.4,2.3,22.5,1
2012-09-06,Mumbai,Maharashtra,19.07283,72.88261,25.9,3.9,22.1,0
2000-07-07,Bijapur,Karnataka,18.79387,80.81599,25.4,21.5,9.8,1
2001-10-07,Dhamtari,"Madhya Pradesh,  Chhattisgarh",20.70718,81.54874,26.6,0.9,11.5,0
2015-06-08,Akola,Maharashtra,20.70957,76.9981,32.5,3.4,11.2,0
2021-12-07,Ratnagiri,Maharashtra,16.99154,73.31022,24.7,0.0,10.5,0
2019-11-11,Thiruvananthapuram,Kerala,8.4855,76.94924,25.8,8.5,10.3,1
1991-06-09,Cooch Behar,West Bengal,26.32539,89.44508,26.7,5.8,5.4,0
2022-11-10,Ayodhya,Uttar Pradesh,26.79909,82.2047,22.9,0.0,12.4,0
2008-01-06,Amroha,Uttar Pradesh,28.90314,78.46984,15.5,0.0,8.2,0
2003-04-10,Sonitpur,Assam,26.78196,92.44907,23.5,0.4,10.5,1
2007-07-09,Darjeeling,West Bengal,27.03333,88.26667,17.0,15.0,7.0,1
1990-07-09,Rewa,Madhya Pradesh,24.53256,81.29234,26.1,12.4,19.1,1
2017-07-08,Bara Banki,Uttar Pradesh,26.92384,81.17927,28.1,21.1,12.7,1
2012-04-08,Kannur,Kerala,11.86752,75.35763,28.9,0.1,7.9,0
2021-03-01,Kasaragod,Kerala,12.49838,74.98959,27.6,0.8,16.6,1
2022-10-08,Wardha,Maharashtra,20.73933,78.59784,26.3,0.7,11.7,0
1976-08-08,Puri,Odisha,19.79825,85.82494,28.5,13.3,11.1,1
1981-08-07,Jamnagar,Gujarat,22.47292,70.06673,27.1,0.7,24.1,0
2005-06-08,Karauli,Rajasthan,26.49831,77.02755,34.4,0.0,9.8,0
2022-02-08,Narayanpet,Telangana,16.74799,77.4954,24.6,0.0,9.6,0
1995-09-08,Alwar,Rajasthan,27.56246,76.625,26.5,0.4,4.7,1
1995-04-07,Barpeta,Assam,26.32293,91.00632,25.3,3.4,23.2,1
1988-03-08,Sambalpur,Odisha,21.46527,83.97573,27.8,2.4,14.7,1
1996-03-08,Rohtak,Haryana,28.89447,76.58917,21.3,0.0,12.0,0
1980-08-08,Kodagu,Karnataka,13.2996,77.70028,22.6,0.0,20.8,0
2022-01-08,Pathanamthitta,Kerala,9.26667,76.78333,26.3,0.1,11.4,0
2017-11-02,Chennai,Tamil Nadu,13.08784,80.27847,25.2,8.9,14.9,0
2023-05-07,Rupnagar,Punjab,30.21013,73.99427,29.2,0.0,16.6,0
2022-12-08,Ratnagiri,Maharashtra,16.99154,73.31022,26.8,0.0,14.6,0
2006-02-10,Sindhudurg,Maharashtra,15.99894,73.5347,25.5,0.0,10.7,0
2018-08-04,Budaun,Uttar Pradesh,28.03811,79.12668,28.1,5.2,8.0,1
2017-07-01,Pali,Rajasthan,25.77276,73.32335,28.2,5.6,16.8,1
2009-12-08,Dhemaji,Assam,27.48333,94.58333,18.2,0.2,5.2,1
1996-10-09,Beed,Maharashtra,18.98921,75.75634,24.5,0.0,9.4,0
1978-08-08,Munger,Bihar,25.37459,86.47455,28.7,0.6,6.9,0
2001-01-10,Aurangabad,Maharashtra,19.87757,75.34226,21.3,0.0,10.6,1
2021-12-09,Kendrapara,Odisha,20.50166,86.42227,21.8,2.9,13.9,0
1978-01-08,Patna,Bihar,25.59408,85.13563,14.0,0.0,7.2,0
2005-01-07,Kollam,Kerala,8.88113,76.58469,26.7,0.0,10.5,1
1994-06-10,Bijapur,Karnataka,18.79387,80.81599,28.0,16.5,13.4,1
1983-08-07,Purnia,Bihar,25.77895,87.47422,29.2,0.0,14.1,1
1991-09-06,Alappuzha,Kerala,9.49004,76.3264,26.2,2.1,14.2,1
2021-05-10,Thiruvananthapuram,Kerala,8.4855,76.94924,26.7,4.0,10.8,1
2019-12-01,Tirunelveli,Tamil Nadu,8.72742,77.6838,24.2,7.1,8.3,0
2010-05-09,Gadchiroli,Maharashtra,20.18061,80.00522,36.6,0.0,11.4,0
1995-09-10,Banka,Bihar,24.88091,86.92257,28.3,0.5,8.0,1
2004-07-08,Kangra,Himachal Pradesh,32.09135,76.26267,24.4,6.4,6.1,0
1986-06-07,Surguja,Chhattisgarh,22.41798,82.46992,35.4,0.0,15.9,1
1987-10-08,Darjeeling,West Bengal,27.03333,88.26667,13.4,1.2,5.0,0
2018-09-08,Baran,Rajasthan,25.1,76.51667,24.8,54.4,25.3,1
2021-06-11,Theni,Tamil Nadu,10.01115,77.47772,29.7,0.0,18.4,0
2018-09-01,Barpeta,Assam,26.32293,91.00632,29.2,0.8,9.2,0
2023-07-08,Bareilly,Uttar Pradesh,28.36678,79.43167,28.6,12.5,23.9,1
1986-01-10,Ganjam,Odisha,19.31151,84.7929,21.6,0.1,11.3,0
2003-03-08,Kangra,Himachal Pradesh,32.09135,76.26267,11.6,0.0,7.1,0
2008-08-08,Adilabad,"Andhra Pradesh, Telangana",19.67203,78.5359,25.3,3.4,16.7,0
2016-11-07,Belagavi,Karnataka,15.85212,74.50447,22.4,0.0,10.6,1
2021-03-06,Nagpur,Maharashtra,21.14631,79.08491,26.9,0.0,12.4,1
2023-09-04,Pune,Maharashtra,18.51957,73.85535,24.4,0.9,17.5,1
1990-05-05,Beed,Maharashtra,18.98921,75.75634,34.0,0.0,13.4,1
2021-06-11,Kallakurichi,Tamil Nadu,11.73379,78.95925,32.3,0.0,13.6,0
1990-08-08,Barpeta,Assam,26.32293,91.00632,28.2,6.3,8.8,1
1995-08-08,Kendujhar,Odisha,21.51945,83.36356,25.0,20.2,14.5,0
2001-11-07,Damoh,"Madhya Pradesh,  Chhattisgarh",23.83312,79.4419,24.0,0.0,9.3,0
1999-02-08,Kasaragod,Kerala,12.49838,74.98959,27.4,0.1,11.8,0
2008-08-04,Thiruvananthapuram,Kerala,8.4855,76.94924,25.5,0.0,24.0,1
2021-12-07,Parbhani,Maharashtra,19.26855,76.77081,24.6,0.0,10.0,1
2022-10-10,Majuli,Assam,26.95,94.16667,25.0,4.1,11.4,0
1997-06-08,Darjeeling,West Bengal,27.03333,88.26667,15.5,2.9,5.0,0
1981-01-08,Faridkot,Punjab,30.67399,74.75579,11.3,0.0,9.4,1
1989-12-07,Dharwad,Karnataka,15.46005,75.00778,22.2,0.0,10.7,0
1993-09-10,Palakkad,Kerala,10.77319,76.65366,26.0,0.0,14.5,1
1983-07-09,Vellore,Tamil Nadu,12.9184,79.13255,31.7,0.0,16.6,1
2023-10-09,Amethi,Uttar Pradesh,26.15696,81.80519,28.7,0.0,17.4,1
2010-12-09,Hamirpur,Himachal Pradesh,25.9553,80.14842,20.8,0.8,8.9,1
2011-01-07,Murshidabad,West Bengal,24.1839,88.27171,15.9,0.0,12.4,1
1984-05-08,Balaghat,Madhya Pradesh,21.8156,80.18845,34.6,0.0,9.6,0
1995-12-06,Panipat,Haryana,29.38747,76.96825,16.0,0.0,11.8,0
2018-09-04,Bhind,Madhya Pradesh,26.56671,78.78728,26.3,22.5,12.5,1
2022-12-07,Bharuch,Gujarat,21.69482,72.9805,25.6,0.0,11.3,1
1983-04-07,Amritsar,Punjab,31.62234,74.87534,20.2,17.7,13.4,1
2002-02-08,Gyalshing,Sikkim,27.28952,88.25764,9.1,7.1,5.0,1
1996-05-08,Bhopal,Madhya Pradesh,23.25469,77.40289,33.9,0.0,17.8,0
2002-01-09,Nandurbar,Maharashtra,21.36671,74.24051,20.8,0.0,12.3,0
2022-04-07,Gadchiroli,Maharashtra,20.18061,80.00522,33.0,0.0,10.6,0
2001-11-08,Nagpur,Maharashtra,21.14631,79.08491,25.4,0.0,11.6,1
1995-07-05,Ernakulam,Kerala,9.96714,76.29036,25.6,23.3,10.0,1
1994-11-08,Kullu,Himachal Pradesh,31.95835,77.10823,13.6,0.0,5.8,0
2022-08-07,Nalgonda,Telangana,17.05439,79.26707,26.1,3.9,14.2,0
2003-02-08,Bathinda,Punjab,30.20747,74.93893,14.5,0.0,10.5,1
1996-10-08,Jhajjar,Haryana,28.6063,76.6565,25.2,0.0,13.0,1
2003-05-10,Idukki,Kerala,9.85,76.96667,24.3,1.5,5.6,0
1997-01-07,Kannur,Kerala,11.86752,75.35763,25.0,0.0,12.1,0
1982-01-03,Faridkot,Punjab,30.67399,74.75579,15.3,0.0,8.9,1
1987-01-09,Dhubri,Assam,26.01856,89.98564,19.5,0.0,5.9,0
2021-07-09,Nanded,Maharashtra,19.16023,77.31497,26.6,3.6,15.3,1
1997-11-08,Gangtok,Sikkim,27.32574,88.61216,12.8,0.0,4.2,0
2012-12-09,Patiala,Punjab,30.33625,76.3922,15.9,0.0,8.2,0
1990-03-07,Kannur,Kerala,11.86752,75.35763,27.9,0.0,11.0,0
2004-04-06,Idukki,Kerala,9.85,76.96667,23.1,13.1,6.4,1
2022-07-10,Fatehpur,Uttar Pradesh,25.92774,80.81266,33.1,0.0,13.6,0
1994-11-07,Nashik,Maharashtra,19.99727,73.79096,23.7,0.0,14.1,1
2023-01-09,Golaghat,Assam,26.51167,93.95951,16.3,0.0,7.1,1
1980-01-07,Mumbai,Maharashtra,19.07283,72.88261,26.1,0.0,12.4,0
2022-05-10,Ayodhya,Uttar Pradesh,26.79909,82.2047,31.6,0.0,18.3,0
2010-08-08,Cuddalore,Tamil Nadu,11.75617,79.76693,29.8,0.9,16.4,0
2023-10-09,Rampur,Uttar Pradesh,28.81014,79.02699,28.0,0.0,14.3,0
1995-04-09,Ajmer,Rajasthan,26.4521,74.63867,28.2,0.0,19.8,1
2015-03-03,Alappuzha,Kerala,9.49004,76.3264,27.4,0.7,12.2,1
1997-01-08,Ajmer,Rajasthan,26.4521,74.63867,13.2,0.0,7.5,0
1984-06-10,Kozhikode,Kerala,11.24802,75.7804,25.0,3.7,8.6,0
2022-08-01,Hingoli,Maharashtra,19.71464,77.14238,26.8,0.1,12.2,1
1984-08-09,Gaya,Bihar,24.79686,85.00385,27.4,0.6,15.9,0
2023-10-08,Garhwal,Uttarakhand,29.26211,79.18541,26.4,0.0,9.3,0
1999-01-08,Valsad,Gujarat,20.61013,72.93428,20.7,0.0,14.9,1
1996-08-08,Thiruvananthapuram,Kerala,8.4855,76.94924,25.1,0.9,24.8,1
2016-03-08,Ramgarh,Jharkhand,23.6303,85.52156,25.6,1.1,18.6,1
2005-01-07,Kozhikode,Kerala,11.24802,75.7804,26.2,0.0,8.6,0
1991-03-06,Ernakulam,Kerala,9.96714,76.29036,27.8,0.0,5.9,0
2022-08-07,Hailakandi,Assam,24.68394,92.56097,29.3,3.2,10.8,0
2008-12-07,Faridabad,Haryana,28.41124,77.31316,19.4,0.0,13.3,1
2022-01-08,Kollam,Kerala,8.88113,76.58469,27.2,0.0,18.3,1
1978-01-09,Karnal,Haryana,29.69197,76.98448,11.6,0.1,9.9,1
2018-08-01,Barpeta,Assam,26.32293,91.00632,27.4,15.8,10.4,0
2004-05-06,Chamba,Himachal Pradesh,32.55531,76.12647,21.8,0.0,10.2,1
2017-09-04,Azamgarh,Uttar Pradesh,26.06832,83.18358,28.8,0.0,11.8,0
1982-10-05,Surendranagar,Gujarat,22.72706,71.64856,31.6,0.0,11.8,0
1999-09-08,Nagpur,Maharashtra,21.14631,79.08491,25.6,4.9,9.2,1
2021-07-08,Begusarai,Bihar,25.41853,86.13389,28.5,21.2,19.4,1
2010-12-03,Ahmednagar,Maharashtra,19.09457,74.73843,22.6,0.0,8.5,0
2022-04-05,Dharwad,Karnataka,15.46005,75.00778,27.5,0.6,22.7,1
2005-03-01,Dharwad,Karnataka,15.46005,75.00778,25.7,0.0,11.0,0
2023-05-07,Udupi,Karnataka,13.33467,74.74617,29.1,0.2,17.3,1
1996-05-10,Sangli,Maharashtra,16.85438,74.56417,27.8,0.0,15.0,0
2017-08-10,Gadag,Karnataka,15.42977,75.62971,24.0,3.4,21.3,1
2001-09-07,Ahmednagar,Maharashtra,19.09457,74.73843,24.5,0.2,11.9,1
2021-07-08,Begusarai,Bihar,25.41853,86.13389,28.5,4.2,15.5,0
1995-10-08,Faridkot,Punjab,30.67399,74.75579,28.4,0.0,7.4,0
2019-04-10,Narayanpet,Telangana,16.74799,77.4954,30.7,0.0,8.1,0
2022-03-04,Jalpaiguri,West Bengal,26.51667,88.73333,20.6,0.0,8.6,0
2000-08-07,Mumbai,Maharashtra,19.07283,72.88261,27.2,0.2,12.4,0
1990-12-10,Puri,Odisha,19.79825,85.82494,22.7,0.0,6.1,0
2007-01-07,Idukki,Kerala,9.85,76.96667,21.7,0.0,8.8,1
2022-12-05,Nagaon,Assam,26.35,92.66667,20.4,0.0,8.6,0
1995-06-08,Shimla,Himachal Pradesh,31.10442,77.16662,23.2,0.0,12.6,0
2008-06-07,Dhemaji,Assam,27.48333,94.58333,27.2,0.5,4.4,0
2018-06-12,Chikkamagaluru,Karnataka,13.32231,75.774,21.2,0.6,20.8,0
2017-07-11,Bahraich,Uttar Pradesh,27.57429,81.59474,26.2,7.1,19.0,0
1994-07-08,Shimla,Himachal Pradesh,31.10442,77.16662,17.4,16.0,3.8,0
2009-07-11,Idukki,Kerala,9.85,76.96667,21.6,1.0,14.0,0
2007-07-09,Bhandara,Maharashtra,21.16817,79.64885,26.3,0.7,14.5,0
2022-12-07,Adilabad,Telangana,19.67203,78.5359,22.0,0.0,14.0,1
1997-08-08,Malappuram,Kerala,11.04199,76.08154,23.6,5.3,7.3,0
2022-11-09,Thane,Maharashtra,19.19704,72.96355,26.0,0.0,8.9,0
2022-04-09,Amravati,Maharashtra,20.93333,77.75,34.4,0.0,15.5,0
2023-11-07,Pithoragarh,Uttarakhand,29.58349,80.20947,14.1,0.0,5.0,0
2000-01-07,Bongaigaon,Assam,26.47703,90.55815,16.5,0.0,6.6,0
2021-01-08,Singrauli,Madhya Pradesh,24.19973,82.67535,19.6,0.0,8.7,0
2005-08-07,Valsad,Gujarat,20.61013,72.93428,26.7,1.1,23.5,0
2021-10-11,Thanjavur,Tamil Nadu,10.78523,79.13909,26.9,16.7,16.2,1
2019-12-02,Chennai,Tamil Nadu,13.08784,80.27847,26.5,10.9,17.6,1
2020-09-01,Biswanath,Assam,26.72577,93.14659,28.0,2.9,14.3,1
2016-03-07,Chatra,Jharkhand,24.20645,84.87085,24.6,2.1,12.3,1
1990-01-07,Valsad,Gujarat,20.61013,72.93428,24.3,0.0,13.1,0
1989-01-10,Katihar,Bihar,25.53852,87.57044,14.6,0.0,14.1,0
2021-06-11,Chennai,Tamil Nadu,13.08784,80.27847,31.4,0.0,23.0,1
2002-09-08,Pune,Maharashtra,18.51957,73.85535,22.9,0.0,17.3,1
2004-04-07,Kannur,Kerala,11.86752,75.35763,27.4,5.2,12.3,1
2022-01-08,Pathanamthitta,Kerala,9.26667,76.78333,26.3,0.6,14.2,1
2005-03-12,Chennai,Tamil Nadu,13.08784,80.27847,28.5,0.6,20.1,1
2015-06-04,Alappuzha,Kerala,9.49004,76.3264,26.5,16.5,11.7,1
1984-08-07,Valsad,Gujarat,20.61013,72.93428,25.8,0.6,20.8,0
2008-02-04,Shimla,Himachal Pradesh,31.10442,77.16662,1.1,2.0,12.2,1
2009-11-06,Lakhimpur,Assam,27.23517,94.10357,22.3,0.0,5.2,1
2021-11-04,Thiruvananthapuram,Kerala,8.4855,76.94924,24.9,23.8,16.9,1
2022-12-07,Nashik,Maharashtra,19.99727,73.79096,22.6,0.0,12.9,1
1984-01-09,Saharsa,Bihar,25.87498,86.59611,15.7,0.0,14.0,1
1990-07-09,Hamirpur,Himachal Pradesh,25.9553,80.14842,27.4,2.7,14.5,0
2023-09-07,Chamba,Himachal Pradesh,32.55531,76.12647,25.5,0.0,8.8,1
1978-01-08,Ferozepur,Punjab,30.92574,74.61311,11.9,0.1,8.0,1
2011-12-08,Kangra,Himachal Pradesh,32.09135,76.26267,17.4,8.0,9.0,1
2023-08-07,Bhiwani,Haryana,28.79304,76.13968,30.4,0.0,18.2,0
1993-04-05,Karimganj,Assam,24.86919,92.35543,25.0,0.0,7.5,0
2007-01-06,Nashik,Maharashtra,19.99727,73.79096,20.4,0.0,10.2,0
2023-12-08,Kokrajhar,Assam,26.40107,90.27286,20.6,0.3,7.9,0
2000-10-08,Adilabad,Andhra Pradesh,19.67203,78.5359,28.0,0.2,6.6,1
1995-09-09,Hardoi,Uttar Pradesh,27.39491,80.13165,24.9,0.2,11.4,0
1989-08-06,Barpeta,Assam,26.32293,91.00632,27.5,4.9,7.8,0
2007-06-07,Gadchiroli,Maharashtra,20.18061,80.00522,36.5,0.0,20.6,1
2000-12-07,Jalna,Maharashtra,19.84102,75.88636,20.0,0.0,9.0,0
2018-09-09,Azamgarh,Uttar Pradesh,26.06832,83.18358,28.6,0.3,6.5,0
1994-08-07,Baleshwar,Odisha,21.49266,86.93348,27.7,0.0,17.8,0
1998-08-11,Farrukhabad,Uttar Pradesh,27.39134,79.5793,27.3,1.9,8.5,0
1984-08-06,Bhagalpur,Bihar,25.24446,86.97183,27.5,9.4,8.1,0
1995-07-05,Alappuzha,Kerala,9.49004,76.3264,25.5,25.8,12.1,1
2021-09-06,Beed,Maharashtra,18.98921,75.75634,24.2,2.5,11.8,0
2020-10-04,Gumla,Jharkhand,23.04268,84.54429,24.3,10.9,10.4,1
1984-02-07,Almora,Uttarakhand,29.59713,79.65911,8.3,0.1,5.0,0
2004-06-07,Chamoli,Uttarakhand,30.40271,79.33303,20.8,3.5,5.1,1
2007-01-08,Amravati,Maharashtra,20.93333,77.75,19.1,0.0,9.7,1
1983-08-09,Bhind,Madhya Pradesh,26.56671,78.78728,30.3,0.1,10.3,1
2004-08-09,Howrah,West Bengal,22.57688,88.31857,27.5,2.2,14.5,1
1991-07-08,Ayodhya,Uttar Pradesh,26.79909,82.2047,30.6,1.2,13.8,0
1996-05-09,Ajmer,Rajasthan,26.4521,74.63867,32.2,0.0,23.0,0
2010-01-06,Lakhimpur,Assam,27.23517,94.10357,15.7,0.0,4.4,0
2021-04-09,Barpeta,Assam,26.32293,91.00632,23.7,1.9,9.5,0
2016-02-08,Nashik,Maharashtra,19.99727,73.79096,21.6,0.0,10.6,0
2021-09-05,Beed,Maharashtra,18.98921,75.75634,24.5,3.3,13.6,0
1984-03-07,Mumbai,Maharashtra,19.07283,72.88261,26.3,0.0,15.7,1
2021-07-02,Chamoli,Uttarakhand,30.40271,79.33303,24.7,1.2,4.9,0
1994-11-10,Idukki,Kerala,9.85,76.96667,21.8,8.9,11.3,1
2018-06-06,Pune,Maharashtra,18.51957,73.85535,25.9,4.6,18.5,1
2009-12-11,Satara,Maharashtra,17.68589,73.99333,20.8,0.0,12.7,0
2017-08-10,Barpeta,Assam,26.32293,91.00632,26.3,28.1,16.4,1
1984-01-08,Azamgarh,Uttar Pradesh,26.06832,83.18358,15.6,0.0,9.7,0
1997-01-11,Chengalpattu,Tamil Nadu,12.69184,79.97661,23.9,3.2,13.8,1
2022-11-07,Nashik,Maharashtra,19.99727,73.79096,22.7,0.0,11.5,1
2000-09-08,Cooch Behar,West Bengal,26.32539,89.44508,25.9,3.2,6.1,0
2017-07-12,Mandi,Himachal Pradesh,31.71194,76.93273,25.0,1.9,3.8,0
2023-11-07,Pithoragarh,Uttarakhand,29.58349,80.20947,14.1,0.0,6.2,1
1992-02-09,Akola,Maharashtra,20.70957,76.9981,22.0,0.0,9.8,0
1993-03-07,Kottayam,Kerala,9.58692,76.52132,28.8,0.0,15.2,0
2016-08-05,Chamoli,Uttarakhand,30.40271,79.33303,24.1,4.7,5.5,1
2022-01-08,Kottayam,Kerala,9.58692,76.52132,26.6,0.2,7.8,0
2006-01-09,Bhadrak,Odisha,21.05447,86.5156,19.4,0.0,12.0,1
1984-08-06,Bhagalpur,Bihar,25.24446,86.97183,27.5,47.0,10.1,1
2022-01-10,Koppal,Karnataka,15.34522,76.15478,23.5,0.0,12.8,1
1994-08-07,Chandigarh,Punjab,30.73629,76.7884,26.9,4.6,6.8,1
1987-02-10,Chitradurga,Karnataka,14.22262,76.40038,23.2,0.0,11.8,1
1995-08-08,Ferozepur,Punjab,30.92574,74.61311,27.1,7.6,12.9,1
1984-08-10,Pune,Maharashtra,18.51957,73.85535,22.6,10.9,25.1,1
2022-11-09,Nashik,Maharashtra,19.99727,73.79096,21.9,0.0,9.0,0
2004-05-08,Chhindwara,Madhya Pradesh,22.05697,78.93958,31.9,0.0,13.1,1
2002-01-11,Chennai,Tamil Nadu,13.08784,80.27847,24.0,0.0,17.8,0
1975-01-08,Krishna,Karnataka,17.60293,82.4215,20.3,0.0,10.1,0
2018-08-06,Bahraich,Uttar Pradesh,27.57429,81.59474,27.9,0.3,6.6,0
1980-01-07,Coimbatore,Tamil Nadu,11.00555,76.96612,21.8,0.0,13.9,1
2019-09-10,Kolhapur,Maharashtra,16.69563,74.23167,23.6,1.0,21.9,0
2007-07-09,Gangtok,Sikkim,27.32574,88.61216,19.0,15.5,6.2,1
1996-01-08,Araria,Bihar,26.14934,87.51323,16.8,0.0,6.7,0
1984-09-09,Jalna,Maharashtra,19.84102,75.88636,25.6,0.0,14.0,1
2009-07-10,Aizawl,Mizoram,23.72894,92.71791,21.5,0.0,10.6,0
2022-08-03,Jalgaon,Maharashtra,21.00292,75.56602,27.7,4.3,13.7,1
1983-08-08,Nizamabad,Andhra Pradesh,18.67154,78.0988,25.8,2.8,8.2,0
1992-12-07,Darjeeling,West Bengal,27.03333,88.26667,6.6,0.8,6.4,1
2010-01-12,Ariyalur,Tamil Nadu,11.13849,79.07556,25.2,0.5,7.2,0
2006-01-06,Alappuzha,Kerala,9.49004,76.3264,25.7,1.6,5.0,0
2007-09-09,Thiruvananthapuram,Kerala,8.4855,76.94924,25.5,2.9,13.0,0
2021-12-10,Kozhikode,Kerala,11.24802,75.7804,26.2,0.5,12.2,1
2023-08-07,Panipat,Haryana,29.38747,76.96825,29.6,0.0,15.8,0
2021-12-10,Palakkad,Kerala,10.77319,76.65366,26.3,0.0,17.9,0
2021-03-06,Nagpur,Maharashtra,21.14631,79.08491,26.9,0.0,12.4,1
1979-05-08,Howrah,Uttar Pradesh,22.57688,88.31857,31.2,0.0,14.3,0
1989-07-06,Nagpur,Maharashtra,21.14631,79.08491,26.0,23.8,9.3,1
1981-07-09,Pune,Maharashtra,18.51957,73.85535,22.5,16.3,19.9,1
2009-05-08,Sonitpur,Assam,26.78196,92.44907,26.2,0.1,12.0,1
2022-01-11,Tiruvannamalai,Tamil Nadu,12.22662,79.07461,24.7,0.5,8.8,0
2009-07-09,Baleshwar,Odisha,21.49266,86.93348,26.6,28.4,24.3,1
2006-07-06,Lucknow,"Uttar Pradesh, Uttarakhand",26.83928,80.92313,30.7,0.0,13.0,0
1982-01-08,Jammu,Jammu and Kashmir,32.73528,74.86167,11.2,0.0,4.7,0
1985-05-10,Hyderabad,Andhra Pradesh,17.38405,78.45636,32.8,0.0,12.0,0
2007-12-09,Bhiwani,Haryana,28.79304,76.13968,15.0,0.0,7.7,1
2023-05-07,Amritsar,Punjab,31.62234,74.87534,26.4,0.2,15.0,0
1975-08-09,Puri,Odisha,19.79825,85.82494,28.6,7.6,17.8,1
2020-08-04,Kolhapur,Maharashtra,16.69563,74.23167,22.8,9.3,25.8,0
2022-09-09,Vijayapura,Karnataka,16.82442,75.71537,24.6,8.7,18.9,1
2022-01-11,Ranipet,Tamil Nadu,12.92471,79.33331,24.9,1.2,12.9,1
1997-08-06,Gangtok,Sikkim,27.32574,88.61216,17.6,13.2,3.7,1
1978-08-08,Dhubri,Assam,26.01856,89.98564,29.6,0.2,4.8,0
1991-03-06,Ernakulam,Kerala,9.96714,76.29036,27.8,0.1,7.4,1
2021-01-09,Barpeta,Assam,26.32293,91.00632,19.0,0.0,5.8,0
1992-12-09,Chhatarpur,Madhya Pradesh,24.9177,79.58871,18.4,0.0,12.3,1
2007-04-07,Belagavi,Karnataka,15.85212,74.50447,27.2,0.2,14.3,1
1979-08-08,Azamgarh,Uttar Pradesh,26.06832,83.18358,29.5,5.7,36.7,1
1978-08-03,Jalgaon,Maharashtra,21.00292,75.56602,26.0,0.8,9.7,0
2022-11-07,Valsad,Gujarat,20.61013,72.93428,25.8,0.0,15.6,1
1986-04-08,Jammu,Jammu and Kashmir,32.73528,74.86167,20.8,0.0,12.6,1
2021-11-08,Kinnaur,Himachal Pradesh,31.52105,78.3628,-19.2,0.0,7.3,1
2020-10-07,Nagpur,Maharashtra,21.14631,79.08491,25.9,14.9,14.2,1
2022-07-08,Washim,Maharashtra,20.11128,77.133,24.1,24.7,22.3,1
1994-06-06,Nagpur,Maharashtra,21.14631,79.08491,35.4,0.6,15.3,1
2022-11-09,Bhandara,Maharashtra,21.16817,79.64885,22.7,0.0,7.8,0
2022-08-01,Gondia,Maharashtra,21.46026,80.19205,27.6,2.1,8.4,1
2002-12-08,Hamirpur,Himachal Pradesh,25.9553,80.14842,19.6,0.0,10.9,1
1994-03-08,Alappuzha,Kerala,9.49004,76.3264,28.5,0.0,14.4,1
2016-03-07,Chamba,Himachal Pradesh,32.55531,76.12647,13.1,2.7,9.2,1
1995-07-10,Kozhikode,Kerala,11.24802,75.7804,24.6,10.5,13.0,0
2000-02-06,Pune,Maharashtra,18.51957,73.85535,19.4,0.0,8.6,0
2006-08-09,Chandigarh,Punjab,30.73629,76.7884,27.2,0.2,8.6,0
2022-09-07,Nanded,Maharashtra,19.16023,77.31497,26.3,2.9,11.8,0
1990-01-07,Begusarai,Bihar,25.41853,86.13389,15.8,0.0,10.6,0
2022-10-10,Golaghat,Assam,26.51167,93.95951,25.5,2.1,7.5,0
2009-02-07,Barpeta,Assam,26.32293,91.00632,21.0,0.0,5.0,0
1995-06-08,Amritsar,Punjab,31.62234,74.87534,37.3,0.0,8.6,0
2022-02-08,Warangal,Telangana,18.0,79.58333,24.3,0.0,10.7,0
1978-08-07,Mumbai,Maharashtra,19.07283,72.88261,26.5,1.6,15.7,0
2023-05-07,Biswanath,Assam,26.72577,93.14659,24.4,8.0,17.9,1
1983-08-09,Sagar,Madhya Pradesh,23.83877,78.73874,27.2,0.4,10.6,0
1992-08-06,Kasaragod,Kerala,12.49838,74.98959,24.9,7.1,9.4,0
2017-06-05,Thiruvananthapuram,Kerala,8.4855,76.94924,26.3,23.1,22.4,1
2022-12-07,Nizamabad,Telangana,18.67154,78.0988,23.2,0.0,11.8,0
2004-03-08,Gurdaspur,Punjab,32.03933,75.40318,19.2,0.0,13.8,1
1993-05-06,Barpeta,Assam,26.32293,91.00632,22.9,7.9,11.9,0
2000-10-06,Davangere,Karnataka,14.46693,75.92694,23.5,5.6,13.9,1
2022-01-11,Chennai,Tamil Nadu,13.08784,80.27847,25.9,0.2,15.6,1
2007-05-08,Bokaro,Jharkhand,23.66934,86.15161,28.4,0.4,8.6,0
2023-02-09,Darrang,Assam,26.63333,92.8,16.8,0.4,14.6,0
1981-08-07,Jamnagar,Gujarat,22.47292,70.06673,27.1,3.3,30.1,1
2003-03-08,Kangra,Himachal Pradesh,32.09135,76.26267,11.6,0.0,8.9,1
1998-01-09,Tinsukia,Assam,27.48905,95.35992,17.7,0.0,3.8,0
1997-04-12,Amravati,Maharashtra,20.93333,77.75,31.9,0.0,17.3,1
2021-03-08,Idukki,Kerala,9.85,76.96667,25.4,0.0,13.4,1
2022-11-09,Washim,Maharashtra,20.11128,77.133,22.8,0.0,10.6,0
2021-06-11,Tiruvannamalai,Tamil Nadu,12.22662,79.07461,31.6,0.0,19.0,0
1991-02-08,Jind,Haryana,29.31577,76.31502,18.6,0.0,13.0,1
2000-01-07,Kasaragod,Kerala,12.49838,74.98959,27.0,0.0,17.2,1
2023-10-09,Serchhip,Mizoram,23.29312,92.84679,20.0,0.3,7.2,0
2022-11-08,Chamba,Himachal Pradesh,32.55531,76.12647,15.0,0.0,8.3,0
2009-07-08,Mandi,Himachal Pradesh,31.71194,76.93273,27.3,1.2,5.8,0
1979-04-11,Solapur,Maharashtra,17.67152,75.91044,34.1,0.0,16.9,0
2021-01-09,Jalna,Maharashtra,19.84102,75.88636,24.2,0.1,10.9,1
2017-11-02,Thiruvananthapuram,Kerala,8.4855,76.94924,25.5,9.4,12.4,1
1978-08-09,Malda,West Bengal,22.14416,78.29957,22.6,3.0,15.1,0
1985-08-08,Ballia,"Uttar Pradesh, Uttarakhand",28.20069,79.36668,28.2,2.1,13.7,1
2000-03-08,Tumakuru,Karnataka,13.34136,77.1022,24.6,0.0,9.2,1
1994-07-08,Shimla,Himachal Pradesh,31.10442,77.16662,17.4,79.8,4.8,1
1994-11-07,Kullu,Himachal Pradesh,31.95835,77.10823,13.3,0.0,6.8,1
2012-02-08,Raipur,Chhattisgarh,21.23333,81.63333,23.6,0.0,15.3,0
1975-08-10,Krishna,Andhra Pradesh,17.60293,82.4215,28.0,1.1,15.8,0
2022-08-01,Amravati,Maharashtra,20.93333,77.75,27.5,0.2,12.9,1
1994-07-09,Banswara,Rajasthan,23.54109,74.4425,26.5,1.0,16.7,0
1988-12-06,Hooghly,West Bengal,22.90877,88.39674,20.5,0.0,8.9,1
2023-09-07,Nagaur,Rajasthan,27.20201,73.73394,32.2,0.0,14.4,0
1981-01-10,Basti,Uttar Pradesh,26.78817,82.71617,12.7,0.0,7.0,0
2021-06-09,Beed,Maharashtra,18.98921,75.75634,27.2,0.6,16.9,0
1984-01-07,Amreli,Gujarat,21.59983,71.21169,18.0,0.0,15.0,0
2019-09-09,Sehore,Madhya Pradesh,23.2,77.08333,24.2,135.2,15.5,1
1996-09-09,Patiala,Punjab,30.33625,76.3922,24.4,29.0,13.8,1
2022-11-07,Ahmedabad,Gujarat,23.02579,72.58727,26.6,0.0,8.2,1
2021-07-11,Chennai,Tamil Nadu,13.08784,80.27847,29.2,0.3,16.2,0
2022-08-08,Belagavi,Karnataka,15.85212,74.50447,21.2,3.3,26.0,0
2022-10-08,Durg,Chhattisgarh,21.19147,81.27619,26.2,1.8,11.8,1
1981-08-07,Saharsa,Bihar,25.87498,86.59611,29.9,2.7,13.7,1
2002-08-06,Pune,Maharashtra,18.51957,73.85535,22.8,2.4,16.2,0
2023-05-07,Ferozepur,Punjab,30.92574,74.61311,27.3,0.0,16.5,0
1983-08-08,Khammam,Andhra Pradesh,17.24767,80.14368,26.0,21.7,13.4,1
2017-07-11,Araria,Bihar,26.14934,87.51323,25.5,2.1,17.8,0
2017-05-09,Araria,Bihar,26.14934,87.51323,25.7,25.1,25.6,1
2005-12-04,Thiruvananthapuram,Kerala,8.4855,76.94924,24.9,17.2,13.1,1
2005-08-07,Barpeta,Assam,26.32293,91.00632,27.4,5.2,5.3,1
1992-12-08,Mumbai,Maharashtra,19.07283,72.88261,25.7,0.0,16.6,1
2023-10-09,Sambhal,Uttar Pradesh,28.58498,78.56959,28.5,0.0,17.7,1
1988-07-07,Ambala,Haryana,30.36099,76.79782,26.3,32.6,15.5,1
2000-08-04,Thiruvananthapuram,Kerala,8.4855,76.94924,24.9,4.8,17.0,0
2007-06-07,Gadchiroli,Maharashtra,20.18061,80.00522,36.5,0.0,16.5,0
2023-10-08,Darrang,Assam,26.63333,92.8,25.9,13.2,8.2,0
2016-12-08,Gaya,Bihar,24.79686,85.00385,17.4,0.0,8.9,1
2023-07-04,Amravati,Maharashtra,20.93333,77.75,30.0,8.6,17.7,1
1989-01-08,Murshidabad,West Bengal,24.1839,88.27171,20.0,0.0,11.5,1
1990-01-07,Kolkata,West Bengal,22.56263,88.36304,17.7,0.0,8.2,0
2022-11-09,Chandrapur,Maharashtra,19.95076,79.29523,23.4,0.0,9.7,1
1984-08-07,Darrang,Assam,26.63333,92.8,29.0,2.2,8.2,0
2022-11-07,Bijapur,Chhattisgarh,18.79387,80.81599,25.1,0.0,8.1,0
1996-09-06,Thane,Maharashtra,19.19704,72.96355,25.6,0.7,6.8,0
2016-09-09,Chatra,Jharkhand,24.20645,84.87085,25.0,11.7,6.4,1
2023-05-07,Gurdaspur,Punjab,32.03933,75.40318,24.4,0.1,29.3,1
2000-08-07,Bongaigaon,Assam,26.47703,90.55815,27.6,5.2,6.2,1
2013-07-06,Pune,Maharashtra,18.51957,73.85535,23.7,2.2,17.2,1
2017-08-08,Jalpaiguri,West Bengal,26.51667,88.73333,27.8,2.3,6.7,0
2019-07-07,Palghar,Maharashtra,19.69693,72.76543,26.1,36.5,20.0,1
1984-08-09,Barpeta,Assam,26.32293,91.00632,27.5,3.0,5.5,0
2021-01-08,Gwalior,Madhya Pradesh,26.22983,78.17337,16.4,0.8,9.8,0
1993-12-08,Nagpur,Maharashtra,21.14631,79.08491,22.2,0.2,10.6,1
2018-08-06,Chamba,Himachal Pradesh,32.55531,76.12647,24.5,61.4,6.1,1
2012-02-08,Raipur,Chhattisgarh,21.23333,81.63333,23.6,0.0,19.1,1
1992-03-09,Sitamarhi,Bihar,26.59357,85.4906,22.6,0.0,15.8,0
1991-01-08,Sambalpur,Odisha,21.46527,83.97573,22.2,2.2,8.4,1
2012-01-09,Namchi,Sikkim,27.16494,88.3638,7.4,7.8,5.1,1
1989-11-09,Cuttack,Odisha,20.46497,85.87927,23.7,0.0,12.2,1
2021-01-08,Singrauli,Madhya Pradesh,24.19973,82.67535,19.6,0.0,10.9,1
1986-10-02,Warangal,Andhra Pradesh,18.0,79.58333,28.2,1.3,11.2,1
1984-02-07,Bhagalpur,Bihar,25.24446,86.97183,14.6,0.0,7.8,0
1991-04-09,Kheri,Uttar Pradesh,27.90354,80.79754,23.3,1.8,14.7,0
2014-10-04,Alappuzha,Kerala,9.49004,76.3264,25.3,4.4,6.3,0
2019-08-11,Alappuzha,Kerala,9.49004,76.3264,25.5,8.3,21.7,1
1990-10-09,Kolkata,West Bengal,22.56263,88.36304,26.1,1.6,21.9,1
1985-05-08,Gurdaspur,Punjab,32.03933,75.40318,31.1,0.2,16.2,0
2023-07-04,Solapur,Maharashtra,17.67152,75.91044,27.2,10.1,15.6,1
2022-11-09,Wardha,Maharashtra,20.73933,78.59784,23.2,0.0,12.7,1
1998-01-11,Idukki,Kerala,9.85,76.96667,22.5,0.0,7.8,0
2019-07-08,Lunglei,Mizoram,22.89247,92.74218,20.5,6.1,13.7,0
1990-05-06,Kolkata,West Bengal,22.56263,88.36304,28.1,0.0,9.8,0
2001-08-07,Bhadrak,Odisha,21.05447,86.5156,27.6,1.9,15.6,1
1985-06-10,Begusarai,Bihar,25.41853,86.13389,32.0,0.2,11.8,0
2022-10-10,Dhubri,Assam,26.01856,89.98564,25.8,29.5,17.1,1
1979-08-07,Azamgarh,"Uttar Pradesh, Uttarakhand",26.06832,83.18358,30.9,0.2,17.2,1
1996-03-06,Kottayam,Kerala,9.58692,76.52132,28.4,0.0,13.0,0
2022-01-08,Hardoi,Uttar Pradesh,27.39491,80.13165,16.4,0.8,13.0,0
2022-07-07,Bilaspur,Himachal Pradesh,31.33027,76.75663,28.9,0.1,7.2,0
2023-08-07,Karnal,Haryana,29.69197,76.98448,29.0,0.7,18.9,1
1981-11-09,Vellore,Tamil Nadu,12.9184,79.13255,24.8,0.2,7.9,0
2022-01-07,Kannur,Kerala,11.86752,75.35763,26.5,1.0,15.6,1
2002-03-07,Muzaffarpur,"Bihar, Jharkhand",26.12259,85.39055,21.5,0.0,11.3,1
2022-07-10,Fatehpur,Uttar Pradesh,25.92774,80.81266,33.1,0.1,17.0,1
1979-08-08,Amravati,Maharashtra,20.93333,77.75,24.7,17.9,29.2,1
2005-08-06,Barpeta,Assam,26.32293,91.00632,26.9,69.8,6.1,1
1983-06-07,Jhansi,Uttar Pradesh,25.45887,78.57994,36.9,0.0,24.9,1
2001-01-07,Ajmer,Rajasthan,26.4521,74.63867,13.9,0.0,8.3,0
2015-05-09,Ballari,Karnataka,15.14205,76.92398,32.3,0.0,13.4,0
2000-04-07,Nagpur,Maharashtra,21.14631,79.08491,33.4,0.0,9.1,1
2000-09-10,Chitradurga,Karnataka,14.22262,76.40038,23.2,0.1,14.7,0
2023-12-07,Mathura,Uttar Pradesh,27.5035,77.67215,18.1,0.0,9.4,1
2010-11-06,Alappuzha,Kerala,9.49004,76.3264,24.8,5.0,7.1,0
2008-05-04,Sangrur,Punjab,30.24506,75.84488,35.0,0.1,13.9,0
1984-11-09,Pune,Maharashtra,18.51957,73.85535,25.5,0.0,7.6,1
2021-12-09,Khordha,Odisha,20.18268,85.61629,21.4,24.9,13.2,1
2006-12-09,Ahmednagar,Maharashtra,19.09457,74.73843,22.5,0.0,13.0,1
1997-08-12,Amroha,Uttar Pradesh,28.90314,78.46984,27.8,0.2,9.9,0
2000-06-06,Hailakandi,Assam,24.68394,92.56097,26.8,6.9,6.7,0
2020-08-05,Bharatpur,Rajasthan,27.21731,77.49009,30.4,3.4,19.1,1
2021-10-11,Ernakulam,Kerala,9.96714,76.29036,25.4,9.4,12.0,0
2022-10-10,Fatehpur,Uttar Pradesh,25.92774,80.81266,25.9,13.1,8.5,1
1995-09-09,Bhiwani,Haryana,28.79304,76.13968,27.1,0.0,8.5,0
2022-09-10,Bulandshahr,Uttar Pradesh,28.40392,77.85773,29.7,2.4,16.1,1
1990-12-11,Ganjam,Odisha,19.31151,84.7929,22.4,0.0,8.1,1
2009-03-10,Alappuzha,Kerala,9.49004,76.3264,27.5,0.1,9.9,1
2022-10-10,Dhubri,Assam,26.01856,89.98564,25.8,5.9,13.7,0
1983-11-08,Aurangabad,Maharashtra,19.87757,75.34226,20.5,0.0,11.6,1
1980-04-08,Mumbai,Maharashtra,19.07283,72.88261,28.2,0.0,19.4,1
1968-01-10,Darjeeling,West Bengal,27.03333,88.26667,6.0,0.3,4.3,0
2019-08-04,Nashik,Maharashtra,19.99727,73.79096,23.0,32.3,22.6,0
1997-02-09,Etawah,Uttar Pradesh,26.77615,79.02133,16.9,0.0,8.8,0
2023-09-07,Chandigarh,Chandigarh,30.73629,76.7884,28.7,0.0,9.2,1
2022-12-10,Fatehpur,Uttar Pradesh,25.92774,80.81266,17.5,0.0,8.5,1
2020-10-04,Gumla,Jharkhand,23.04268,84.54429,24.3,2.2,8.3,0
2022-02-08,Kannur,Kerala,11.86752,75.35763,26.5,0.0,22.6,1
1996-08-09,Ajmer,Rajasthan,26.4521,74.63867,25.2,0.0,20.6,0
2022-10-10,Pratapgarh,Uttar Pradesh,25.92058,81.99629,26.3,16.7,9.9,1
2022-09-07,Gadchiroli,Maharashtra,20.18061,80.00522,27.6,15.6,8.8,1
2015-08-10,Thiruvananthapuram,Kerala,8.4855,76.94924,25.3,0.7,21.4,0
2021-06-09,West Godavari,Andhra Pradesh,16.71311,81.10437,33.1,0.6,21.6,1
2021-07-01,Pune,Maharashtra,18.51957,73.85535,25.0,0.0,19.0,0
2021-06-04,Yadgir,Karnataka,16.77007,77.13755,27.7,0.0,7.0,0
2021-06-11,Chennai,Tamil Nadu,13.08784,80.27847,31.4,0.0,18.4,0
2011-03-07,Dhemaji,Assam,27.48333,94.58333,20.3,0.0,4.0,0
1983-02-11,Palakkad,Kerala,10.77319,76.65366,27.6,0.0,14.4,0
1997-12-07,Darjeeling,West Bengal,27.03333,88.26667,7.5,1.8,6.8,1
1988-10-10,Bhandara,Maharashtra,21.16817,79.64885,25.2,0.0,7.3,0
2023-05-07,Dhemaji,Assam,27.48333,94.58333,24.0,0.3,10.6,1
2013-05-07,Idukki,Kerala,9.85,76.96667,23.6,1.3,5.8,0
2005-05-08,Bharatpur,Rajasthan,27.21731,77.49009,32.5,0.0,16.6,1
1992-09-08,Aizawl,Mizoram,23.72894,92.71791,20.7,3.1,5.4,1
2022-08-01,Morena,Madhya Pradesh,26.49892,77.99534,29.0,2.2,20.1,1
2022-04-08,Tumakuru,Karnataka,13.34136,77.1022,27.7,0.0,18.6,1
1993-06-08,Dindigul,Tamil Nadu,10.36896,77.98036,29.0,0.0,8.3,0
2022-08-08,Etawah,Uttar Pradesh,26.77615,79.02133,29.2,1.0,9.8,0
2012-01-09,Amreli,Gujarat,21.59983,71.21169,17.4,0.0,12.6,1
2005-07-07,Gurdaspur,Punjab,32.03933,75.40318,26.4,0.6,9.7,0
2023-08-07,Kurukshetra,Haryana,29.9657,76.837,28.9,3.2,18.0,1
1984-01-07,Amreli,Gujarat,21.59983,71.21169,18.0,0.0,18.7,1
2006-01-08,Bhadrak,Odisha,21.05447,86.5156,19.6,0.0,9.2,1
1995-01-09,Kolhapur,Maharashtra,16.69563,74.23167,19.1,0.0,6.1,0
2003-01-10,Pune,Maharashtra,18.51957,73.85535,23.9,0.0,13.0,1
2018-08-01,Alappuzha,Kerala,9.49004,76.3264,25.4,3.9,16.4,1
2022-07-10,Vikarabad,Telangana,17.3381,77.90441,21.8,28.6,24.5,1
2022-04-07,Kodagu,Karnataka,13.2996,77.70028,26.2,0.0,17.5,0
2023-02-09,Goalpara,Assam,26.17668,90.62634,19.0,0.0,17.8,1
2021-12-05,Thiruvananthapuram,Kerala,8.4855,76.94924,26.1,6.3,11.9,1
1999-12-09,Jorhat,Assam,26.75751,94.20306,19.9,0.0,7.4,1
1973-01-06,Cooch Behar,West Bengal,26.32539,89.44508,19.1,0.0,5.5,0
1999-03-07,Kolkata,West Bengal,22.56263,88.36304,27.5,0.0,10.8,0
2013-01-08,Amravati,Maharashtra,20.93333,77.75,19.2,0.0,8.0,0
1988-09-08,Ambala,Haryana,30.36099,76.79782,28.2,0.8,16.9,0
2011-01-09,Valsad,Gujarat,20.61013,72.93428,21.9,0.0,14.8,1
1993-10-07,Kolkata,West Bengal,22.56263,88.36304,26.8,11.3,10.1,1
1993-04-09,Hooghly,West Bengal,22.90877,88.39674,27.6,0.1,14.1,0
1995-07-10,Cuttack,Odisha,20.46497,85.87927,28.1,3.1,14.1,1
2022-11-07,Valsad,Gujarat,20.61013,72.93428,25.8,0.0,12.5,0
2022-01-09,Hyderabad,Telangana,17.38405,78.45636,22.5,0.4,13.0,1
2005-05-09,Kolhapur,Maharashtra,16.69563,74.23167,27.7,0.0,16.2,1
2023-07-08,Dibrugarh,Assam,27.47989,94.90837,27.3,27.7,8.9,1
1996-09-08,Hooghly,West Bengal,22.90877,88.39674,27.3,1.8,7.8,0
1994-08-06,Bharuch,Gujarat,21.69482,72.9805,26.7,2.8,20.5,1
2022-02-08,Alappuzha,Kerala,9.49004,76.3264,27.3,0.0,20.0,1
2000-03-05,Karimganj,Assam,24.86919,92.35543,20.5,6.5,7.1,1
2022-01-08,Kannur,Kerala,11.86752,75.35763,26.7,0.0,13.7,0
2021-03-06,Kolhapur,Maharashtra,16.69563,74.23167,26.3,0.0,19.2,1
2023-04-08,Hathras,Uttar Pradesh,27.59551,78.05201,26.5,0.0,12.9,0
2022-04-08,Amravati,Maharashtra,20.93333,77.75,34.0,0.0,10.4,0
1999-09-08,Nagpur,Maharashtra,21.14631,79.08491,25.6,1.0,7.4,0
2006-12-08,Shimla,Himachal Pradesh,31.10442,77.16662,3.8,0.1,6.2,0
1991-06-06,Alappuzha,Kerala,9.49004,76.3264,26.3,16.1,19.2,1
1981-08-08,Ambala,Haryana,30.36099,76.79782,27.8,33.4,15.0,1
1988-06-10,Akola,Maharashtra,20.70957,76.9981,36.0,0.0,11.9,0
2022-12-07,Nagaon,Assam,26.35,92.66667,20.3,0.0,12.7,1
2012-04-09,Kollam,Kerala,8.88113,76.58469,27.7,1.8,9.4,1
2001-08-10,Buxar,"Bihar, Jharkhand",25.57548,83.98043,29.6,0.7,15.6,1
2017-07-09,Barpeta,Assam,26.32293,91.00632,27.3,19.7,17.6,1
2016-07-07,Bhind,Madhya Pradesh,26.56671,78.78728,29.2,2.9,12.6,1
1980-01-07,Alappuzha,Kerala,9.49004,76.3264,26.5,0.0,12.6,1
2023-10-09,Budaun,Uttar Pradesh,28.03811,79.12668,28.7,0.0,13.4,0
2020-07-03,Nagpur,Maharashtra,21.14631,79.08491,28.1,17.9,17.3,1
2021-10-11,Ernakulam,Kerala,9.96714,76.29036,25.4,46.8,15.0,1
2013-11-02,Jalgaon,Maharashtra,21.00292,75.56602,23.5,0.0,7.8,1
2023-02-09,Golaghat,Assam,26.51167,93.95951,16.5,0.5,8.1,0
2015-03-04,Shimla,Himachal Pradesh,31.10442,77.16662,1.3,0.1,7.8,0
1983-12-09,Datia,Madhya Pradesh,25.67312,78.45908,15.3,0.0,6.3,0
2008-01-08,Palamu,Jharkhand,23.82945,85.96086,16.8,0.0,9.7,1
2023-12-08,Dhemaji,Assam,27.48333,94.58333,19.1,5.9,8.0,1
1981-03-04,Mayurbhanj,Odisha,21.93458,86.72852,23.1,0.0,7.3,0
2019-08-04,Nashik,Maharashtra,19.99727,73.79096,23.0,161.4,28.3,1
2012-01-09,Amreli,Gujarat,21.59983,71.21169,17.4,0.0,10.1,0
2021-03-10,Washim,Maharashtra,20.11128,77.133,29.3,0.0,15.9,0
2015-11-11,Chennai,Tamil Nadu,13.08784,80.27847,25.5,14.0,18.6,1
2022-06-10,Washim,Maharashtra,20.11128,77.133,31.3,10.2,21.9,1
1999-05-08,Ajmer,Rajasthan,26.4521,74.63867,32.5,0.1,19.0,0
2000-12-07,Mumbai,Maharashtra,19.07283,72.88261,24.9,0.0,11.8,0
2005-05-09,Akola,Maharashtra,20.70957,76.9981,34.8,0.0,19.5,1
1992-02-07,Kasaragod,Kerala,12.49838,74.98959,26.7,0.5,17.0,1
2016-05-08,Bilaspur,Himachal Pradesh,31.33027,76.75663,28.3,0.0,10.1,0
2020-10-09,Thiruvananthapuram,Kerala,8.4855,76.94924,25.5,1.6,12.5,0
2020-05-10,Bhandara,Maharashtra,21.16817,79.64885,31.6,0.2,14.8,0
1991-08-05,Kolasib,Mizoram,24.22388,92.67869,22.6,3.3,4.4,0
1990-03-11,Thiruvananthapuram,Kerala,8.4855,76.94924,27.4,0.0,13.0,1
1994-12-07,Bikaner,Rajasthan,28.01762,73.31495,23.2,0.0,23.4,0
2000-08-06,Ratnagiri,Maharashtra,16.99154,73.31022,26.8,0.0,11.7,0
2003-04-07,Kottayam,Kerala,9.58692,76.52132,27.5,1.2,8.6,0
2019-08-01,Amreli,Gujarat,21.59983,71.21169,26.2,24.9,25.5,1
2022-06-09,Mandya,Karnataka,12.5223,76.89746,26.0,0.2,14.8,0
2006-08-07,Dhemaji,Assam,27.48333,94.58333,26.7,7.3,5.8,1
2004-03-08,Jhabua,Madhya Pradesh,22.76772,74.59087,26.0,0.0,11.0,0
2008-01-09,Barpeta,Assam,26.32293,91.00632,19.3,0.0,4.3,0
1997-08-07,Tinsukia,Assam,27.48905,95.35992,27.3,5.8,8.8,1
1996-08-08,Thiruvananthapuram,Kerala,8.4855,76.94924,25.1,0.2,19.8,0
2003-10-07,Ajmer,Rajasthan,26.4521,74.63867,26.0,0.0,10.2,0
1990-08-07,Hooghly,West Bengal,22.90877,88.39674,26.9,4.4,9.1,0
2022-01-08,Kollam,Kerala,8.88113,76.58469,27.2,0.0,14.6,0
1979-09-03,Chamoli,Uttarakhand,30.40271,79.33303,21.7,1.9,5.4,0
2017-05-03,Kolhapur,Maharashtra,16.69563,74.23167,28.2,0.0,15.5,0
2022-10-10,Jorhat,Assam,26.75751,94.20306,25.6,0.8,6.8,0
1997-06-07,Jalgaon,Maharashtra,21.00292,75.56602,32.3,0.0,15.0,0
2014-01-09,Chitradurga,Karnataka,14.22262,76.40038,22.6,0.0,10.4,0
1993-01-07,Almora,Uttar Pradesh,29.59713,79.65911,5.0,3.2,5.0,0
2001-09-06,Alwar,Rajasthan,27.56246,76.625,30.3,0.0,13.0,1
1994-04-07,Nagpur,Maharashtra,21.14631,79.08491,31.1,0.0,8.3,1
2013-05-06,Belagavi,Karnataka,15.85212,74.50447,27.3,0.0,13.0,0
1980-08-08,Darrang,Assam,26.63333,92.8,26.3,32.3,10.8,1
1981-08-08,Ambala,Haryana,30.36099,76.79782,27.8,6.7,12.0,0
2018-08-06,Chamba,Himachal Pradesh,32.55531,76.12647,24.5,12.3,4.9,0
2022-09-07,Khammam,Telangana,17.24767,80.14368,26.5,27.7,11.8,1
2010-05-07,Mathura,Uttarakhand,27.5035,77.67215,30.8,3.3,24.3,1
2023-05-07,Jorhat,Assam,26.75751,94.20306,24.5,1.5,10.0,0
2008-01-06,Giridih,Jharkhand,24.18622,86.30875,16.1,0.0,10.0,1
2007-07-09,Darjeeling,West Bengal,27.03333,88.26667,17.0,3.0,5.6,0
2023-09-07,Ajmer,Rajasthan,26.4521,74.63867,28.9,0.1,16.4,1
2007-04-07,Belagavi,Karnataka,15.85212,74.50447,27.2,0.0,11.4,0
1986-08-08,Balaghat,Madhya Pradesh,21.8156,80.18845,26.0,1.1,11.2,0
2011-01-08,Ratnagiri,Maharashtra,16.99154,73.31022,23.6,0.0,8.2,0
2003-04-07,Dehradun,Uttarakhand,30.32443,78.03392,20.9,0.0,10.1,0
2022-07-08,Bara Banki,Uttar Pradesh,26.92384,81.17927,32.4,0.0,12.2,0
2023-01-09,Barpeta,Assam,26.32293,91.00632,16.7,0.0,6.5,0
2007-03-09,Barpeta,Assam,26.32293,91.00632,20.9,0.0,10.1,1
2021-09-10,Ahmednagar,Maharashtra,19.09457,74.73843,23.9,0.3,21.1,0
2023-08-07,Bhiwani,Haryana,28.79304,76.13968,30.4,0.0,22.8,1
2003-11-06,Latur,Maharashtra,18.39721,76.56784,22.6,0.0,13.5,1
2018-07-11,Tamenglong,Manipur,25.0164,93.48545,21.7,32.1,5.5,1
2022-07-08,Bara Banki,Uttar Pradesh,26.92384,81.17927,32.4,0.2,15.2,1
1984-04-03,Tirunelveli,Tamil Nadu,8.72742,77.6838,26.2,20.2,10.0,1
2022-04-08,Chhatarpur,Madhya Pradesh,24.9177,79.58871,32.1,0.0,15.3,1
2023-09-07,Dehradun,Uttarakhand,30.32443,78.03392,27.1,0.3,8.6,1
2009-02-07,Barpeta,Assam,26.32293,91.00632,21.0,0.0,6.2,1
2021-11-10,Thrissur,Kerala,10.51667,76.21667,23.7,0.5,11.4,0
1995-03-09,Guna,Madhya Pradesh,24.64691,77.3113,20.2,0.9,10.2,0
1982-08-08,Chamoli,Uttarakhand,30.40271,79.33303,22.9,12.3,5.0,1
1987-01-06,Tinsukia,Assam,27.48905,95.35992,18.5,0.0,3.8,0
2021-03-01,Kasaragod,Kerala,12.49838,74.98959,27.6,0.2,13.3,0
1985-05-10,Hyderabad,Andhra Pradesh,17.38405,78.45636,32.8,0.0,15.0,1
1985-10-09,Bargarh,Odisha,21.33348,83.61905,26.5,0.0,9.0,0
1991-04-05,Mysuru,Karnataka,12.29791,76.63925,25.1,1.9,9.0,0
1996-09-09,Patiala,Punjab,30.33625,76.3922,24.4,5.8,11.0,0
2022-01-08,Kottayam,Kerala,9.58692,76.52132,26.6,1.0,9.8,1
2000-03-07,Betul,Madhya Pradesh,21.90056,77.90229,22.9,0.0,9.4,0
2014-05-08,Pune,Maharashtra,18.51957,73.85535,29.5,0.1,9.0,0
2004-03-08,Jhabua,Madhya Pradesh,22.76772,74.59087,26.0,0.0,13.8,1
2004-09-11,Chennai,Tamil Nadu,13.08784,80.27847,27.5,0.7,13.0,0
1980-01-07,Alappuzha,Kerala,9.49004,76.3264,26.5,0.0,10.1,0
1993-08-07,Amritsar,Punjab,31.62234,74.87534,28.2,0.5,7.1,0
2021-06-11,Thanjavur,Tamil Nadu,10.78523,79.13909,32.2,0.0,24.8,1
2022-07-07,Nagaon,Assam,26.35,92.66667,30.1,0.0,10.3,0
2023-10-09,Sultanpur,Uttar Pradesh,26.25788,82.07269,28.5,0.0,14.7,0
2022-09-10,Sambhal,Uttar Pradesh,28.58498,78.56959,28.9,0.9,14.1,1
1991-01-08,Mahesana,Gujarat,23.59864,72.38472,17.7,0.0,8.3,0
2015-07-04,Ballari,Karnataka,15.14205,76.92398,28.1,0.0,19.0,0
2010-08-06,Idukki,Kerala,9.85,76.96667,21.8,1.1,10.2,0
2007-11-02,Bara Banki,Uttar Pradesh,26.92384,81.17927,23.6,0.0,9.4,1
2021-01-06,Bongaigaon,Assam,26.47703,90.55815,17.6,0.0,6.7,0
2019-09-07,Bastar,Chhattisgarh,19.20306,81.92959,23.9,16.7,24.5,1
2023-07-04,Sangli,Maharashtra,16.85438,74.56417,25.2,2.8,16.8,0
2001-01-09,Begusarai,"Bihar, Jharkhand",25.41853,86.13389,15.4,0.0,11.0,0
2010-07-07,Chandrapur,Maharashtra,19.95076,79.29523,25.4,33.1,13.7,1
2022-09-10,Hyderabad,Telangana,17.38405,78.45636,24.0,20.3,16.6,1
2018-06-10,Thane,Maharashtra,19.19704,72.96355,27.9,11.1,21.8,1
1995-01-09,Mumbai,Maharashtra,19.07283,72.88261,20.7,0.0,13.4,1
1997-05-07,Mumbai,Maharashtra,19.07283,72.88261,28.2,0.0,21.0,1
1978-01-08,West Godavari,Andhra Pradesh,16.71311,81.10437,22.8,0.7,15.8,1
2022-07-10,Prayagraj,Uttar Pradesh,25.44478,81.84322,32.3,0.0,16.6,1
2022-11-07,Nizamabad,Telangana,18.67154,78.0988,24.7,0.0,7.8,0
2023-10-09,Kannauj,Uttar Pradesh,27.05524,79.9188,28.9,0.0,16.1,1
2022-06-08,Washim,Maharashtra,20.11128,77.133,33.8,0.0,16.3,0
1984-01-08,Azamgarh,Uttar Pradesh,26.06832,83.18358,15.6,0.0,12.1,1
2008-12-07,Jalandhar,Punjab,31.32556,75.57917,15.9,0.0,9.4,1
2015-03-05,Ernakulam,Kerala,9.96714,76.29036,28.3,0.3,8.7,1
2019-08-06,Chamoli,Uttarakhand,30.40271,79.33303,23.3,14.4,3.5,0
2022-02-08,Thiruvananthapuram,Kerala,8.4855,76.94924,26.5,0.0,13.3,0
2022-05-10,Amravati,Maharashtra,20.93333,77.75,36.8,0.0,28.6,1
2018-09-01,Barpeta,Assam,26.32293,91.00632,29.2,4.1,11.5,1
1985-12-05,Hassan,Karnataka,13.00715,76.0962,20.9,0.0,15.2,1
2022-11-07,Warangal,Telangana,18.0,79.58333,25.1,0.0,9.7,1
1979-11-08,Bharuch,Gujarat,21.69482,72.9805,27.6,0.0,8.2,0
2022-08-01,Gadchiroli,Maharashtra,20.18061,80.00522,28.3,1.2,7.8,0
2021-03-08,Karauli,Rajasthan,26.49831,77.02755,26.0,0.0,16.6,1
2005-01-09,Valsad,Gujarat,20.61013,72.93428,22.4,0.0,10.6,0
2022-09-07,Hailakandi,Assam,24.68394,92.56097,28.9,1.7,7.7,1
2001-08-06,Kasaragod,Kerala,12.49838,74.98959,24.6,2.3,13.8,0
2001-10-07,Dhamtari,"Madhya Pradesh,  Chhattisgarh",20.70718,81.54874,26.6,4.3,14.4,1
2005-05-08,Belagavi,Karnataka,15.85212,74.50447,26.2,0.0,14.5,0
2023-01-09,Dibrugarh,Assam,27.47989,94.90837,15.8,0.0,9.7,1
1997-09-12,Yamunanagar,Haryana,30.12796,77.28371,26.2,0.6,5.3,0
2022-09-10,Warangal,Telangana,18.0,79.58333,25.3,35.8,10.9,1
1988-03-10,Ahmednagar,Maharashtra,19.09457,74.73843,29.0,0.0,15.8,1
1989-11-06,Idukki,Kerala,9.85,76.96667,22.1,10.2,5.8,1
2021-10-07,Amreli,Gujarat,21.59983,71.21169,28.7,2.3,11.0,1
1999-02-10,Bijapur,Karnataka,18.79387,80.81599,21.9,1.7,7.3,1
1980-08-07,Basti,Uttar Pradesh,26.78817,82.71617,25.8,23.8,13.2,1
2022-08-03,Nashik,Maharashtra,19.99727,73.79096,24.7,1.3,10.6,0
1993-05-09,Patna,Bihar,25.59408,85.13563,30.7,1.4,17.7,1
1985-08-09,Agra,Uttar Pradesh,27.18333,78.01667,28.3,0.9,10.7,0
2008-07-09,Tamenglong,Manipur,25.0164,93.48545,22.6,0.7,7.2,0
1997-11-08,Kinnaur,Himachal Pradesh,31.52105,78.3628,-23.7,0.1,5.1,0
1995-02-09,Alappuzha,Kerala,9.49004,76.3264,28.1,0.0,9.8,0
1999-12-09,Jorhat,Assam,26.75751,94.20306,19.9,0.0,5.9,0
2020-10-07,Nagpur,Maharashtra,21.14631,79.08491,25.9,3.0,11.4,0
2011-06-08,Idukki,Kerala,9.85,76.96667,22.4,1.4,11.0,0
2000-03-08,Davangere,Karnataka,14.46693,75.92694,26.8,0.0,12.6,1
2022-08-10,Pilibhit,Uttar Pradesh,28.63124,79.80436,30.1,1.7,13.2,0
2023-09-04,Ahmednagar,Maharashtra,19.09457,74.73843,25.5,0.2,15.0,0
2022-01-01,Alwar,Rajasthan,27.56246,76.625,12.6,0.0,7.4,0
2022-04-07,Kodagu,Karnataka,13.2996,77.70028,26.2,0.0,21.9,1
1981-04-08,Nagpur,Maharashtra,21.14631,79.08491,30.4,0.0,8.4,0
2017-08-10,Gadag,Karnataka,15.42977,75.62971,24.0,0.7,17.0,0
1983-08-08,Koppal,Karnataka,15.34522,76.15478,23.3,1.4,23.4,0
2023-09-04,Akola,Maharashtra,20.70957,76.9981,29.0,0.8,18.8,1
2022-06-10,Gonda,Uttar Pradesh,27.83126,77.87907,36.9,0.0,19.7,1
2002-04-09,Anand,Gujarat,22.55251,72.9552,30.7,0.0,9.2,0
2011-01-07,Valsad,Gujarat,20.61013,72.93428,21.3,0.0,11.4,0
2000-08-06,Latur,Maharashtra,18.39721,76.56784,26.5,0.0,8.1,0
2014-03-08,Hanumangarh,Rajasthan,29.58182,74.32938,19.5,0.0,7.7,0
2013-05-08,Udupi,Karnataka,13.33467,74.74617,29.1,1.5,18.4,1
1993-11-10,Beed,Maharashtra,18.98921,75.75634,24.3,0.0,19.0,0
2023-10-09,Jalaun,Uttar Pradesh,26.1451,79.3366,30.8,0.0,15.9,0
2008-01-06,Amroha,Uttar Pradesh,28.90314,78.46984,15.5,0.0,10.2,1
1996-01-10,Adilabad,Andhra Pradesh,19.67203,78.5359,23.5,0.2,11.1,1
1988-08-07,Amritsar,Punjab,31.62234,74.87534,29.4,1.1,9.1,1
2014-01-09,Chitradurga,Karnataka,14.22262,76.40038,22.6,0.0,13.0,1
2010-05-09,Hamirpur,Himachal Pradesh,25.9553,80.14842,33.6,0.0,16.5,0
2020-08-11,Kozhikode,Kerala,11.24802,75.7804,25.0,15.4,14.6,1
2019-08-05,Belagavi,Karnataka,15.85212,74.50447,21.7,10.2,25.1,0
2021-10-07,Amreli,Gujarat,21.59983,71.21169,28.7,0.5,8.8,0
2005-07-08,Bhandara,Maharashtra,21.16817,79.64885,26.1,13.6,11.1,1
2022-09-09,Kalaburagi,Karnataka,17.33583,76.83757,24.7,3.7,8.1,0
2017-09-05,Thiruvananthapuram,Kerala,8.4855,76.94924,25.1,7.8,19.6,1
1981-10-07,Kolkata,West Bengal,22.56263,88.36304,26.2,0.0,7.8,0
1979-11-08,Rajkot,Gujarat,22.29161,70.79322,27.8,0.0,7.6,0
2003-03-09,Muzaffarnagar,Uttar Pradesh,29.47091,77.70332,17.9,0.0,11.9,1
2007-01-08,Kurnool,Andhra Pradesh,15.82887,78.03602,23.8,0.0,9.8,0
1996-08-09,Jhajjar,Haryana,28.6063,76.6565,29.0,1.0,15.8,1
1997-07-05,Kottayam,Kerala,9.58692,76.52132,24.6,25.7,14.6,1
1991-05-06,Darjeeling,West Bengal,27.03333,88.26667,14.3,15.1,6.9,1
1995-09-09,Hardoi,Uttar Pradesh,27.39491,80.13165,24.9,1.2,14.3,1
2023-10-08,Dibrugarh,Assam,27.47989,94.90837,24.8,9.6,9.0,0
1988-01-08,Kargil,Jammu and Kashmir,34.55765,76.12622,-11.9,0.4,1.8,0
1994-08-08,Prayagraj,Uttar Pradesh,25.44478,81.84322,26.6,2.2,13.0,0
2015-03-04,Shimla,Himachal Pradesh,31.10442,77.16662,1.3,0.4,9.8,1
1986-12-03,Thiruvananthapuram,Kerala,8.4855,76.94924,26.1,0.2,8.8,1
2022-09-10,Sambhal,Uttar Pradesh,28.58498,78.56959,28.9,0.2,11.3,0
1983-08-08,Khammam,Andhra Pradesh,17.24767,80.14368,26.0,4.3,10.7,0
2013-07-08,Bhojpur,Bihar,25.58409,84.12653,28.3,3.5,7.4,0
2022-11-07,Kheda,Gujarat,22.75218,72.68533,26.4,0.0,8.2,0
2018-08-01,Agra,Uttar Pradesh,27.18333,78.01667,29.0,3.3,19.6,1
2022-07-08,Muzaffarnagar,Uttar Pradesh,29.47091,77.70332,31.0,0.0,11.3,1
2009-09-09,Alwar,Rajasthan,27.56246,76.625,26.7,3.8,11.4,0
1995-05-07,Cooch Behar,West Bengal,26.32539,89.44508,24.8,9.5,15.8,0
1980-01-08,Prayagraj,"Uttar Pradesh, Uttarakhand",25.44478,81.84322,14.3,0.0,11.0,1
1986-08-08,Bharuch,Gujarat,21.69482,72.9805,27.1,3.6,8.6,0
2019-04-01,Kodagu,Karnataka,13.2996,77.70028,28.3,0.0,11.3,1
1989-01-10,Katihar,Bihar,25.53852,87.57044,14.6,0.0,17.6,1
2006-01-07,Bhadrak,Odisha,21.05447,86.5156,18.5,0.0,9.8,0
2012-10-07,Lakhimpur,Assam,27.23517,94.10357,26.0,0.0,5.3,1
1995-10-09,Jodhpur,Rajasthan,26.26841,73.00594,31.0,0.0,13.6,1
2023-12-08,Kokrajhar,Assam,26.40107,90.27286,20.6,1.7,9.9,1
1995-04-08,Kannur,Kerala,11.86752,75.35763,27.6,0.9,7.5,0
2010-12-07,Jalpaiguri,West Bengal,26.51667,88.73333,21.3,0.0,6.7,0
2015-04-04,Bara Banki,Uttar Pradesh,26.92384,81.17927,25.4,0.1,14.7,0
2022-10-08,Wardha,Maharashtra,20.73933,78.59784,26.3,3.6,14.6,1
1992-02-05,Baleshwar,Odisha,21.49266,86.93348,22.1,0.0,9.9,0
2019-10-02,Begusarai,Bihar,25.41853,86.13389,27.0,0.0,7.2,0
1978-08-06,Beed,Maharashtra,18.98921,75.75634,25.6,0.7,25.8,1
2020-08-01,Darbhanga,Bihar,26.15216,85.89707,27.9,3.8,8.6,0
2022-09-07,Parbhani,Maharashtra,19.26855,76.77081,26.1,6.9,9.2,1
2009-05-09,Mumbai,Maharashtra,19.07283,72.88261,28.9,0.0,15.8,0
1985-01-08,Cuttack,Odisha,20.46497,85.87927,23.3,0.2,5.7,0
2023-05-07,Lakhimpur,Assam,27.23517,94.10357,23.6,3.0,10.7,0
2022-10-10,Majuli,Assam,26.95,94.16667,25.0,20.3,14.3,1
2012-04-08,Chamoli,Uttarakhand,30.40271,79.33303,15.9,0.0,7.0,1
1986-03-06,Bijapur,Karnataka,18.79387,80.81599,24.7,0.0,8.6,0
2013-01-08,Kargil,Jammu and Kashmir,34.55765,76.12622,-22.7,0.0,1.7,0
1999-01-08,Kalaburagi,Karnataka,17.33583,76.83757,21.6,0.0,13.4,0
2019-05-01,Coimbatore,Tamil Nadu,11.00555,76.96612,27.8,0.0,19.4,0
1997-08-07,Tinsukia,Assam,27.48905,95.35992,27.3,1.2,7.0,0
2022-11-09,Akola,Maharashtra,20.70957,76.9981,23.0,0.0,6.7,0
2021-03-06,Nagpur,Maharashtra,21.14631,79.08491,26.9,0.0,9.9,0
2021-06-09,Beed,Maharashtra,18.98921,75.75634,27.2,2.8,21.1,1
1986-08-08,Koraput,Odisha,18.81199,82.71048,22.4,0.6,6.7,0
1994-03-07,Dehradun,Uttar Pradesh,30.32443,78.03392,15.7,0.2,13.0,1
1990-07-09,Amritsar,Punjab,31.62234,74.87534,28.9,1.0,10.1,0
1998-08-10,Srikakulam,Andhra Pradesh,18.2989,83.89751,27.5,24.9,19.7,1
2023-10-07,Indore,Madhya Pradesh,22.71792,75.8333,25.5,0.0,10.5,0
1991-08-06,Bhopal,Madhya Pradesh,23.25469,77.40289,24.0,14.6,18.2,1
2008-06-06,Lakhimpur,Assam,27.23517,94.10357,25.7,9.3,8.0,1
1992-10-07,Kolkata,West Bengal,22.56263,88.36304,27.3,0.2,5.9,0
2016-09-10,Chatra,Jharkhand,24.20645,84.87085,25.5,8.5,10.5,1
1996-10-09,Beed,Maharashtra,18.98921,75.75634,24.5,0.0,11.7,1
1979-06-08,Kannur,Kerala,11.86752,75.35763,28.9,0.8,13.7,1
2022-11-09,Medak,Telangana,18.04531,78.26078,22.7,0.0,10.9,1
2021-06-11,Thanjavur,Tamil Nadu,10.78523,79.13909,32.2,0.0,19.8,0
2002-01-07,Tinsukia,Assam,27.48905,95.35992,18.8,0.0,5.3,0
2022-01-05,Dharwad,Karnataka,15.46005,75.00778,21.5,0.0,11.9,1
1999-09-07,Shimla,Himachal Pradesh,31.10442,77.16662,16.2,13.2,7.3,1
2017-09-06,Coimbatore,Tamil Nadu,11.00555,76.96612,25.1,0.4,15.1,0
2005-05-07,Darjeeling,West Bengal,27.03333,88.26667,10.6,16.4,5.8,1
1995-12-09,Malda,West Bengal,22.14416,78.29957,19.0,0.0,7.6,1
2016-01-07,Ahmednagar,Maharashtra,19.09457,74.73843,23.5,0.0,12.2,0
1986-01-08,Alappuzha,Kerala,9.49004,76.3264,26.1,3.6,4.2,1
1994-01-09,Bhadrak,Odisha,21.05447,86.5156,21.2,0.0,9.7,1
2008-05-08,Hoshiarpur,Punjab,31.53723,75.91269,31.7,0.0,14.1,1
2012-12-06,Kottayam,Kerala,9.58692,76.52132,27.2,0.2,7.3,1
2000-02-09,Chamba,Himachal Pradesh,32.55531,76.12647,6.0,0.6,4.9,0
2020-10-06,Ranchi,Jharkhand,23.34316,85.3094,24.3,4.0,10.6,1
2009-09-10,Bahraich,Uttar Pradesh,27.57429,81.59474,26.5,2.4,28.1,0
1993-10-08,Barpeta,Assam,26.32293,91.00632,26.1,0.5,5.4,0
2017-11-02,Thiruvananthapuram,Kerala,8.4855,76.94924,25.5,1.9,9.9,0
2005-08-12,Cuddalore,Tamil Nadu,11.75617,79.76693,29.9,2.0,20.7,1
2014-09-03,Sangli,Maharashtra,16.85438,74.56417,23.8,0.3,20.9,0
1990-01-07,Bathinda,Punjab,30.20747,74.93893,10.6,0.0,8.6,0
2022-09-10,Gorakhpur,Uttar Pradesh,26.76628,83.36889,28.8,3.8,19.3,1
2019-09-07,Bastar,Chhattisgarh,19.20306,81.92959,23.9,3.3,19.6,0
2022-02-08,Karimnagar,Telangana,18.43915,79.12856,24.0,0.0,9.1,0
2016-01-09,Hyderabad,Telangana,17.38405,78.45636,23.3,0.0,9.7,1
2020-09-01,Nagpur,Maharashtra,21.14631,79.08491,27.6,0.4,11.0,1
2023-09-04,Jalgaon,Maharashtra,21.00292,75.56602,29.0,0.1,17.0,0
2022-12-07,Nashik,Maharashtra,19.99727,73.79096,22.6,0.0,10.3,0
2021-11-10,Kollam,Kerala,8.88113,76.58469,25.7,7.9,17.8,1
2009-04-10,Faridkot,Punjab,30.67399,74.75579,22.4,0.0,10.2,0
2022-06-07,Mumbai,Maharashtra,19.07283,72.88261,29.7,1.0,18.2,1
2000-10-08,Pithoragarh,Uttar Pradesh,29.58349,80.20947,18.1,0.3,4.5,0
1981-06-06,Sangli,Maharashtra,16.85438,74.56417,24.6,2.2,15.1,0
2003-07-08,Kullu,Himachal Pradesh,31.95835,77.10823,23.1,0.9,5.6,0
1988-08-07,Amreli,Gujarat,21.59983,71.21169,27.0,0.2,19.6,0
1991-02-09,Banda,Uttar Pradesh,25.47758,80.33491,20.8,0.0,11.3,1
1993-01-07,Darjeeling,West Bengal,27.03333,88.26667,4.2,17.6,4.0,1
2008-09-06,Chamba,Himachal Pradesh,32.55531,76.12647,19.3,8.3,6.6,1
1995-03-09,Guna,Madhya Pradesh,24.64691,77.3113,20.2,4.6,12.7,1
1998-02-07,Idukki,Kerala,9.85,76.96667,23.8,0.1,7.8,0
1996-05-10,Sangli,Maharashtra,16.85438,74.56417,27.8,0.0,18.8,1
2019-09-02,Almora,Uttarakhand,29.59713,79.65911,22.0,0.3,10.4,1
1986-07-08,Kolhapur,Maharashtra,16.69563,74.23167,23.5,0.0,21.0,0
2006-05-08,Bijapur,Karnataka,18.79387,80.81599,31.4,0.0,11.0,0
2021-05-10,Thiruvananthapuram,Kerala,8.4855,76.94924,26.7,0.8,8.6,0
1991-06-07,Mangalore,Karnataka,12.84654,74.84056,26.4,83.4,29.5,1
2023-02-09,Barpeta,Assam,26.32293,91.00632,19.0,0.0,14.5,0
2020-05-03,Pathanamthitta,Kerala,9.26667,76.78333,27.6,3.0,12.1,0
2018-07-07,Nagpur,Maharashtra,21.14631,79.08491,27.0,26.9,11.5,1
2002-11-08,Mumbai,Maharashtra,19.07283,72.88261,28.0,0.0,11.3,0
2000-03-05,Karimganj,Assam,24.86919,92.35543,20.5,1.3,5.7,0
1997-10-06,Barpeta,Assam,26.32293,91.00632,26.6,0.0,7.2,1
1996-03-08,Rohtak,Haryana,28.89447,76.58917,21.3,0.0,15.0,1
1997-12-09,Kottayam,Kerala,9.58692,76.52132,24.8,20.8,10.9,1
2012-09-06,Mumbai,Maharashtra,19.07283,72.88261,25.9,19.6,27.6,1
1983-08-07,Koraput,Odisha,18.81199,82.71048,22.2,11.0,7.4,0
1993-08-07,Ahmedabad,Gujarat,23.02579,72.58727,28.0,0.1,19.8,1
2020-06-06,Namchi,Sikkim,27.16494,88.3638,19.0,66.3,5.7,1
1993-08-09,Amroha,Uttar Pradesh,28.90314,78.46984,29.9,0.1,15.1,0
1996-12-07,Cooch Behar,West Bengal,26.32539,89.44508,18.9,0.0,6.5,0
2000-03-08,Tumakuru,Karnataka,13.34136,77.1022,24.6,0.0,7.4,0
2018-09-09,Baran,Rajasthan,25.1,76.51667,25.3,2.5,22.9,1
2022-09-07,Medak,Telangana,18.04531,78.26078,25.6,3.5,7.8,0
2022-04-07,Idukki,Kerala,9.85,76.96667,24.1,0.1,8.2,0
2023-09-07,Una,Himachal Pradesh,31.46493,76.26914,28.4,0.0,7.2,0
1987-01-10,Darrang,Assam,26.63333,92.8,18.8,0.0,6.3,0
2019-08-08,Kinnaur,Himachal Pradesh,31.52105,78.3628,-1.6,0.6,2.3,0
2002-04-09,Anand,Gujarat,22.55251,72.9552,30.7,0.0,11.5,1
2011-05-09,Jaipur,Rajasthan,26.91962,75.78781,33.3,0.0,26.8,1
2010-07-06,Bikaner,Rajasthan,28.01762,73.31495,28.2,6.2,10.7,1
1991-09-03,Kollam,Kerala,8.88113,76.58469,26.5,0.0,14.2,0
2006-07-09,Darjeeling,West Bengal,27.03333,88.26667,17.4,5.2,5.6,0
1994-11-07,Kasaragod,Kerala,12.49838,74.98959,26.6,0.0,13.6,1
2017-06-01,Ahmedabad,Gujarat,23.02579,72.58727,34.2,0.0,13.8,0
1978-01-09,Shimla,Himachal Pradesh,31.10442,77.16662,-1.4,1.2,5.9,1
2022-09-08,Thane,Maharashtra,19.19704,72.96355,26.7,3.4,8.7,0
1986-12-08,Rupnagar,Punjab,30.21013,73.99427,17.8,0.0,6.2,0
2002-04-08,Chamba,Himachal Pradesh,32.55531,76.12647,18.2,0.5,10.0,1
2003-09-09,Murshidabad,West Bengal,24.1839,88.27171,27.3,2.1,11.3,0
2007-09-09,Thiruvananthapuram,Kerala,8.4855,76.94924,25.5,14.3,16.3,1
1998-12-07,Ernakulam,Kerala,9.96714,76.29036,26.4,0.2,9.3,1
1982-06-05,Ahmedabad,Gujarat,23.02579,72.58727,33.8,0.0,14.5,1
1983-05-09,Raisen,Madhya Pradesh,23.33033,77.7811,33.5,0.0,12.7,0
2018-04-06,Agra,Uttar Pradesh,27.18333,78.01667,28.0,0.9,19.2,0
2021-12-07,Hingoli,Maharashtra,19.71464,77.14238,23.6,0.0,13.5,1
2021-09-07,Dharashiv,Maharashtra,18.18158,76.03889,22.3,40.8,20.6,1
1979-03-08,Indore,Madhya Pradesh,22.71792,75.8333,18.3,0.0,13.8,0
2008-05-09,Chandigarh,Punjab,30.73629,76.7884,29.9,0.4,11.5,0
2005-02-07,Pune,Maharashtra,18.51957,73.85535,22.8,0.0,11.0,0
2019-09-05,Mumbai,Maharashtra,19.07283,72.88261,26.2,8.5,21.3,0
2001-01-06,Kullu,Himachal Pradesh,31.95835,77.10823,6.1,0.0,5.8,0
2022-01-08,Kottayam,Kerala,9.58692,76.52132,26.6,0.2,7.8,0
2016-01-07,Ahmednagar,Maharashtra,19.09457,74.73843,23.5,0.0,15.2,1
2009-06-10,Bara Banki,Uttar Pradesh,26.92384,81.17927,33.7,0.0,10.8,0
2016-01-07,Bahraich,Uttar Pradesh,27.57429,81.59474,18.3,0.0,8.2,1
2010-01-12,Ariyalur,Tamil Nadu,11.13849,79.07556,25.2,2.7,9.0,1
2017-07-11,Araria,Bihar,26.14934,87.51323,25.5,10.5,22.2,1
1982-12-07,Nanded,Maharashtra,19.16023,77.31497,24.5,0.0,10.3,0
2022-02-08,Malappuram,Kerala,11.04199,76.08154,27.5,0.1,18.8,1
2018-09-06,Auraiya,Uttar Pradesh,26.46517,79.50918,26.6,35.1,14.0,1
2016-03-07,Chamba,Himachal Pradesh,32.55531,76.12647,13.1,0.5,7.4,0
1995-12-09,Faridkot,Punjab,30.67399,74.75579,14.5,0.0,7.1,0
2020-07-03,Kozhikode,Kerala,11.24802,75.7804,24.9,7.4,19.8,0
1991-06-06,Aurangabad,Maharashtra,19.87757,75.34226,28.3,6.7,9.5,0
1995-09-08,Alwar,Rajasthan,27.56246,76.625,26.5,0.1,3.8,0
2013-01-08,Amravati,Maharashtra,20.93333,77.75,19.2,0.0,10.0,1
1988-12-06,Kolkata,West Bengal,22.56263,88.36304,20.8,0.0,8.4,1
2006-02-09,Amritsar,Punjab,31.62234,74.87534,16.8,0.0,8.5,0
2021-09-10,Ahmednagar,Maharashtra,19.09457,74.73843,23.9,1.4,26.4,1
2022-02-08,Ernakulam,Kerala,9.96714,76.29036,27.4,0.0,14.1,0
2014-01-09,Thiruvananthapuram,Kerala,8.4855,76.94924,26.2,0.0,8.4,0
2021-07-09,Washim,Maharashtra,20.11128,77.133,24.8,12.7,16.6,1
2010-11-06,Aurangabad,Maharashtra,19.87757,75.34226,23.1,0.4,7.6,1
2022-11-07,Warangal,Telangana,18.0,79.58333,25.1,0.0,7.8,0
2003-02-09,Lakhimpur,Assam,27.23517,94.10357,16.4,0.7,6.0,0
1989-01-08,Kamjong,Manipur,24.85846,94.51549,9.0,0.0,5.4,0
2022-02-08,Narayanpet,Telangana,16.74799,77.4954,24.6,0.0,12.0,1
2016-03-07,Barpeta,Assam,26.32293,91.00632,23.7,2.0,15.2,1
2022-04-07,Gadchiroli,Maharashtra,20.18061,80.00522,33.0,0.0,13.3,1
2000-09-10,Chitradurga,Karnataka,14.22262,76.40038,23.2,0.5,18.4,1
2007-08-08,Kinnaur,Himachal Pradesh,31.52105,78.3628,-1.5,0.9,5.1,0
1981-08-01,Ludhiana,Punjab,30.91204,75.85379,28.7,2.0,9.2,1
2000-08-06,Alappuzha,Kerala,9.49004,76.3264,25.3,22.1,14.5,1
1987-08-08,Cooch Behar,West Bengal,26.32539,89.44508,28.4,4.8,9.8,1
1988-02-07,Ambala,Haryana,30.36099,76.79782,17.2,0.0,8.6,0
1998-12-09,Kurukshetra,Haryana,29.9657,76.837,15.8,0.0,17.1,1
1983-01-10,Adilabad,Andhra Pradesh,19.67203,78.5359,22.9,0.0,6.8,0
2022-07-08,Washim,Maharashtra,20.11128,77.133,24.1,4.9,17.8,0
2023-05-07,Patiala,Punjab,30.33625,76.3922,26.8,0.0,16.2,0
2003-08-10,Pune,Maharashtra,18.51957,73.85535,23.9,0.4,13.6,0
1995-07-05,Kozhikode,Kerala,11.24802,75.7804,25.4,8.1,8.7,0
1990-02-09,Kolkata,West Bengal,22.56263,88.36304,24.9,0.0,9.5,1
1996-03-08,Gurdaspur,Punjab,32.03933,75.40318,17.5,0.0,9.8,0
2005-04-05,Kolkata,West Bengal,22.56263,88.36304,27.8,0.0,11.3,1
2003-03-10,Davangere,Karnataka,14.46693,75.92694,29.7,0.0,13.2,1
1976-08-09,Mirzapur,Uttar Pradesh,25.1449,82.56534,27.1,3.1,7.5,0
1992-04-08,Mumbai,Maharashtra,19.07283,72.88261,27.1,0.0,15.2,0
1975-01-08,Nanded,Maharashtra,19.16023,77.31497,20.6,0.0,8.4,0
2023-03-07,Kannur,Kerala,11.86752,75.35763,26.9,0.0,13.8,0
1986-05-08,Malda,Uttar Pradesh,22.14416,78.29957,33.7,0.0,15.4,1
1998-08-07,Mangan,Sikkim,27.50965,88.52206,24.0,1.4,4.8,0
1995-04-09,Ambala,Haryana,30.36099,76.79782,27.2,0.2,17.1,0
1997-07-08,Kheda,Gujarat,22.75218,72.68533,28.4,5.6,17.0,1
2010-03-07,Chhindwara,Madhya Pradesh,22.05697,78.93958,26.2,0.0,15.4,1
2022-06-10,Rae Bareli,Uttar Pradesh,26.2309,81.23315,35.4,0.0,18.7,1
2023-02-09,Dibrugarh,Assam,27.47989,94.90837,15.7,0.2,7.0,0
2019-09-02,Almora,Uttarakhand,29.59713,79.65911,22.0,0.1,8.3,0
2005-06-04,Thiruvananthapuram,Kerala,8.4855,76.94924,26.3,6.4,22.8,1
2023-01-09,Sonitpur,Assam,26.78196,92.44907,15.4,0.0,9.4,1
2015-01-09,Barpeta,Assam,26.32293,91.00632,16.9,0.0,9.5,0
2020-10-01,Barpeta,Assam,26.32293,91.00632,28.5,0.7,5.0,0
1987-08-07,Adilabad,Andhra Pradesh,19.67203,78.5359,26.5,7.1,13.0,1
2002-05-08,Mumbai,Maharashtra,19.07283,72.88261,30.1,0.4,13.8,0
2010-12-09,Hamirpur,Himachal Pradesh,25.9553,80.14842,20.8,0.2,7.1,0
2004-09-09,Barpeta,Assam,26.32293,91.00632,26.3,48.9,11.6,1
1995-01-09,West Godavari,Andhra Pradesh,16.71311,81.10437,23.2,1.4,7.5,0
2021-12-10,Kannur,Kerala,11.86752,75.35763,26.6,3.4,15.9,1
2020-09-06,Thiruvananthapuram,Kerala,8.4855,76.94924,25.0,9.3,25.2,0
2001-11-06,Ahmedabad,Gujarat,23.02579,72.58727,27.3,0.0,9.1,1
2016-03-07,Chamoli,Uttarakhand,30.40271,79.33303,12.5,0.3,5.0,0
2015-04-04,Bara Banki,Uttar Pradesh,26.92384,81.17927,25.4,0.7,18.4,1
2008-06-06,Lakhimpur,Assam,27.23517,94.10357,25.7,1.9,6.4,0
2001-08-08,Malda,West Bengal,22.14416,78.29957,25.5,3.1,4.9,0
2005-06-07,Banda,"Uttar Pradesh, Uttarakhand",25.47758,80.33491,36.9,0.0,14.4,1
1973-01-07,Churu,"Rajasthan, Bihar, Madhya Pradesh, Gujarat, Maharashtra, Uttar Pradesh",28.30415,74.96718,14.1,0.0,14.5,1
2021-10-11,Ernakulam,Kerala,9.96714,76.29036,25.4,46.8,15.0,1
2021-07-09,Akola,Maharashtra,20.70957,76.9981,25.8,77.7,12.2,1
1993-10-11,Idukki,Kerala,9.85,76.96667,21.1,21.0,8.6,1
2010-09-09,Amravati,Maharashtra,20.93333,77.75,24.5,6.8,14.1,0
2002-12-08,Hamirpur,Himachal Pradesh,25.9553,80.14842,19.6,0.0,8.7,0
1997-06-12,Mumbai,Maharashtra,19.07283,72.88261,28.4,6.0,16.8,1
2008-09-06,Chamba,Himachal Pradesh,32.55531,76.12647,19.3,1.7,5.3,0
2021-03-10,Belagavi,Karnataka,15.85212,74.50447,24.9,0.0,14.4,1
1982-08-09,Prayagraj,Uttar Pradesh,25.44478,81.84322,27.6,2.1,7.0,0
1975-01-08,Ajmer,Rajasthan,26.4521,74.63867,14.3,0.1,14.6,0
2006-11-06,Barpeta,Assam,26.32293,91.00632,24.4,0.0,6.2,1
1996-01-07,Bilaspur,Himachal Pradesh,31.33027,76.75663,10.9,0.0,6.6,0
1983-01-07,Cooch Behar,West Bengal,26.32539,89.44508,15.5,0.0,7.1,0
2021-03-10,Washim,Maharashtra,20.11128,77.133,29.3,0.0,19.9,1
2023-01-09,Darrang,Assam,26.63333,92.8,17.4,0.0,10.5,1
2014-01-09,Thiruvananthapuram,Kerala,8.4855,76.94924,26.2,0.0,10.5,1
2023-10-08,Dhemaji,Assam,27.48333,94.58333,24.8,47.0,14.8,1
2011-08-06,Shimla,Himachal Pradesh,31.10442,77.16662,18.1,0.8,5.7,0
1988-11-03,Gurdaspur,Punjab,32.03933,75.40318,20.4,0.0,9.4,1
2004-05-11,Thiruvarur,Tamil Nadu,10.77269,79.6368,29.1,0.6,14.1,0
2005-03-07,Rupnagar,Punjab,30.21013,73.99427,20.6,0.0,8.7,1
1999-12-06,Sindhudurg,Maharashtra,15.99894,73.5347,25.1,0.0,9.5,0
2005-08-08,Barpeta,Assam,26.32293,91.00632,28.0,3.3,5.3,0
2022-05-07,Idukki,Kerala,9.85,76.96667,24.2,0.9,8.0,0
2009-05-07,Kozhikode,Kerala,11.24802,75.7804,29.1,0.0,7.9,1
2010-12-07,Jalpaiguri,West Bengal,26.51667,88.73333,21.3,0.0,8.4,1
1979-09-03,Chamoli,Uttarakhand,30.40271,79.33303,21.7,9.4,6.8,1
2019-08-05,Palghar,Maharashtra,19.69693,72.76543,25.9,78.3,24.1,1
1984-08-08,Ahmedabad,Gujarat,23.02579,72.58727,27.0,0.2,10.9,0
2016-06-07,Rewa,Madhya Pradesh,24.53256,81.29234,36.9,0.0,12.2,1
1975-08-09,Puri,Odisha,19.79825,85.82494,28.6,1.5,14.2,0
2006-07-08,Bharuch,Gujarat,21.69482,72.9805,27.7,1.2,25.7,1
1981-08-07,Chhindwara,Madhya Pradesh,22.05697,78.93958,23.0,2.4,18.3,1
2016-12-06,Raipur,Chhattisgarh,21.23333,81.63333,20.3,0.0,9.4,1
2022-08-08,Nagpur,Maharashtra,21.14631,79.08491,26.1,4.2,9.4,0
2015-04-04,Jammu,Jammu and Kashmir,32.73528,74.86167,17.9,0.1,6.6,0
2003-04-07,Kottayam,Kerala,9.58692,76.52132,27.5,6.2,10.7,1
2013-11-06,Thiruvananthapuram,Kerala,8.4855,76.94924,26.2,0.5,9.0,0
2016-01-09,Dhemaji,Assam,27.48333,94.58333,14.6,11.1,5.8,1
1987-01-08,Darrang,Assam,26.63333,92.8,18.0,0.0,7.8,1
2022-04-04,Nashik,Maharashtra,19.99727,73.79096,30.7,0.0,15.4,0
2014-03-08,Bhadrak,Odisha,21.05447,86.5156,23.9,0.0,9.2,1
2021-01-09,Jalna,Maharashtra,19.84102,75.88636,24.2,0.0,8.7,0
1996-06-08,Bharatpur,Rajasthan,27.21731,77.49009,33.5,0.0,12.6,0
2011-08-06,Shimla,Himachal Pradesh,31.10442,77.16662,18.1,4.0,7.1,1
1998-03-10,Surat,Gujarat,21.19594,72.83023,25.6,0.0,9.9,0
2009-01-10,Ahmednagar,Maharashtra,19.09457,74.73843,23.0,0.0,16.1,0
1998-02-10,Mandi,Himachal Pradesh,31.71194,76.93273,11.7,0.0,6.2,0
2012-06-08,Kodagu,Karnataka,13.2996,77.70028,24.2,1.7,24.0,1
1985-04-08,Kolkata,West Bengal,22.56263,88.36304,31.3,0.0,18.8,1
1993-06-10,Kottayam,Kerala,9.58692,76.52132,25.4,9.7,14.1,1
1994-10-08,Kullu,Himachal Pradesh,31.95835,77.10823,16.8,0.0,5.5,0
2012-04-09,Krishna,Andhra Pradesh,17.60293,82.4215,28.6,0.0,14.8,1
1992-02-07,Kasaragod,Kerala,12.49838,74.98959,26.7,0.1,13.6,0
1997-11-08,Howrah,West Bengal,22.57688,88.31857,25.9,0.0,5.8,0
1987-01-08,Prayagraj,Uttar Pradesh,25.44478,81.84322,16.7,0.0,7.5,0
2019-06-02,Almora,Uttarakhand,29.59713,79.65911,21.6,0.2,11.4,0
2007-12-07,Kullu,Himachal Pradesh,31.95835,77.10823,12.1,0.1,5.4,1
1986-03-08,Jammu,Jammu and Kashmir,32.73528,74.86167,15.9,0.0,7.8,0
1986-03-08,Jammu,Jammu and Kashmir,32.73528,74.86167,15.9,0.0,9.8,1
1990-03-11,Cuttack,Odisha,20.46497,85.87927,23.6,2.0,7.9,0
2014-08-09,Chandrapur,Maharashtra,19.95076,79.29523,28.2,0.0,14.3,1
2005-08-10,Kollam,Kerala,8.88113,76.58469,26.0,2.0,22.4,1
1980-08-07,Ambala,Haryana,30.36099,76.79782,26.4,3.7,6.7,0
2007-08-07,Kangra,Himachal Pradesh,32.09135,76.26267,26.3,0.0,5.5,0
1991-09-09,Barpeta,Assam,26.32293,91.00632,27.6,0.7,11.8,0
1995-03-08,Kolkata,West Bengal,22.56263,88.36304,24.3,0.0,12.7,1
2023-07-07,Budaun,Uttar Pradesh,28.03811,79.12668,28.4,7.3,12.9,0
2022-02-09,Bijapur,Chhattisgarh,18.79387,80.81599,23.7,0.0,14.9,1
2022-08-07,Wardha,Maharashtra,20.73933,78.59784,26.5,3.5,9.8,0
2022-12-07,Wardha,Maharashtra,20.73933,78.59784,22.4,0.0,14.6,1
2020-10-02,Washim,Maharashtra,20.11128,77.133,25.8,0.3,16.5,1
2021-08-07,Nagpur,Maharashtra,21.14631,79.08491,27.5,0.0,18.5,1
2023-08-07,Faridabad,Haryana,28.41124,77.31316,30.2,0.5,21.3,1
2022-08-10,Pilibhit,Uttar Pradesh,28.63124,79.80436,30.1,8.6,16.5,1
2014-12-06,Thiruvananthapuram,Kerala,8.4855,76.94924,25.2,0.0,11.4,1
2023-01-09,Goalpara,Assam,26.17668,90.62634,16.9,0.0,8.0,1
1995-10-08,Jhajjar,Haryana,28.6063,76.6565,28.2,0.0,13.3,1
2021-01-08,Banda,Uttar Pradesh,25.47758,80.33491,18.8,0.0,9.9,1
1979-12-11,Tirunelveli,Tamil Nadu,8.72742,77.6838,24.2,0.7,11.0,0
1979-08-08,Amravati,Maharashtra,20.93333,77.75,24.7,3.6,23.4,0
1984-12-06,Koraput,Odisha,18.81199,82.71048,18.9,0.0,9.9,0
2002-09-10,Kodagu,Karnataka,13.2996,77.70028,22.1,0.0,20.4,1
2022-02-08,Thrissur,Kerala,10.51667,76.21667,27.3,0.0,18.4,1
2021-12-10,Pathanamthitta,Kerala,9.26667,76.78333,25.2,0.0,8.7,1
2023-12-08,Dibrugarh,Assam,27.47989,94.90837,18.9,7.3,7.4,1
1985-01-08,Cuttack,Odisha,20.46497,85.87927,23.3,0.9,7.1,1
1996-01-08,Araria,Bihar,26.14934,87.51323,16.8,0.0,8.4,1
1986-03-11,Tiruchirappalli,Tamil Nadu,10.8155,78.69651,25.9,1.7,11.9,1
2021-08-09,Nagpur,Maharashtra,21.14631,79.08491,28.1,0.1,11.7,0
2018-07-12,Burhanpur,Madhya Pradesh,21.30868,76.23026,25.1,30.9,16.6,1
2018-09-01,Auraiya,Uttar Pradesh,26.46517,79.50918,26.9,18.8,8.7,1
2023-06-03,Shajapur,Madhya Pradesh,23.42637,76.27775,32.7,0.0,16.3,1
2022-06-07,Palghar,Maharashtra,19.69693,72.76543,29.7,0.6,12.7,0
2022-03-10,Firozabad,Uttar Pradesh,27.15092,78.39781,23.2,0.1,15.7,0
2023-10-09,Unnao,Uttar Pradesh,26.54706,80.48781,29.3,0.0,17.6,1
2016-11-07,Kolhapur,Maharashtra,16.69563,74.23167,24.3,0.0,10.7,0
1972-08-07,Bhadrak,"Odisha, Bihar, Assam, West Bengal",21.05447,86.5156,27.0,0.5,13.3,0
2011-04-06,Dhemaji,Assam,27.48333,94.58333,21.9,0.2,5.9,0
2013-06-07,Kangra,Himachal Pradesh,32.09135,76.26267,29.5,0.0,6.1,0
2023-01-09,Nalbari,Assam,26.43937,91.44041,18.1,0.0,8.9,1
1993-01-08,Kota,Rajasthan,25.18254,75.83907,18.1,0.0,8.7,1
1993-08-12,Chandigarh,Punjab,30.73629,76.7884,28.1,0.3,11.8,0
1978-01-09,Karnal,Haryana,29.69197,76.98448,11.6,0.0,7.9,0
1990-03-07,Kannur,Kerala,11.86752,75.35763,27.9,0.0,13.7,1
1981-09-06,Aurangabad,Maharashtra,19.87757,75.34226,24.3,2.4,8.5,0
2019-09-10,Kolhapur,Maharashtra,16.69563,74.23167,23.6,5.2,27.4,1
2023-09-07,Shimla,Himachal Pradesh,31.10442,77.16662,17.9,0.1,9.5,0
1990-01-07,Sirsa,Haryana,29.53489,75.02898,10.9,0.0,12.6,1
1995-09-09,Amritsar,Punjab,31.62234,74.87534,27.0,0.0,8.7,0
1984-09-06,Pune,Maharashtra,18.51957,73.85535,22.7,0.4,17.8,0
2004-01-06,Almora,Uttarakhand,29.59713,79.65911,8.7,0.0,4.4,1
1997-02-12,Nashik,Maharashtra,19.99727,73.79096,20.5,0.0,13.7,0
2021-10-11,Thanjavur,Tamil Nadu,10.78523,79.13909,26.9,3.3,13.0,0
1985-03-07,Munger,Bihar,25.37459,86.47455,27.4,0.0,18.6,0
1995-01-09,Mumbai,Maharashtra,19.07283,72.88261,20.7,0.0,10.7,0
2023-06-05,Aizawl,Mizoram,23.72894,92.71791,24.9,0.0,7.4,1
1994-01-06,Alappuzha,Kerala,9.49004,76.3264,26.4,0.7,6.9,1
2007-01-08,Begusarai,Bihar,25.41853,86.13389,15.0,0.0,11.9,0
1996-03-06,Kottayam,Kerala,9.58692,76.52132,28.4,0.0,16.2,1
2013-02-07,Belagavi,Karnataka,15.85212,74.50447,23.4,0.2,14.1,1
1983-05-09,Raisen,Madhya Pradesh,23.33033,77.7811,33.5,0.0,15.9,1
2002-02-08,Gyalshing,Sikkim,27.28952,88.25764,9.1,1.4,4.0,0
2021-09-10,Dharashiv,Maharashtra,18.18158,76.03889,24.2,0.6,18.0,0
2021-06-11,Vellore,Tamil Nadu,12.9184,79.13255,30.6,0.0,18.2,0
2022-02-08,Kottayam,Kerala,9.58692,76.52132,26.8,0.4,14.2,1
2018-08-01,Barpeta,Assam,26.32293,91.00632,27.4,79.1,13.0,1
2019-08-07,Bundi,Rajasthan,25.43855,75.63735,26.4,42.9,13.8,1
2013-05-05,Thiruvananthapuram,Kerala,8.4855,76.94924,27.9,1.5,16.5,1
1995-10-07,Kota,Rajasthan,25.18254,75.83907,29.4,0.0,8.2,1
2022-01-07,Visakhapatnam,Andhra Pradesh,17.68009,83.20161,22.6,0.0,13.7,1
1995-01-08,Bharatpur,Rajasthan,27.21731,77.49009,14.8,5.2,16.6,0
2005-06-08,Hamirpur,Himachal Pradesh,25.9553,80.14842,34.6,0.2,13.8,1
2022-11-07,Nashik,Maharashtra,19.99727,73.79096,22.7,0.0,9.2,0
2012-10-07,Lakhimpur,Assam,27.23517,94.10357,26.0,0.0,4.2,0
1981-01-07,Mathura,"Uttar Pradesh, Uttarakhand",27.5035,77.67215,12.6,0.0,11.2,0
2023-05-07,Bathinda,Punjab,30.20747,74.93893,29.1,0.0,21.9,1
2000-09-05,Dhubri,Assam,26.01856,89.98564,27.2,0.5,11.8,0
2022-05-10,Jalpaiguri,West Bengal,26.51667,88.73333,26.4,13.1,12.7,1
1982-01-09,Guna,Madhya Pradesh,24.64691,77.3113,19.7,3.5,15.6,1
2022-11-07,Surat,Gujarat,21.19594,72.83023,26.9,0.0,15.9,1
2013-09-08,Jammu,Jammu and Kashmir,32.73528,74.86167,24.8,2.5,8.6,0
2003-08-10,Pune,Maharashtra,18.51957,73.85535,23.9,2.0,17.0,1
1989-08-06,Barpeta,Assam,26.32293,91.00632,27.5,24.7,9.7,1
2012-01-11,Chittoor,Andhra Pradesh,13.21055,79.0956,22.9,2.8,11.3,1
2022-04-05,Guntur,Andhra Pradesh,16.29974,80.45729,30.0,0.0,12.6,0
2015-10-05,Ernakulam,Kerala,9.96714,76.29036,24.8,6.0,5.2,0
1991-11-09,Bara Banki,Uttar Pradesh,26.92384,81.17927,22.0,0.0,9.1,1
2020-10-02,Washim,Maharashtra,20.11128,77.133,25.8,0.1,13.2,0
1999-12-06,Sindhudurg,Maharashtra,15.99894,73.5347,25.1,0.0,11.9,1
2022-10-10,Tinsukia,Assam,27.48905,95.35992,24.4,3.8,10.8,1
1974-01-07,Ratnagiri,Maharashtra,16.99154,73.31022,23.9,0.0,10.6,0
1987-12-08,Shimla,Himachal Pradesh,31.10442,77.16662,5.8,0.0,6.5,1
1994-12-07,Mumbai,Maharashtra,19.07283,72.88261,24.9,0.0,16.5,1
1980-08-08,Begusarai,Bihar,25.41853,86.13389,27.0,0.7,8.4,0
2005-09-07,Darjeeling,West Bengal,27.03333,88.26667,16.3,1.2,5.2,0
1987-01-07,Barpeta,Assam,26.32293,91.00632,18.4,0.0,14.3,1
1997-04-10,Ajmer,Rajasthan,26.4521,74.63867,27.3,0.0,15.3,1
2022-09-10,Suryapet,Telangana,17.14054,79.62045,25.7,31.4,15.3,1
2005-06-09,Pune,Maharashtra,18.51957,73.85535,28.0,0.0,13.0,0
1999-05-02,Kollam,Kerala,8.88113,76.58469,27.6,0.0,14.2,1
2023-10-09,Sitapur,Uttar Pradesh,27.56192,80.68265,28.5,0.0,14.8,0
2013-09-08,Jammu,Jammu and Kashmir,32.73528,74.86167,24.8,12.5,10.8,1
1971-01-01,Amroha,"Uttar Pradesh, Bihar, Odisha, West Bengal",28.90314,78.46984,13.0,0.0,13.8,0
2023-06-05,Aizawl,Mizoram,23.72894,92.71791,24.9,0.0,5.9,0
2005-08-10,Kollam,Kerala,8.88113,76.58469,26.0,0.4,17.9,0
2005-04-07,Bhopal,Madhya Pradesh,23.25469,77.40289,31.5,0.0,15.8,1
1971-01-01,Amroha,"Uttar Pradesh, Bihar, Odisha, West Bengal",28.90314,78.46984,13.0,0.0,17.2,1
2002-04-09,Nashik,Maharashtra,19.99727,73.79096,27.3,0.0,14.8,1
2000-02-09,Kamjong,Manipur,24.85846,94.51549,9.1,0.0,12.4,1
1993-08-12,Chandigarh,Punjab,30.73629,76.7884,28.1,1.4,14.8,1
2021-06-10,Aurangabad,Maharashtra,19.87757,75.34226,25.7,1.7,20.2,0
1991-08-05,Barpeta,Assam,26.32293,91.00632,28.0,2.7,11.5,1
1983-01-07,Dibrugarh,Assam,27.47989,94.90837,12.6,0.0,4.3,0
2022-10-10,Pratapgarh,Uttar Pradesh,25.92058,81.99629,26.3,3.3,7.9,0
1984-08-09,Barpeta,Assam,26.32293,91.00632,27.5,15.0,6.9,1
1994-01-06,Alappuzha,Kerala,9.49004,76.3264,26.4,0.1,5.5,0
1992-08-08,Kollam,Kerala,8.88113,76.58469,25.1,21.4,14.2,1
1989-01-07,Bahraich,Uttar Pradesh,27.57429,81.59474,15.5,2.3,16.7,0
1976-08-10,Chennai,Tamil Nadu,13.08784,80.27847,29.3,0.1,14.2,0
2008-01-07,Mumbai,Maharashtra,19.07283,72.88261,24.0,0.0,8.7,0
2007-01-05,Mandi,Himachal Pradesh,31.71194,76.93273,9.3,0.0,7.0,0
1993-07-11,Coimbatore,Tamil Nadu,11.00555,76.96612,23.7,0.3,18.3,0
2022-06-10,Yavatmal,Maharashtra,20.39324,78.13201,31.8,1.4,21.6,1
2022-12-05,Dhemaji,Assam,27.48333,94.58333,19.1,0.0,8.4,1
1981-01-08,Chandigarh,Chandigarh,30.73629,76.7884,9.6,0.0,12.5,0
2021-03-08,Idukki,Kerala,9.85,76.96667,25.4,0.0,10.7,0
1994-08-07,Baleshwar,Odisha,21.49266,86.93348,27.7,0.0,22.2,1
2023-12-07,Rampur,Uttar Pradesh,28.81014,79.02699,18.7,0.0,9.9,0
2016-01-09,Begusarai,Bihar,25.41853,86.13389,19.0,0.0,18.4,0
2022-09-08,Yavatmal,Maharashtra,20.39324,78.13201,26.3,3.7,9.8,0
2022-08-10,Karimnagar,Telangana,18.43915,79.12856,26.5,7.8,30.3,1
1996-03-08,Hamirpur,Himachal Pradesh,25.9553,80.14842,24.4,0.0,13.0,1
2013-10-08,Koraput,Odisha,18.81199,82.71048,21.6,3.1,5.4,0
1987-05-12,Thiruvananthapuram,Kerala,8.4855,76.94924,27.8,5.8,19.1,1
2022-10-10,Dhemaji,Assam,27.48333,94.58333,23.8,14.9,7.1,0
2000-08-06,Dhule,Maharashtra,20.9013,74.77737,28.6,0.0,13.4,0
2015-08-08,Bilaspur,Himachal Pradesh,31.33027,76.75663,24.2,40.8,8.0,1
1991-04-06,Nagpur,Maharashtra,21.14631,79.08491,28.0,0.0,15.1,1
2023-11-08,Chamba,Himachal Pradesh,32.55531,76.12647,16.4,0.0,6.6,0
1980-01-07,Ratnagiri,Maharashtra,16.99154,73.31022,26.2,0.0,15.3,1
1981-11-09,Vellore,Tamil Nadu,12.9184,79.13255,24.8,1.2,9.9,1
1984-08-10,Pune,Maharashtra,18.51957,73.85535,22.6,2.2,20.1,0
2021-01-12,Dhule,Maharashtra,20.9013,74.77737,24.2,0.0,7.0,0
2013-09-09,Shimla,Himachal Pradesh,31.10442,77.16662,14.9,1.4,7.2,0
2018-07-03,Mumbai,Maharashtra,19.07283,72.88261,26.3,7.0,21.1,0
1990-02-06,Dhenkanal,Odisha,20.65744,85.59693,25.0,0.0,7.6,0
1985-04-08,Kolkata,West Bengal,22.56263,88.36304,31.3,0.0,15.0,0
2022-07-10,Banda,Uttar Pradesh,25.47758,80.33491,32.4,2.0,15.5,1
2023-01-09,Darrang,Assam,26.63333,92.8,17.4,0.0,8.4,0
2022-08-01,Morena,Madhya Pradesh,26.49892,77.99534,29.0,0.4,16.1,0
1997-07-08,Kolhapur,Maharashtra,16.69563,74.23167,23.2,1.3,20.1,0
2018-07-11,Tamenglong,Manipur,25.0164,93.48545,21.7,6.4,4.4,0
2018-07-11,Dehradun,Uttarakhand,30.32443,78.03392,25.0,11.4,6.7,0
2022-07-10,Hamirpur,Uttar Pradesh,25.9553,80.14842,32.6,1.9,16.1,1
2001-10-11,Thiruvananthapuram,Kerala,8.4855,76.94924,25.7,0.0,11.5,0
2022-06-10,Prayagraj,Uttar Pradesh,25.44478,81.84322,36.3,0.0,17.4,0
2001-09-06,Alwar,Rajasthan,27.56246,76.625,30.3,0.0,10.4,0
2008-07-09,Idukki,Kerala,9.85,76.96667,21.7,3.6,13.1,1
2022-08-07,Hailakandi,Assam,24.68394,92.56097,29.3,3.2,10.8,0
1995-01-08,Mumbai,Maharashtra,19.07283,72.88261,21.6,6.2,15.3,1
2019-08-01,Belagavi,Karnataka,15.85212,74.50447,22.1,2.5,22.9,0
2020-08-04,Kolhapur,Maharashtra,16.69563,74.23167,22.8,46.3,32.2,1
2023-09-04,Akola,Maharashtra,20.70957,76.9981,29.0,0.2,15.0,0
1984-08-07,Valsad,Gujarat,20.61013,72.93428,25.8,3.2,26.0,1
2000-02-09,Chamba,Himachal Pradesh,32.55531,76.12647,6.0,2.8,6.1,1
2023-07-04,Jalgaon,Maharashtra,21.00292,75.56602,29.3,1.4,15.0,0
1991-08-08,Gonda,Uttar Pradesh,27.83126,77.87907,27.9,2.7,6.6,0
2023-10-07,Malappuram,Kerala,11.04199,76.08154,26.5,0.0,12.3,1
1978-01-11,Coimbatore,Tamil Nadu,11.00555,76.96612,21.5,0.0,12.8,0
1997-05-08,Purulia,West Bengal,23.33062,86.36303,29.9,0.3,9.8,0
2017-10-12,Vellore,Tamil Nadu,12.9184,79.13255,26.2,0.6,7.2,0
2020-09-06,Alappuzha,Kerala,9.49004,76.3264,25.4,27.9,22.9,1
2022-09-09,Vijayapura,Karnataka,16.82442,75.71537,24.6,1.7,15.1,0
2022-11-09,Wardha,Maharashtra,20.73933,78.59784,23.2,0.0,10.2,0
1999-10-08,Kullu,Himachal Pradesh,31.95835,77.10823,15.4,0.0,6.2,0
1994-02-09,Nashik,Maharashtra,19.99727,73.79096,19.0,0.0,10.8,0
2015-12-08,Kannur,Kerala,11.86752,75.35763,26.0,5.5,5.5,1
2023-02-09,Dibrugarh,Assam,27.47989,94.90837,15.7,0.9,8.8,1
1985-08-09,Agra,Uttar Pradesh,27.18333,78.01667,28.3,4.5,13.4,1
1979-01-08,Kannur,Kerala,11.86752,75.35763,25.5,0.0,12.2,1
2007-12-09,Bikaner,Rajasthan,28.01762,73.31495,18.1,0.0,14.8,1
1990-07-09,Amritsar,Punjab,31.62234,74.87534,28.9,4.9,12.6,1
1995-07-05,Kozhikode,Kerala,11.24802,75.7804,25.4,40.7,10.9,1
2016-10-05,Shimla,Himachal Pradesh,31.10442,77.16662,15.1,3.1,7.8,1
1992-05-08,Golaghat,Assam,26.51167,93.95951,22.5,2.9,6.3,0
2023-07-07,Bareilly,Uttar Pradesh,28.36678,79.43167,28.4,5.0,10.9,0
2022-10-10,Kokrajhar,Assam,26.40107,90.27286,24.9,8.0,13.8,0
2023-08-07,Panchkula,Haryana,30.69461,76.8504,28.0,4.7,12.7,0
2020-09-12,Burhanpur,Madhya Pradesh,21.30868,76.23026,27.5,1.3,5.0,0
2022-11-08,Shimla,Himachal Pradesh,31.10442,77.16662,9.2,0.0,11.5,1
2016-10-07,Chamba,Himachal Pradesh,32.55531,76.12647,21.0,0.0,6.6,0
2013-11-07,Araria,Bihar,26.14934,87.51323,21.4,0.0,6.7,1
2007-08-07,Belagavi,Karnataka,15.85212,74.50447,21.0,5.7,23.8,0
1994-05-09,Hamirpur,Himachal Pradesh,25.9553,80.14842,33.7,0.0,11.3,1
1990-07-09,Hamirpur,Himachal Pradesh,25.9553,80.14842,27.4,13.4,18.1,1
2020-07-03,Kozhikode,Kerala,11.24802,75.7804,24.9,36.9,24.7,1
2011-05-06,Alappuzha,Kerala,9.49004,76.3264,27.9,1.0,9.0,0
2022-09-10,Shahjahanpur,Uttar Pradesh,27.88165,79.90918,28.6,0.4,14.8,1
2018-08-01,Chikkamagaluru,Karnataka,13.32231,75.774,20.0,0.5,19.7,0
1988-06-11,Chennai,Tamil Nadu,13.08784,80.27847,32.3,0.0,25.2,1
2021-01-09,Majuli,Assam,26.95,94.16667,18.3,0.0,6.1,0
1989-11-06,Idukki,Kerala,9.85,76.96667,22.1,2.0,4.6,0
2021-11-07,Chamoli,Uttarakhand,30.40271,79.33303,14.8,0.0,5.4,1
2007-01-08,Begusarai,Bihar,25.41853,86.13389,15.0,0.0,14.9,1
1995-08-07,Nashik,Maharashtra,19.99727,73.79096,23.4,5.0,29.3,1
1994-08-07,Amreli,Gujarat,21.59983,71.21169,26.4,1.5,20.3,1
2011-01-08,Valsad,Gujarat,20.61013,72.93428,21.4,0.0,10.2,0
1995-01-10,Srikakulam,Andhra Pradesh,18.2989,83.89751,22.7,0.7,10.9,0
2007-05-08,Baleshwar,Odisha,21.49266,86.93348,27.8,5.7,20.9,1
1988-11-03,Gurdaspur,Punjab,32.03933,75.40318,20.4,0.0,7.5,0
2019-08-05,Pratapgarh,Rajasthan,25.92058,81.99629,29.6,3.0,8.9,0
2013-11-09,Chennai,Tamil Nadu,13.08784,80.27847,25.7,0.0,19.3,1
2022-08-01,Bhandara,Maharashtra,21.16817,79.64885,28.2,0.4,10.5,1
2000-08-08,Kottayam,Kerala,9.58692,76.52132,24.2,24.1,13.3,1
2000-03-07,Betul,Madhya Pradesh,21.90056,77.90229,22.9,0.0,11.8,1
1993-01-06,Alappuzha,Kerala,9.49004,76.3264,24.8,0.0,8.5,0
2023-05-07,Jorhat,Assam,26.75751,94.20306,24.5,7.3,12.5,1
2001-11-08,Nagpur,Maharashtra,21.14631,79.08491,25.4,0.0,9.3,0
2022-10-10,Nagaon,Assam,26.35,92.66667,26.0,0.6,9.5,0
2019-08-11,Bhadrak,Odisha,21.05447,86.5156,29.1,8.3,12.1,1
2017-06-01,Ahmedabad,Gujarat,23.02579,72.58727,34.2,0.0,17.2,1
2000-08-06,Karnal,Haryana,29.69197,76.98448,29.6,0.0,9.3,0
1997-01-11,Chengalpattu,Tamil Nadu,12.69184,79.97661,23.9,0.6,11.0,0
1979-12-05,Chennai,Tamil Nadu,13.08784,80.27847,25.8,0.0,20.8,1
2009-05-07,Kozhikode,Kerala,11.24802,75.7804,29.1,0.0,6.3,0
1992-08-08,Kollam,Kerala,8.88113,76.58469,25.1,4.3,11.4,0
1974-01-06,Tinsukia,Assam,27.48905,95.35992,17.3,0.0,5.9,1
2013-02-08,Chamba,Himachal Pradesh,32.55531,76.12647,4.3,0.0,12.1,0
2020-08-08,Thiruvananthapuram,Kerala,8.4855,76.94924,24.5,15.8,22.7,1
2005-09-03,Akola,Maharashtra,20.70957,76.9981,28.9,12.5,12.8,1
2021-11-05,Kolkata,West Bengal,22.56263,88.36304,23.0,0.0,11.0,1
1995-07-10,Kendrapara,Odisha,20.50166,86.42227,28.3,0.7,13.0,0
2008-08-08,Bhiwani,Haryana,28.79304,76.13968,26.1,22.3,8.6,1
1984-12-08,Dewas,Madhya Pradesh,22.96585,76.05526,20.4,0.0,7.8,0
2003-02-08,Chamba,Himachal Pradesh,32.55531,76.12647,7.4,0.4,7.2,1
2020-10-06,Ranchi,Jharkhand,23.34316,85.3094,24.3,0.8,8.5,0
2004-01-08,Valsad,Gujarat,20.61013,72.93428,24.9,0.0,12.8,0
1984-02-07,Chikkamagaluru,Karnataka,13.32231,75.774,21.8,0.1,12.4,0
1998-07-07,Darjeeling,West Bengal,27.03333,88.26667,16.4,24.8,5.7,1
2018-06-11,Nagpur,Maharashtra,21.14631,79.08491,28.7,10.5,17.4,1
1983-08-08,Karimnagar,Andhra Pradesh,18.43915,79.12856,26.0,4.9,7.4,0
1984-01-07,Pune,Maharashtra,18.51957,73.85535,21.7,0.0,7.8,0
2021-06-10,Pune,Maharashtra,18.51957,73.85535,24.1,1.2,21.5,0
2003-06-07,Dausa,Rajasthan,26.89,76.33584,36.8,0.0,26.3,1
2022-02-09,Bijapur,Chhattisgarh,18.79387,80.81599,23.7,0.0,11.9,0
1994-03-11,Chennai,Tamil Nadu,13.08784,80.27847,25.7,0.0,12.4,0
2023-12-08,Dhemaji,Assam,27.48333,94.58333,19.1,1.2,6.4,0
2005-01-09,Barpeta,Assam,26.32293,91.00632,18.3,1.0,7.4,1
2021-11-10,Alappuzha,Kerala,9.49004,76.3264,26.0,1.1,13.0,0
1976-08-07,Vadodara,Gujarat,22.29941,73.20812,26.8,2.8,16.3,0
1998-02-10,Rohtak,Haryana,28.89447,76.58917,16.2,0.0,10.0,1
1981-08-07,Saharsa,Bihar,25.87498,86.59611,29.9,0.5,11.0,0
1997-01-12,Pune,Maharashtra,18.51957,73.85535,20.5,0.0,9.4,1
1994-02-08,Kolkata,West Bengal,22.56263,88.36304,22.2,0.0,5.3,0
2002-04-09,Nashik,Maharashtra,19.99727,73.79096,27.3,0.0,11.8,0
1991-04-06,Nagpur,Maharashtra,21.14631,79.08491,28.0,0.0,12.1,0
2021-05-08,Bundi,Rajasthan,25.43855,75.63735,33.9,0.0,8.3,0
1974-01-07,Ratnagiri,Maharashtra,16.99154,73.31022,23.9,0.0,13.2,1
2003-08-07,Shimla,Himachal Pradesh,31.10442,77.16662,18.7,1.1,7.6,1
1989-11-06,Kasaragod,Kerala,12.49838,74.98959,26.2,0.9,8.4,0
2004-07-10,Tinsukia,Assam,27.48905,95.35992,24.5,31.9,10.2,1
2020-08-12,Alappuzha,Kerala,9.49004,76.3264,26.2,0.3,16.4,0
2022-12-07,Junagadh,Gujarat,21.51966,70.45981,24.1,0.0,10.0,0
1995-04-07,Barpeta,Assam,26.32293,91.00632,25.3,0.7,18.6,0
2013-01-08,Kargil,Jammu and Kashmir,34.55765,76.12622,-22.7,0.0,2.1,1
1993-08-07,Jhajjar,Haryana,28.6063,76.6565,27.9,6.9,14.9,1
2023-05-07,Dhemaji,Assam,27.48333,94.58333,24.0,0.1,8.5,0
1973-01-10,Mirzapur,"Uttar Pradesh, Bihar",25.1449,82.56534,18.5,0.0,6.1,0
1986-02-08,Rajkot,Gujarat,22.29161,70.79322,21.1,0.0,9.8,1
2005-07-07,Gurdaspur,Punjab,32.03933,75.40318,26.4,3.0,12.1,1
2023-07-07,Budaun,Uttar Pradesh,28.03811,79.12668,28.4,36.7,16.1,1
2012-01-11,Ernakulam,Kerala,9.96714,76.29036,25.6,1.4,8.0,1
2017-06-05,Thiruvananthapuram,Kerala,8.4855,76.94924,26.3,4.6,17.9,0
1995-01-10,Bongaigaon,Assam,26.47703,90.55815,17.8,0.0,7.5,1
2017-11-02,Chennai,Tamil Nadu,13.08784,80.27847,25.2,44.6,18.6,1
2005-12-07,Bharatpur,Rajasthan,27.21731,77.49009,16.7,0.0,7.4,1
2022-09-08,Amravati,Maharashtra,20.93333,77.75,27.0,3.1,9.4,0
1995-03-08,Kolkata,West Bengal,22.56263,88.36304,24.3,0.0,10.2,0
1995-04-08,Kannur,Kerala,11.86752,75.35763,27.6,4.5,9.4,1
2001-12-06,Kullu,Himachal Pradesh,31.95835,77.10823,12.0,0.0,6.3,0
2015-06-08,Akola,Maharashtra,20.70957,76.9981,32.5,17.2,14.0,1
2005-03-08,Gurdaspur,Punjab,32.03933,75.40318,18.5,0.0,8.7,1
1997-12-01,Nashik,Maharashtra,19.99727,73.79096,22.3,0.0,13.0,1
1987-05-12,Thiruvananthapuram,Kerala,8.4855,76.94924,27.8,1.2,15.3,0
1991-06-09,Cooch Behar,West Bengal,26.32539,89.44508,26.7,29.1,6.7,1
2000-12-06,Bongaigaon,Assam,26.47703,90.55815,17.3,0.0,6.2,0
2022-11-08,Shimla,Himachal Pradesh,31.10442,77.16662,9.2,0.0,9.2,0
2023-09-04,Jalgaon,Maharashtra,21.00292,75.56602,29.0,0.4,21.3,1
1994-04-06,Pune,Maharashtra,18.51957,73.85535,28.3,0.0,11.5,0
1985-02-07,Lakhimpur,Assam,27.23517,94.10357,14.9,0.3,4.4,0
2021-05-08,Bundi,Rajasthan,25.43855,75.63735,33.9,0.0,10.4,1
2023-07-08,Dhemaji,Assam,27.48333,94.58333,27.6,5.3,7.4,0
2012-07-08,Bhopal,Madhya Pradesh,23.25469,77.40289,24.5,14.0,18.7,1
2023-07-08,Jorhat,Assam,26.75751,94.20306,28.3,32.3,12.6,1
1986-01-06,Bargarh,Odisha,21.33348,83.61905,17.5,0.0,9.0,1
2019-09-06,Chamoli,Uttarakhand,30.40271,79.33303,24.6,23.0,4.8,1
2023-02-09,Darrang,Assam,26.63333,92.8,16.8,2.0,18.2,1
1995-08-08,Indore,Madhya Pradesh,22.71792,75.8333,25.4,0.4,26.7,1
2023-10-07,Malappuram,Kerala,11.04199,76.08154,26.5,0.0,9.8,0
1979-02-07,Kannur,Kerala,11.86752,75.35763,27.1,0.0,13.7,0
1983-10-08,Ernakulam,Kerala,9.96714,76.29036,26.0,0.0,6.9,0
1981-01-07,Kohima,Nagaland,25.67467,94.11099,8.5,2.6,4.8,0
1991-03-08,Dewas,Madhya Pradesh,22.96585,76.05526,24.9,0.0,13.3,1
2007-11-02,Solan,Himachal Pradesh,30.90908,77.10869,15.4,0.0,10.7,1
2001-04-08,Azamgarh,"Uttar Pradesh, Uttarakhand",26.06832,83.18358,30.9,0.0,15.0,0
1994-12-07,Bikaner,Rajasthan,28.01762,73.31495,23.2,0.0,29.2,1
1980-04-08,Thane,Maharashtra,19.19704,72.96355,29.1,0.0,14.0,0
2021-02-10,Aurangabad,Maharashtra,19.87757,75.34226,22.6,0.0,8.4,0
2019-09-04,Chandrapur,Maharashtra,19.95076,79.29523,26.2,5.3,11.3,0
1994-06-10,Bijapur,Karnataka,18.79387,80.81599,28.0,3.3,10.7,0
2022-09-08,Chandrapur,Maharashtra,19.95076,79.29523,27.2,2.2,8.5,0
1981-08-06,Malappuram,Kerala,11.04199,76.08154,24.4,1.2,13.0,0
2010-08-08,Cuddalore,Tamil Nadu,11.75617,79.76693,29.8,4.3,20.5,1
2022-02-07,Karimganj,Assam,24.86919,92.35543,15.2,0.0,10.8,1
2023-09-04,Latur,Maharashtra,18.39721,76.56784,25.2,1.8,14.8,0
1982-01-09,Begusarai,Bihar,25.41853,86.13389,16.4,0.0,9.0,0
2004-01-06,Almora,Uttarakhand,29.59713,79.65911,8.7,0.0,3.5,0
2007-12-07,Dhemaji,Assam,27.48333,94.58333,17.2,0.0,4.7,0
2005-08-07,Faridabad,Haryana,28.41124,77.31316,28.5,0.1,12.2,0
2014-01-08,Alappuzha,Kerala,9.49004,76.3264,27.3,0.1,5.5,0
2013-09-06,Mumbai,Maharashtra,19.07283,72.88261,25.7,4.3,14.2,1
2016-10-07,Idukki,Kerala,9.85,76.96667,21.4,0.0,8.6,0
2001-08-10,Buxar,"Bihar, Jharkhand",25.57548,83.98043,29.6,0.1,12.5,0
2015-07-06,Aurangabad,Maharashtra,19.87757,75.34226,26.6,0.0,21.2,0
2023-12-07,Bijnor,Uttar Pradesh,29.373,78.13636,16.5,0.0,10.7,1
2022-01-08,Bikaner,Rajasthan,28.01762,73.31495,11.5,0.0,14.1,1
2021-01-09,Barpeta,Assam,26.32293,91.00632,19.0,0.0,7.3,1
2022-12-09,Gadag,Karnataka,15.42977,75.62971,21.7,0.0,12.2,0
2010-03-07,Chhindwara,Madhya Pradesh,22.05697,78.93958,26.2,0.0,12.3,0
2022-11-09,Gondia,Maharashtra,21.46026,80.19205,22.3,0.0,6.2,0
1992-02-09,Barpeta,Assam,26.32293,91.00632,17.6,0.0,10.2,0
2021-07-09,Ahmedabad,Gujarat,23.02579,72.58727,31.3,0.1,15.1,0
1976-01-07,Khammam,Telangana,17.24767,80.14368,22.1,0.0,6.6,0
2009-01-09,Darbhanga,Bihar,26.15216,85.89707,18.4,0.0,7.9,1
2022-11-07,Sukma,Chhattisgarh,18.39014,81.65941,24.7,0.0,7.5,0
2005-07-02,Bhandara,Maharashtra,21.16817,79.64885,26.6,7.1,25.7,1
2000-02-06,Pune,Maharashtra,18.51957,73.85535,19.4,0.0,10.7,1
2022-04-05,Guntur,Andhra Pradesh,16.29974,80.45729,30.0,0.0,15.8,1
2005-10-07,Yavatmal,Maharashtra,20.39324,78.13201,25.9,0.0,8.2,0
1992-02-09,Barpeta,Assam,26.32293,91.00632,17.6,0.0,12.7,1
2003-07-07,Darjeeling,West Bengal,27.03333,88.26667,15.9,36.8,6.6,1
2022-03-08,Unnao,Uttar Pradesh,26.54706,80.48781,21.3,0.0,11.8,0
2011-04-06,Dhemaji,Assam,27.48333,94.58333,21.9,1.1,7.4,1
2013-02-06,Thiruvananthapuram,Kerala,8.4855,76.94924,26.1,26.7,11.0,1
2016-12-06,Raipur,Chhattisgarh,21.23333,81.63333,20.3,0.0,7.5,0
1976-01-09,Amravati,Maharashtra,20.93333,77.75,19.4,0.0,8.2,1
2005-01-07,Satara,Maharashtra,17.68589,73.99333,23.9,0.0,8.8,1
2005-06-09,Pune,Maharashtra,18.51957,73.85535,28.0,0.0,16.2,1
2009-05-08,Sonitpur,Assam,26.78196,92.44907,26.2,0.0,9.6,0
2017-09-05,Mysuru,Karnataka,12.29791,76.63925,24.1,10.3,10.2,1
2020-08-06,Idukki,Kerala,9.85,76.96667,22.1,92.8,23.5,1
1976-08-10,Chennai,Tamil Nadu,13.08784,80.27847,29.3,0.4,17.8,1
2019-08-01,Vadodara,Gujarat,22.29941,73.20812,25.9,41.1,21.5,1
2015-11-11,Chennai,Tamil Nadu,13.08784,80.27847,25.5,2.8,14.9,0
1983-08-08,Nizamabad,Andhra Pradesh,18.67154,78.0988,25.8,13.8,10.3,1
2015-11-07,Bareilly,Uttar Pradesh,28.36678,79.43167,22.7,0.0,8.3,1
2002-09-10,Kodagu,Karnataka,13.2996,77.70028,22.1,0.0,16.3,0
2003-07-06,Dhemaji,Assam,27.48333,94.58333,26.0,4.2,4.2,0
2017-08-05,Solan,Himachal Pradesh,30.90908,77.10869,21.4,6.8,6.7,0
1994-02-08,Sirsa,Haryana,29.53489,75.02898,14.2,0.1,11.2,0
2021-01-08,Gwalior,Madhya Pradesh,26.22983,78.17337,16.4,4.0,12.3,1
2013-02-08,Bhadrak,Odisha,21.05447,86.5156,24.0,0.0,14.0,1
2016-10-07,Idukki,Kerala,9.85,76.96667,21.4,0.0,10.7,1
2022-01-08,Hardoi,Uttar Pradesh,27.39491,80.13165,16.4,4.2,16.3,1
1995-08-08,Chamba,Himachal Pradesh,32.55531,76.12647,23.9,23.0,9.1,1
1993-09-10,Palakkad,Kerala,10.77319,76.65366,26.0,0.0,11.6,0
2023-09-07,Mandi,Himachal Pradesh,31.71194,76.93273,26.1,0.0,7.2,1
2003-06-07,Kasaragod,Kerala,12.49838,74.98959,28.2,9.1,17.1,1
2000-01-07,Kalaburagi,Karnataka,17.33583,76.83757,21.4,0.0,14.0,1
1982-03-06,Ratnagiri,Maharashtra,16.99154,73.31022,23.8,0.0,16.8,1
1968-01-08,Surat,Gujarat,21.19594,72.83023,23.0,0.0,18.0,1
1986-04-05,Kozhikode,Kerala,11.24802,75.7804,28.7,0.0,12.2,0
2021-02-11,Kozhikode,Kerala,11.24802,75.7804,26.0,0.0,15.4,0
2001-10-06,Hooghly,West Bengal,22.90877,88.39674,27.0,4.3,12.5,1
1990-06-09,Cuttack,Odisha,20.46497,85.87927,29.1,1.7,11.5,0
2022-11-08,Kullu,Himachal Pradesh,31.95835,77.10823,15.7,0.0,8.2,0
2021-03-09,Goalpara,Assam,26.17668,90.62634,22.8,0.4,12.6,1
2022-11-09,Belagavi,Karnataka,15.85212,74.50447,22.1,0.0,14.6,1
2022-12-07,Karimnagar,Telangana,18.43915,79.12856,22.8,0.0,14.2,1
2006-08-09,Chandigarh,Punjab,30.73629,76.7884,27.2,0.8,10.8,1
2019-08-08,Chamoli,Uttarakhand,30.40271,79.33303,25.8,5.4,6.5,1
2019-08-12,Bageshwar,Uttarakhand,29.83738,79.77161,25.4,4.0,6.1,0
1978-01-08,Jabalpur,Madhya Pradesh,23.16697,79.95006,15.0,0.0,8.8,1
2022-02-08,Kollam,Kerala,8.88113,76.58469,26.5,0.5,19.0,1
2022-11-07,Warangal,Telangana,18.0,79.58333,25.1,0.0,9.7,1
2022-09-10,Warangal,Telangana,18.0,79.58333,25.3,7.2,8.7,0
1986-01-06,Bargarh,Odisha,21.33348,83.61905,17.5,0.0,7.2,0
2023-07-07,Bareilly,Uttar Pradesh,28.36678,79.43167,28.4,5.0,10.9,0
1979-08-07,Azamgarh,"Uttar Pradesh, Uttarakhand",26.06832,83.18358,30.9,0.0,13.8,0
2001-12-06,Kullu,Himachal Pradesh,31.95835,77.10823,12.0,0.0,7.9,1
2009-03-10,Alappuzha,Kerala,9.49004,76.3264,27.5,0.0,7.9,0
2016-01-08,Thane,Maharashtra,19.19704,72.96355,24.7,0.0,12.2,1
2023-02-09,Nagaon,Assam,26.35,92.66667,18.0,0.0,13.7,0
1982-01-09,Guna,Madhya Pradesh,24.64691,77.3113,19.7,0.7,12.5,0
2021-06-04,Yadgir,Karnataka,16.77007,77.13755,27.7,0.2,8.7,1
2021-02-09,Barpeta,Assam,26.32293,91.00632,17.7,0.0,10.8,1
2000-01-07,Bongaigaon,Assam,26.47703,90.55815,16.5,0.0,8.3,1
1998-08-10,Srikakulam,Andhra Pradesh,18.2989,83.89751,27.5,5.0,15.8,0
2022-11-09,Akola,Maharashtra,20.70957,76.9981,23.0,0.0,8.4,1
2007-09-07,Hoshiarpur,Punjab,31.53723,75.91269,26.7,5.5,9.4,1
1997-05-07,Mumbai,Maharashtra,19.07283,72.88261,28.2,0.0,16.8,0
2015-03-09,Mungeli,Chhattisgarh,22.06566,81.68543,25.3,0.1,11.3,1
2018-04-06,Agra,Uttar Pradesh,27.18333,78.01667,28.0,4.7,24.0,1
2000-12-07,Jalna,Maharashtra,19.84102,75.88636,20.0,0.0,11.2,1
2020-09-05,Kolhapur,Maharashtra,16.69563,74.23167,25.8,0.5,9.0,0
2021-01-09,Aurangabad,Maharashtra,19.87757,75.34226,24.0,0.1,9.0,0
2023-10-09,Pratapgarh,Uttar Pradesh,25.92058,81.99629,28.5,0.0,14.2,1
1981-08-01,Ludhiana,Punjab,30.91204,75.85379,28.7,0.4,7.4,0
2000-12-07,Ahmedabad,Gujarat,23.02579,72.58727,22.3,0.0,9.8,0
2013-08-06,Kota,Rajasthan,25.18254,75.83907,26.1,3.4,7.6,0
2005-01-06,Kollam,Kerala,8.88113,76.58469,26.8,0.0,11.7,1
1990-05-06,Kolkata,West Bengal,22.56263,88.36304,28.1,0.2,12.3,1
1999-01-08,Valsad,Gujarat,20.61013,72.93428,20.7,0.0,11.9,0
1997-06-08,Darjeeling,West Bengal,27.03333,88.26667,15.5,14.5,6.2,1
1991-03-08,Amravati,Maharashtra,20.93333,77.75,27.6,0.0,14.4,1
1986-07-08,Mumbai,Maharashtra,19.07283,72.88261,27.6,4.9,25.2,1
1990-09-07,Garhwal,Uttarakhand,29.26211,79.18541,26.4,0.6,11.6,0
1981-08-09,Gorakhpur,Uttar Pradesh,26.76628,83.36889,29.7,0.8,32.8,1
1973-01-07,Churu,"Rajasthan, Bihar, Madhya Pradesh, Gujarat, Maharashtra, Uttar Pradesh",28.30415,74.96718,14.1,0.0,11.6,0
2023-09-07,Una,Himachal Pradesh,31.46493,76.26914,28.4,0.0,9.0,1
2020-08-06,Idukki,Kerala,9.85,76.96667,22.1,18.6,18.8,0
2010-05-09,Dhemaji,Assam,27.48333,94.58333,22.6,48.0,6.6,1
2023-10-07,Indore,Madhya Pradesh,22.71792,75.8333,25.5,0.0,13.1,1
2011-01-09,Valsad,Gujarat,20.61013,72.93428,21.9,0.0,11.8,0
1988-02-10,Akola,Maharashtra,20.70957,76.9981,25.1,0.0,8.7,1
2007-05-08,Baleshwar,Odisha,21.49266,86.93348,27.8,1.1,16.7,0
1985-07-08,Sagar,Madhya Pradesh,23.83877,78.73874,28.7,0.0,22.3,1
2009-01-08,Junagadh,Gujarat,21.51966,70.45981,19.8,0.0,12.0,0
2022-06-07,Mumbai,Maharashtra,19.07283,72.88261,29.7,0.2,14.6,0
2022-06-09,Mandya,Karnataka,12.5223,76.89746,26.0,1.2,18.5,1
1985-05-08,Gurdaspur,Punjab,32.03933,75.40318,31.1,1.1,20.2,1
1997-11-08,Gangtok,Sikkim,27.32574,88.61216,12.8,0.2,5.2,1
1999-01-08,Kalaburagi,Karnataka,17.33583,76.83757,21.6,0.0,16.7,1
1984-05-09,Bahraich,Uttar Pradesh,27.57429,81.59474,30.1,0.0,25.5,1
1987-07-07,Nashik,Maharashtra,19.99727,73.79096,23.5,4.1,20.4,1
1993-04-05,Karimganj,Assam,24.86919,92.35543,25.0,0.0,9.4,1
2023-09-07,Solan,Himachal Pradesh,30.90908,77.10869,21.0,0.2,11.0,1
1981-09-08,Vadodara,Gujarat,22.29941,73.20812,28.1,0.1,7.8,0
1984-11-08,Bhopal,Madhya Pradesh,23.25469,77.40289,22.1,0.0,7.7,0
2000-10-08,Pithoragarh,Uttar Pradesh,29.58349,80.20947,18.1,1.7,5.6,1
2022-12-07,Nizamabad,Telangana,18.67154,78.0988,23.2,0.0,14.8,1
2006-12-07,Darbhanga,Bihar,26.15216,85.89707,20.6,0.0,6.2,0
2014-08-07,Dhemaji,Assam,27.48333,94.58333,27.4,6.3,4.5,1
2022-08-01,Shivpuri,Madhya Pradesh,25.42378,77.66223,26.6,1.8,17.2,1
2002-04-08,Chamba,Himachal Pradesh,32.55531,76.12647,18.2,0.1,8.0,0
1984-01-08,Bankura,West Bengal,23.23241,87.0716,17.8,0.0,7.6,1
2018-08-02,Prayagraj,Uttar Pradesh,25.44478,81.84322,27.5,4.8,15.8,0
1994-11-07,Mumbai,Maharashtra,19.07283,72.88261,28.4,0.0,14.8,1
1998-12-07,Darjeeling,West Bengal,27.03333,88.26667,9.6,0.0,5.8,1
1987-08-04,Bilaspur,Himachal Pradesh,31.33027,76.75663,28.0,2.7,10.0,1
2009-01-10,Guntur,Andhra Pradesh,16.29974,80.45729,24.1,0.0,12.6,1
2018-02-12,Nagpur,Maharashtra,21.14631,79.08491,21.0,8.0,17.1,1
2007-10-07,Ajmer,Rajasthan,26.4521,74.63867,27.9,0.0,9.3,0
1972-08-07,Bhadrak,"Odisha, Bihar, Assam, West Bengal",21.05447,86.5156,27.0,2.7,16.6,1
2022-10-10,Basti,Uttar Pradesh,26.78817,82.71617,25.3,3.7,7.1,0
2007-01-08,Amravati,Maharashtra,20.93333,77.75,19.1,0.0,7.8,0
2017-08-08,Bilaspur,Himachal Pradesh,31.33027,76.75663,27.2,3.2,6.9,0
1988-08-07,Amritsar,Punjab,31.62234,74.87534,29.4,0.2,7.3,0
1989-12-07,Baleshwar,Odisha,21.49266,86.93348,19.7,0.0,17.3,1
1983-08-08,Koppal,Karnataka,15.34522,76.15478,23.3,6.8,29.2,1
2010-07-11,Chennai,Tamil Nadu,13.08784,80.27847,29.0,2.7,18.9,1
2013-08-06,Thiruvananthapuram,Kerala,8.4855,76.94924,24.0,2.0,21.7,0
2008-07-09,Cuttack,Odisha,20.46497,85.87927,26.8,10.7,11.1,1
2022-08-08,Kullu,Himachal Pradesh,31.95835,77.10823,25.1,3.8,6.2,0
2010-05-08,Gadchiroli,Maharashtra,20.18061,80.00522,35.8,0.0,18.2,1
2003-02-09,Hamirpur,Uttar Pradesh,25.9553,80.14842,18.5,0.0,7.8,0
1995-06-09,Gangtok,Sikkim,27.32574,88.61216,18.9,23.6,5.9,1
2018-08-02,Prayagraj,Uttar Pradesh,25.44478,81.84322,27.5,24.1,19.8,1
1990-05-07,Kolkata,West Bengal,22.56263,88.36304,28.2,0.1,12.2,1
2004-03-08,Patiala,Punjab,30.33625,76.3922,21.6,0.0,21.7,1
2002-02-07,Jalpaiguri,West Bengal,26.51667,88.73333,19.5,0.0,6.6,0
2019-10-09,Pune,Maharashtra,18.51957,73.85535,23.7,1.4,9.5,0
1985-04-06,Nagpur,Maharashtra,21.14631,79.08491,29.3,0.0,11.1,0
1999-02-09,Tamenglong,Manipur,25.0164,93.48545,16.5,0.0,5.6,0
1998-10-06,Ratnagiri,Maharashtra,16.99154,73.31022,26.4,9.9,7.9,1
2001-10-08,Shimla,Himachal Pradesh,31.10442,77.16662,14.2,0.0,8.8,1
2019-09-01,Nanded,Maharashtra,19.16023,77.31497,25.5,11.4,16.7,1
1981-09-06,Aurangabad,Maharashtra,19.87757,75.34226,24.3,12.0,10.6,1
1996-08-06,Dhemaji,Assam,27.48333,94.58333,27.1,11.1,6.3,1
1988-02-07,Nagpur,Maharashtra,21.14631,79.08491,22.9,0.0,9.7,1
1990-12-10,Puri,Odisha,19.79825,85.82494,22.7,0.0,7.6,1
2022-11-05,Gangtok,Sikkim,27.32574,88.61216,13.2,0.0,5.8,0
2022-08-03,Dhule,Maharashtra,20.9013,74.77737,27.0,5.1,11.7,1
2022-08-07,Medak,Telangana,18.04531,78.26078,24.6,3.7,15.0,0
1998-01-08,Barpeta,Assam,26.32293,91.00632,16.6,0.0,5.8,1
2006-01-08,Sirohi,Rajasthan,24.88838,72.84794,15.6,0.0,9.7,1
2016-01-09,Dhemaji,Assam,27.48333,94.58333,14.6,2.2,4.6,0
1992-03-09,Prayagraj,Uttar Pradesh,25.44478,81.84322,22.7,0.0,14.9,0
2020-08-07,Alappuzha,Kerala,9.49004,76.3264,25.3,50.1,17.8,1
2021-07-05,Latur,Maharashtra,18.39721,76.56784,28.7,0.0,11.3,0
2006-01-08,Sirohi,Rajasthan,24.88838,72.84794,15.6,0.0,7.8,0
2008-01-07,Mumbai,Maharashtra,19.07283,72.88261,24.0,0.0,10.9,1
2023-08-09,Anand,Gujarat,22.55251,72.9552,28.2,0.1,15.4,0
2011-03-09,Dhule,Maharashtra,20.9013,74.77737,27.9,0.0,16.3,1
1999-04-05,Chitradurga,Karnataka,14.22262,76.40038,28.1,0.0,9.6,0
2020-06-06,Namchi,Sikkim,27.16494,88.3638,19.0,13.3,4.6,0
2019-11-01,Alappuzha,Kerala,9.49004,76.3264,26.1,0.0,13.2,1
2022-12-07,Amreli,Gujarat,21.59983,71.21169,24.7,0.0,12.4,1
2005-12-07,Kinnaur,Himachal Pradesh,31.52105,78.3628,-18.3,0.0,4.1,0
1988-08-09,Aurangabad,Maharashtra,19.87757,75.34226,25.1,0.9,21.3,1
1984-08-09,Amreli,Gujarat,21.59983,71.21169,26.5,0.9,18.1,1
2015-10-05,Ernakulam,Kerala,9.96714,76.29036,24.8,30.1,6.5,1
2001-01-09,Jalpaiguri,West Bengal,26.51667,88.73333,16.3,0.0,5.3,0
2017-08-08,Baran,Rajasthan,25.1,76.51667,25.8,33.9,15.6,0
2016-01-08,Barpeta,Assam,26.32293,91.00632,17.3,1.0,6.3,0
1987-07-07,Nashik,Maharashtra,19.99727,73.79096,23.5,0.8,16.3,0
2022-01-05,Dharwad,Karnataka,15.46005,75.00778,21.5,0.0,9.5,0
1983-09-09,Rewa,Madhya Pradesh,24.53256,81.29234,24.6,3.0,20.8,0
2021-12-07,Hingoli,Maharashtra,19.71464,77.14238,23.6,0.0,10.8,0
1980-01-10,Kozhikode,Kerala,11.24802,75.7804,26.0,0.0,10.8,1
2002-07-09,Bijnor,Uttar Pradesh,29.373,78.13636,34.1,0.0,15.4,0
1983-08-08,West Godavari,Andhra Pradesh,16.71311,81.10437,25.8,32.8,15.9,1
1980-01-09,Chandrapur,Maharashtra,19.95076,79.29523,22.4,0.0,7.9,1
1991-08-06,Kolhapur,Maharashtra,16.69563,74.23167,22.3,0.7,18.7,0
1988-02-06,Jammu,Jammu and Kashmir,32.73528,74.86167,15.0,0.0,5.1,0
2012-07-07,Shimla,Himachal Pradesh,31.10442,77.16662,17.3,5.0,4.6,0
1993-12-09,Kolkata,West Bengal,22.56263,88.36304,21.1,0.0,7.9,0
2008-02-04,Shimla,Himachal Pradesh,31.10442,77.16662,1.1,0.4,9.8,0
2013-12-06,Kannauj,Uttar Pradesh,27.05524,79.9188,16.7,0.0,9.0,0
2022-08-08,Amravati,Maharashtra,20.93333,77.75,24.9,3.9,13.5,0
2000-10-07,Lucknow,Uttar Pradesh,26.83928,80.92313,28.6,0.0,6.1,0
1984-06-08,Nashik,Maharashtra,19.99727,73.79096,27.0,1.3,10.3,0
1968-03-10,Gangtok,Sikkim,27.32574,88.61216,10.5,0.4,5.4,0
2006-06-09,Banswara,Rajasthan,23.54109,74.4425,30.1,0.0,18.3,1
2004-08-08,Panchkula,Haryana,30.69461,76.8504,26.6,9.7,9.8,0
2002-03-08,Hamirpur,Himachal Pradesh,25.9553,80.14842,23.2,0.0,13.1,0
2019-09-06,Mumbai,Maharashtra,19.07283,72.88261,26.2,43.7,24.8,1
2014-03-03,Washim,Maharashtra,20.11128,77.133,20.9,1.1,13.3,0
2008-12-09,Beed,Maharashtra,18.98921,75.75634,21.5,0.0,9.0,0
1993-12-06,Surat,Gujarat,21.19594,72.83023,24.6,0.0,24.6,1
1986-01-08,Amravati,Maharashtra,20.93333,77.75,18.8,0.0,7.0,0
2017-07-11,Surguja,Chhattisgarh,22.41798,82.46992,25.0,1.8,11.7,0
2022-11-08,Chamba,Himachal Pradesh,32.55531,76.12647,15.0,0.1,10.4,1
2022-02-08,Kollam,Kerala,8.88113,76.58469,26.5,0.1,15.2,0
2023-01-09,Nagaon,Assam,26.35,92.66667,17.4,0.0,7.8,0
1979-12-05,Chennai,Tamil Nadu,13.08784,80.27847,25.8,0.0,16.6,0
1994-06-06,Nagpur,Maharashtra,21.14631,79.08491,35.4,0.1,12.2,0
1990-04-08,Hooghly,West Bengal,22.90877,88.39674,26.7,12.4,16.2,1
1999-02-09,Tamenglong,Manipur,25.0164,93.48545,16.5,0.0,7.0,1
2022-10-10,Washim,Maharashtra,20.11128,77.133,24.1,1.3,9.4,0
2016-01-06,Ahmedabad,Gujarat,23.02579,72.58727,22.6,0.0,7.1,0
1970-01-09,Darjeeling,West Bengal,27.03333,88.26667,4.9,0.7,5.5,0
1980-02-07,Chikkamagaluru,Karnataka,13.32231,75.774,23.2,0.0,13.2,1
2015-10-07,Ballari,Karnataka,15.14205,76.92398,26.1,0.0,9.1,1
2019-09-01,Gurdaspur,Punjab,32.03933,75.40318,27.7,3.4,9.9,0
2016-01-09,Hyderabad,Telangana,17.38405,78.45636,23.3,0.0,7.8,0
1995-06-08,Ajmer,Rajasthan,26.4521,74.63867,35.2,0.0,22.9,0
2022-11-10,Gonda,Uttar Pradesh,27.83126,77.87907,21.4,0.9,13.2,0
2023-07-04,Satara,Maharashtra,17.68589,73.99333,23.8,3.5,16.9,1
1995-06-05,Chittoor,Andhra Pradesh,13.21055,79.0956,31.6,0.7,15.0,0
1981-01-07,Darjeeling,West Bengal,27.03333,88.26667,3.1,6.2,4.4,1
1975-01-08,Krishna,Karnataka,17.60293,82.4215,20.3,0.0,12.6,1
2020-08-08,Thiruvananthapuram,Kerala,8.4855,76.94924,24.5,3.2,18.2,0
2017-07-01,Pali,Rajasthan,25.77276,73.32335,28.2,1.1,13.4,0
1997-04-08,Patiala,Punjab,30.33625,76.3922,22.2,0.7,16.6,1
2016-08-07,Chandrapur,Maharashtra,19.95076,79.29523,26.2,17.2,19.2,1
2022-12-07,Palghar,Maharashtra,19.69693,72.76543,26.5,0.0,17.5,1
2021-12-05,Thiruvananthapuram,Kerala,8.4855,76.94924,26.1,1.3,9.5,0
2021-06-09,Barpeta,Assam,26.32293,91.00632,26.9,8.1,11.1,1
1994-12-07,Balaghat,Madhya Pradesh,21.8156,80.18845,19.2,0.0,6.9,0
1997-05-07,Purulia,West Bengal,23.33062,86.36303,30.9,0.0,14.9,1
2021-11-07,Bageshwar,Uttarakhand,29.83738,79.77161,15.5,0.0,4.7,1
1992-03-09,Sitamarhi,Bihar,26.59357,85.4906,22.6,0.0,19.8,1
2023-03-07,Kottayam,Kerala,9.58692,76.52132,27.9,0.0,17.0,1
2023-07-04,Akola,Maharashtra,20.70957,76.9981,30.1,4.3,11.8,0
2003-01-10,Pune,Maharashtra,18.51957,73.85535,23.9,0.0,10.4,0
1995-06-08,Ajmer,Rajasthan,26.4521,74.63867,35.2,0.0,28.6,1
1983-08-08,Karimnagar,Andhra Pradesh,18.43915,79.12856,26.0,24.7,9.2,1
1998-07-10,Bathinda,Punjab,30.20747,74.93893,29.2,9.2,12.3,1
2023-06-03,Rajgarh,Madhya Pradesh,24.00826,76.7325,32.6,0.0,21.5,0
1978-01-08,Jabalpur,Madhya Pradesh,23.16697,79.95006,15.0,0.0,7.0,0
2016-11-07,Belagavi,Karnataka,15.85212,74.50447,22.4,0.0,8.5,0
2021-12-10,Ernakulam,Kerala,9.96714,76.29036,26.6,1.9,15.8,1
1995-07-10,Kozhikode,Kerala,11.24802,75.7804,24.6,52.3,16.3,1
2016-03-07,Chamoli,Uttarakhand,30.40271,79.33303,12.5,1.3,6.2,1
2021-06-11,Tiruvannamalai,Tamil Nadu,12.22662,79.07461,31.6,0.0,23.8,1
2007-09-07,Amravati,Maharashtra,20.93333,77.75,25.3,3.1,14.5,0
2020-08-09,Alappuzha,Kerala,9.49004,76.3264,24.3,17.5,9.7,0
2016-10-06,Idukki,Kerala,9.85,76.96667,22.1,0.0,13.0,1
2023-12-07,Rampur,Uttar Pradesh,28.81014,79.02699,18.7,0.0,12.4,1
2000-12-07,Satara,Maharashtra,17.68589,73.99333,20.6,0.0,12.8,0
1997-08-06,Gangtok,Sikkim,27.32574,88.61216,17.6,2.6,3.0,0
1993-12-06,Surat,Gujarat,21.19594,72.83023,24.6,0.0,19.7,0
2021-07-09,Beed,Maharashtra,18.98921,75.75634,26.1,3.3,10.2,0
1993-08-08,Cooch Behar,West Bengal,26.32539,89.44508,27.6,1.4,10.9,0
1991-04-09,Kheri,Uttar Pradesh,27.90354,80.79754,23.3,9.1,18.4,1
2015-02-11,Chitradurga,Karnataka,14.22262,76.40038,22.6,0.0,8.7,0
2023-07-04,Ahmednagar,Maharashtra,19.09457,74.73843,25.6,2.2,18.1,1
2021-03-10,Tumakuru,Karnataka,13.34136,77.1022,24.6,0.0,12.2,0
2014-01-08,Chikkamagaluru,Karnataka,13.32231,75.774,20.0,0.0,14.4,1
2014-12-07,Kannur,Kerala,11.86752,75.35763,25.5,0.0,8.7,0
2014-01-10,Tumakuru,Karnataka,13.34136,77.1022,22.1,0.0,12.0,1
1984-01-09,Jalandhar,Punjab,31.32556,75.57917,10.4,0.0,9.7,1
2013-07-09,Bongaigaon,Assam,26.47703,90.55815,25.7,18.0,5.5,0
1994-02-08,Sirsa,Haryana,29.53489,75.02898,14.2,0.7,14.0,1
1999-02-09,Kohima,Nagaland,25.67467,94.11099,14.8,0.0,6.0,0
1995-01-08,Mumbai,Maharashtra,19.07283,72.88261,21.6,1.2,12.2,0
1998-08-11,Farrukhabad,Uttar Pradesh,27.39134,79.5793,27.3,9.5,10.6,1
2016-12-07,Akola,Maharashtra,20.70957,76.9981,20.9,0.0,6.3,0
2023-10-09,Muzaffarnagar,Uttar Pradesh,29.47091,77.70332,27.0,0.0,13.0,1
1997-10-08,Darjeeling,West Bengal,27.03333,88.26667,13.9,0.9,4.0,0
2019-08-10,Alappuzha,Kerala,9.49004,76.3264,25.1,6.5,15.8,0
1995-01-09,Kolhapur,Maharashtra,16.69563,74.23167,19.1,0.0,7.6,1
2014-02-09,Kalaburagi,Karnataka,17.33583,76.83757,25.0,0.0,9.9,1
2016-11-07,Kolhapur,Maharashtra,16.69563,74.23167,24.3,0.0,13.4,1
2017-07-05,Araria,Bihar,26.14934,87.51323,26.6,1.2,17.6,0
2022-09-10,Ghaziabad,Uttar Pradesh,28.66535,77.43915,30.2,0.1,10.3,0
2021-01-09,Akola,Maharashtra,20.70957,76.9981,24.1,0.0,6.3,0
2003-01-09,Bhadrak,Odisha,21.05447,86.5156,17.1,0.0,15.8,1
2022-12-09,Belagavi,Karnataka,15.85212,74.50447,20.1,0.0,13.0,0
2013-02-08,Thiruvananthapuram,Kerala,8.4855,76.94924,25.8,5.4,15.2,1
2021-07-09,Washim,Maharashtra,20.11128,77.133,24.8,2.5,13.3,0
1983-05-08,Meerut,Uttar Pradesh,28.98002,77.70636,33.1,0.0,8.7,0
1997-04-10,Ajmer,Rajasthan,26.4521,74.63867,27.3,0.0,12.2,0
2015-03-05,Ernakulam,Kerala,9.96714,76.29036,28.3,0.1,7.0,0
2007-03-09,Barpeta,Assam,26.32293,91.00632,20.9,0.0,8.1,0
2010-08-12,Raipur,Chhattisgarh,21.23333,81.63333,27.5,1.6,6.6,0
1997-11-08,Howrah,West Bengal,22.57688,88.31857,25.9,0.0,7.3,1
1994-11-07,Amravati,Maharashtra,20.93333,77.75,24.4,0.1,8.6,0
1999-04-05,Chitradurga,Karnataka,14.22262,76.40038,28.1,0.0,12.0,1
2022-08-08,Etawah,Uttar Pradesh,26.77615,79.02133,29.2,4.9,12.3,1
2012-01-11,Chittoor,Andhra Pradesh,13.21055,79.0956,22.9,0.6,9.0,0
2008-05-08,Kangra,Himachal Pradesh,32.09135,76.26267,26.9,0.0,8.4,0
1993-12-09,Kolkata,West Bengal,22.56263,88.36304,21.1,0.0,9.9,1
1979-08-07,Ajmer,Rajasthan,26.4521,74.63867,26.5,7.1,13.5,1
2007-04-07,Baleshwar,Odisha,21.49266,86.93348,30.4,0.0,20.5,0
2014-12-07,Kannur,Kerala,11.86752,75.35763,25.5,0.0,10.9,1
2003-10-08,Dewas,Madhya Pradesh,22.96585,76.05526,24.8,0.0,16.4,0
2003-09-09,Murshidabad,West Bengal,24.1839,88.27171,27.3,10.4,14.1,1
2022-06-07,Thane,Maharashtra,19.19704,72.96355,30.3,0.5,12.3,0
2022-09-10,Warangal,Telangana,18.0,79.58333,25.3,7.2,8.7,0
2000-05-10,Hailakandi,Assam,24.68394,92.56097,27.9,1.9,7.7,1
1988-09-08,Ambala,Haryana,30.36099,76.79782,28.2,3.9,21.1,1
2023-07-04,Jalgaon,Maharashtra,21.00292,75.56602,29.3,7.2,18.7,1
2023-01-09,Dhubri,Assam,26.01856,89.98564,16.6,0.0,8.7,1
2005-09-07,Hyderabad,Andhra Pradesh,17.38405,78.45636,25.1,8.7,11.2,1
2001-11-08,Valsad,Gujarat,20.61013,72.93428,28.3,0.0,12.4,1
1998-05-07,Gorakhpur,Uttar Pradesh,26.76628,83.36889,31.9,0.2,17.4,0
2003-04-07,Dehradun,Uttarakhand,30.32443,78.03392,20.9,0.0,12.6,1
2008-09-08,Kolhapur,Maharashtra,16.69563,74.23167,23.6,1.4,10.0,0
1983-01-09,Jammu,Jammu and Kashmir,32.73528,74.86167,7.7,5.6,11.3,1
1982-08-09,Prayagraj,Uttar Pradesh,25.44478,81.84322,27.6,10.5,8.8,1
2019-09-05,Mumbai,Maharashtra,19.07283,72.88261,26.2,42.4,26.6,1
1992-05-08,Golaghat,Assam,26.51167,93.95951,22.5,14.3,7.9,1
2008-11-07,Thiruvananthapuram,Kerala,8.4855,76.94924,25.9,0.3,9.6,0
2014-03-03,Washim,Maharashtra,20.11128,77.133,20.9,5.6,16.6,1
2008-06-06,Gondia,Maharashtra,21.46026,80.19205,29.6,9.0,14.2,1
2004-03-08,Ambala,Haryana,30.36099,76.79782,22.6,0.0,19.0,0
2013-11-10,Jalgaon,Maharashtra,21.00292,75.56602,23.6,0.0,8.0,1
2019-08-05,Palghar,Maharashtra,19.69693,72.76543,25.9,15.7,19.3,0
2019-08-03,Mumbai,Maharashtra,19.07283,72.88261,25.7,18.4,27.0,0
1988-02-07,Ambala,Haryana,30.36099,76.79782,17.2,0.0,10.8,1
2022-01-08,Thiruvananthapuram,Kerala,8.4855,76.94924,26.7,2.9,10.8,1
1999-03-08,Amravati,Maharashtra,20.93333,77.75,29.3,0.0,8.1,0
1999-05-02,Kollam,Kerala,8.88113,76.58469,27.6,0.0,11.4,0
2023-01-09,Nagaon,Assam,26.35,92.66667,17.4,0.0,9.7,1
2022-09-08,Thane,Maharashtra,19.19704,72.96355,26.7,17.2,10.9,1
2007-09-09,Ballari,Karnataka,15.14205,76.92398,25.7,3.5,8.0,0
1987-10-05,Belagavi,Karnataka,15.85212,74.50447,22.7,2.9,16.1,1
2001-10-11,Thiruvananthapuram,Kerala,8.4855,76.94924,25.7,0.0,14.4,1
2011-05-07,Dhemaji,Assam,27.48333,94.58333,25.9,0.3,6.2,1
2022-09-10,Gorakhpur,Uttar Pradesh,26.76628,83.36889,28.8,0.8,15.4,0
2005-01-08,Aurangabad,Maharashtra,19.87757,75.34226,21.8,0.0,6.7,0
2013-11-07,Alappuzha,Kerala,9.49004,76.3264,26.4,0.3,5.3,0
2021-11-07,Bageshwar,Uttarakhand,29.83738,79.77161,15.5,0.0,3.8,0
1991-05-06,Kolkata,West Bengal,22.56263,88.36304,31.5,0.0,19.0,0
2019-07-12,Araria,Bihar,26.14934,87.51323,27.2,53.8,9.9,1
2000-08-06,Kinnaur,Himachal Pradesh,31.52105,78.3628,-3.5,1.1,7.2,1
2000-08-06,Parbhani,Maharashtra,19.26855,76.77081,27.9,0.0,8.9,1
1978-01-09,Bhind,Madhya Pradesh,26.56671,78.78728,14.1,0.0,10.8,1
2022-08-08,Nizamabad,Telangana,18.67154,78.0988,23.7,23.0,22.8,1
2022-08-07,Udaipur,Rajasthan,24.58584,73.71346,26.0,1.0,7.0,0
2013-12-07,Kohima,Nagaland,25.67467,94.11099,12.4,0.0,5.6,0
2021-06-11,Vellore,Tamil Nadu,12.9184,79.13255,30.6,0.0,22.7,1
2022-07-10,Vikarabad,Telangana,17.3381,77.90441,21.8,5.7,19.6,0
2022-06-07,Kullu,Himachal Pradesh,31.95835,77.10823,29.0,0.0,9.3,0
2005-06-07,Jalandhar,Punjab,31.32556,75.57917,31.7,0.1,11.2,1
1981-08-09,Gorakhpur,Uttar Pradesh,26.76628,83.36889,29.7,0.2,26.2,0
2011-05-09,Jaipur,Rajasthan,26.91962,75.78781,33.3,0.0,21.4,0
2016-09-08,Barmer,Rajasthan,25.74572,71.39211,27.1,0.0,21.9,1
2016-12-08,Gaya,Bihar,24.79686,85.00385,17.4,0.0,7.1,0
2000-09-05,Dhubri,Assam,26.01856,89.98564,27.2,2.5,14.8,1
2023-12-07,Mathura,Uttar Pradesh,27.5035,77.67215,18.1,0.0,7.5,0
1986-04-05,Kozhikode,Kerala,11.24802,75.7804,28.7,0.0,15.3,1
1982-01-08,Kozhikode,Kerala,11.24802,75.7804,25.6,0.0,7.4,0
1991-06-06,Aurangabad,Maharashtra,19.87757,75.34226,28.3,33.3,11.9,1
2022-10-08,Dungarpur,Rajasthan,23.84306,73.71466,24.0,7.2,10.3,0
2010-07-07,Chandrapur,Maharashtra,19.95076,79.29523,25.4,6.6,11.0,0
2023-09-07,Jaipur,Rajasthan,26.91962,75.78781,28.9,0.1,14.6,1
1998-11-11,Palakkad,Kerala,10.77319,76.65366,26.0,0.0,12.7,1
2005-08-07,Fatehabad,Haryana,29.51525,75.45554,30.1,0.1,19.8,1
2022-11-07,Warangal,Telangana,18.0,79.58333,25.1,0.0,7.8,0
1994-08-07,Amreli,Gujarat,21.59983,71.21169,26.4,0.3,16.2,0
2005-08-07,Bathinda,Punjab,30.20747,74.93893,29.8,3.2,14.9,1
2023-09-07,Kullu,Himachal Pradesh,31.95835,77.10823,24.2,0.0,5.7,0
1992-06-08,Kolkata,West Bengal,22.56263,88.36304,30.5,0.0,14.3,0
1988-08-07,Amreli,Gujarat,21.59983,71.21169,27.0,1.2,24.5,1
2015-01-09,Amritsar,Punjab,31.62234,74.87534,10.5,0.0,3.9,0
2016-08-07,Bhopal,Madhya Pradesh,23.25469,77.40289,22.7,48.5,18.3,1
2022-08-07,Hailakandi,Assam,24.68394,92.56097,29.3,16.0,13.5,1
2007-10-07,Ajmer,Rajasthan,26.4521,74.63867,27.9,0.0,11.6,1
1980-01-09,Darjeeling,West Bengal,27.03333,88.26667,4.9,0.1,5.8,0
1988-06-10,Akola,Maharashtra,20.70957,76.9981,36.0,0.0,14.9,1
1981-09-06,Kolkata,West Bengal,22.56263,88.36304,26.8,13.5,10.2,1
1981-01-07,Patna,Bihar,25.59408,85.13563,15.9,1.2,12.6,0
2008-10-08,Palakkad,Kerala,10.77319,76.65366,26.3,1.4,10.7,1
2001-04-08,Azamgarh,"Uttar Pradesh, Uttarakhand",26.06832,83.18358,30.9,0.0,18.8,1
2005-07-07,Kozhikode,Kerala,11.24802,75.7804,25.6,5.9,14.2,1
2010-07-09,Dhamtari,Chhattisgarh,20.70718,81.54874,25.8,0.4,15.9,0
1984-08-09,Cooch Behar,West Bengal,26.32539,89.44508,27.7,1.8,9.9,0
1998-12-01,Nashik,Maharashtra,19.99727,73.79096,21.2,0.0,10.3,0
1997-05-07,Sonitpur,Assam,26.78196,92.44907,23.9,12.6,6.6,1
2005-05-09,Bageshwar,Uttarakhand,29.83738,79.77161,21.5,0.3,10.5,1
2021-03-09,Goalpara,Assam,26.17668,90.62634,22.8,0.1,10.1,0
1982-03-06,Ratnagiri,Maharashtra,16.99154,73.31022,23.8,0.0,13.4,0
2021-03-10,Belagavi,Karnataka,15.85212,74.50447,24.9,0.0,11.5,0
2021-10-06,Gangtok,Sikkim,27.32574,88.61216,18.2,2.3,4.1,0
2022-11-09,Yavatmal,Maharashtra,20.39324,78.13201,23.0,0.0,12.2,1
2022-12-05,Hojai,Assam,26.00281,92.85605,20.5,0.0,6.3,0
2011-06-09,Bilaspur,Chhattisgarh,31.33027,76.75663,28.4,0.3,8.0,1
2023-10-08,Jorhat,Assam,26.75751,94.20306,25.5,20.0,10.9,1
1975-01-09,Kota,Rajasthan,25.18254,75.83907,16.5,0.3,12.5,1
2002-12-07,Kannur,Kerala,11.86752,75.35763,27.1,0.1,9.4,0
2016-01-08,Chamba,Himachal Pradesh,32.55531,76.12647,7.6,0.6,7.4,0
1971-01-08,Burhanpur,"Madhya Pradesh, Punjab, Haryana, West Bengal",21.30868,76.23026,19.8,0.0,7.2,0
2013-11-02,Jalgaon,Maharashtra,21.00292,75.56602,23.5,0.0,6.2,0
2002-01-11,Chennai,Tamil Nadu,13.08784,80.27847,24.0,0.0,22.2,1
1992-09-08,Dhemaji,Assam,27.48333,94.58333,27.7,0.5,4.3,0
2004-09-11,Chennai,Tamil Nadu,13.08784,80.27847,27.5,3.5,16.2,1
2022-11-07,Gadchiroli,Maharashtra,20.18061,80.00522,24.2,0.0,8.6,0
1980-01-08,Prayagraj,"Uttar Pradesh, Uttarakhand",25.44478,81.84322,14.3,0.0,8.8,0
1993-12-08,Nagpur,Maharashtra,21.14631,79.08491,22.2,0.0,8.5,0
1992-10-10,Alappuzha,Kerala,9.49004,76.3264,25.2,5.1,9.1,0
1990-02-06,Dhenkanal,Odisha,20.65744,85.59693,25.0,0.0,9.5,1
1978-03-08,Ferozepur,Punjab,30.92574,74.61311,16.3,0.0,8.2,0
2015-03-09,Mungeli,Chhattisgarh,22.06566,81.68543,25.3,0.0,9.0,0
2018-02-12,Nagpur,Maharashtra,21.14631,79.08491,21.0,1.6,13.7,0
1988-12-06,Hooghly,West Bengal,22.90877,88.39674,20.5,0.0,7.1,0
2013-01-08,Kodagu,Karnataka,13.2996,77.70028,22.4,0.0,9.3,0
2004-11-08,Bhilwara,Rajasthan,25.34707,74.64081,20.3,0.0,11.2,1
2023-01-09,Nalbari,Assam,26.43937,91.44041,18.1,0.0,7.1,0
1998-12-07,Ernakulam,Kerala,9.96714,76.29036,26.4,0.0,7.4,0
1983-09-09,Amroha,Uttar Pradesh,28.90314,78.46984,26.3,14.8,13.8,1
2015-04-05,Raichur,Karnataka,16.20546,77.35567,31.6,0.0,15.8,1
1984-01-08,Bankura,West Bengal,23.23241,87.0716,17.8,0.0,6.1,0
2022-03-08,Unnao,Uttar Pradesh,26.54706,80.48781,21.3,0.0,14.7,1
2004-04-07,Jaipur,Rajasthan,26.91962,75.78781,31.5,0.0,15.9,1
2022-09-10,Moradabad,Uttar Pradesh,28.83893,78.77684,29.0,0.2,11.4,0
1995-06-05,Chittoor,Andhra Pradesh,13.21055,79.0956,31.6,3.7,18.8,1
2022-09-08,Amravati,Maharashtra,20.93333,77.75,27.0,15.7,11.7,1
1986-02-08,Rajkot,Gujarat,22.29161,70.79322,21.1,0.0,7.8,0
2001-06-11,Mandya,Karnataka,12.5223,76.89746,22.9,3.3,17.0,0
1985-06-08,Ahmedabad,Gujarat,23.02579,72.58727,32.7,0.0,15.6,0
2021-01-08,Ashoknagar,Madhya Pradesh,24.57578,77.73123,19.5,0.9,17.4,1
2003-01-09,Bhadrak,Odisha,21.05447,86.5156,17.1,0.0,12.6,0
2022-09-07,Parbhani,Maharashtra,19.26855,76.77081,26.1,1.4,7.4,0
2022-01-08,Kannur,Kerala,11.86752,75.35763,26.7,0.0,17.1,1
2017-08-08,Baran,Rajasthan,25.1,76.51667,25.8,169.3,19.5,1
1999-09-10,Kannur,Kerala,11.86752,75.35763,25.2,0.4,9.0,0
1982-01-09,Malda,West Bengal,22.14416,78.29957,19.7,0.0,10.4,0
2006-04-07,Valsad,Gujarat,20.61013,72.93428,27.3,0.0,16.6,1
2022-09-10,Warangal,Telangana,18.0,79.58333,25.3,35.8,10.9,1
2020-07-01,Gurdaspur,Punjab,32.03933,75.40318,31.2,0.0,7.5,0
1981-01-06,Kozhikode,Kerala,11.24802,75.7804,26.1,0.0,12.0,1
2005-08-09,Aurangabad,Maharashtra,19.87757,75.34226,24.6,0.2,15.0,0
1979-08-08,Azamgarh,Uttar Pradesh,26.06832,83.18358,29.5,1.1,29.4,0
2015-08-12,Alappuzha,Kerala,9.49004,76.3264,25.7,7.3,15.9,1
1989-12-07,Kangra,Himachal Pradesh,32.09135,76.26267,13.8,0.0,8.6,1
1983-08-09,Bhind,Madhya Pradesh,26.56671,78.78728,30.3,0.0,8.2,0
2001-09-07,Kodagu,Karnataka,13.2996,77.70028,22.9,0.0,11.7,1
2021-01-08,Bhind,Madhya Pradesh,26.56671,78.78728,16.5,4.5,10.2,1
2005-08-09,Aurangabad,Maharashtra,19.87757,75.34226,24.6,1.1,18.7,1
2016-03-08,Ramgarh,Jharkhand,23.6303,85.52156,25.6,0.2,14.9,0
2011-12-09,Mandi,Himachal Pradesh,31.71194,76.93273,14.2,1.7,6.1,0
2017-09-05,Thiruvananthapuram,Kerala,8.4855,76.94924,25.1,1.6,15.7,0
1989-01-08,Kamjong,Manipur,24.85846,94.51549,9.0,0.0,6.8,1
1992-07-06,Nalbari,Assam,26.43937,91.44041,26.5,1.1,11.4,0
1988-03-07,Patiala,Punjab,30.33625,76.3922,20.4,0.7,29.9,1
2021-11-07,Ratnagiri,Maharashtra,16.99154,73.31022,26.1,0.2,13.1,0
2005-09-11,Chennai,Tamil Nadu,13.08784,80.27847,28.3,0.2,14.6,0
1998-01-09,Tinsukia,Assam,27.48905,95.35992,17.7,0.0,4.8,1
1994-12-09,Varanasi,Uttar Pradesh,25.31668,83.01041,20.7,0.0,12.2,0
1996-04-08,Damoh,Madhya Pradesh,23.83312,79.4419,29.6,0.0,11.7,0
2022-06-10,Gonda,Uttar Pradesh,27.83126,77.87907,36.9,0.0,15.8,0
1971-01-08,Amroha,"Uttar Pradesh, Bihar,  Assam",28.90314,78.46984,13.8,0.0,9.7,1
2004-11-08,Mumbai,Maharashtra,19.07283,72.88261,27.8,0.0,6.6,0
1991-09-06,Alappuzha,Kerala,9.49004,76.3264,26.2,0.4,11.4,0
2022-09-07,Nanded,Maharashtra,19.16023,77.31497,26.3,14.5,14.8,1
2000-07-07,Chhindwara,Madhya Pradesh,22.05697,78.93958,25.5,24.1,9.8,1
2020-09-01,Nagpur,Maharashtra,21.14631,79.08491,27.6,0.1,8.8,0
2018-08-03,Amethi,Uttar Pradesh,26.15696,81.80519,25.3,21.7,15.6,0
2021-01-08,Bhind,Madhya Pradesh,26.56671,78.78728,16.5,0.9,8.2,0
1980-08-07,Chandigarh,Chandigarh,30.73629,76.7884,25.4,10.5,9.3,1
1981-05-08,Bhopal,Madhya Pradesh,23.25469,77.40289,30.5,2.1,9.7,1
2023-03-07,Kottayam,Kerala,9.58692,76.52132,27.9,0.0,13.6,0
2022-10-07,Nagpur,Maharashtra,21.14631,79.08491,25.2,5.1,13.4,0
2001-03-10,Jalgaon,Maharashtra,21.00292,75.56602,26.1,0.1,10.4,0
2010-06-06,Darrang,Assam,26.63333,92.8,25.9,2.5,11.1,0
1997-04-10,Dharwad,Karnataka,15.46005,75.00778,25.3,0.0,14.5,0
2022-08-07,Medak,Telangana,18.04531,78.26078,24.6,18.5,18.8,1
2010-08-11,Thiruvananthapuram,Kerala,8.4855,76.94924,26.0,0.0,22.2,0
1980-08-07,Chamoli,"Uttar Pradesh, Uttarakhand",30.40271,79.33303,22.3,6.2,3.8,0
2022-05-07,Saharanpur,Uttar Pradesh,29.9679,77.54522,30.1,0.0,21.0,1
2003-02-10,Sangli,Maharashtra,16.85438,74.56417,25.4,0.0,12.4,0
1971-01-08,Amroha,"Uttar Pradesh, Bihar,  Assam",28.90314,78.46984,13.8,0.0,7.8,0
2022-05-07,Nagaon,Assam,26.35,92.66667,26.5,0.2,6.5,0
2022-04-09,Yavatmal,Maharashtra,20.39324,78.13201,34.2,0.0,21.6,1
2021-11-07,Nanded,Maharashtra,19.16023,77.31497,24.0,0.0,11.3,1
1994-01-07,Dhemaji,Assam,27.48333,94.58333,16.4,0.0,6.8,1
2022-09-08,Palghar,Maharashtra,19.69693,72.76543,26.6,16.7,11.6,1
2001-05-10,Bhojpur,"Bihar, Jharkhand",25.58409,84.12653,32.2,0.0,19.6,0
2022-02-07,Nagaon,Assam,26.35,92.66667,14.9,0.0,7.0,0
2013-05-07,Idukki,Kerala,9.85,76.96667,23.6,6.5,7.2,1
1991-05-06,Darjeeling,West Bengal,27.03333,88.26667,14.3,3.0,5.5,0
2005-01-09,Valsad,Gujarat,20.61013,72.93428,22.4,0.0,13.2,1
2008-07-08,Cuttack,Odisha,20.46497,85.87927,27.2,14.7,15.5,1
1985-12-05,Hassan,Karnataka,13.00715,76.0962,20.9,0.0,12.2,0
1986-01-11,Baleshwar,Odisha,21.49266,86.93348,19.9,0.0,8.2,0
1991-09-03,Kollam,Kerala,8.88113,76.58469,26.5,0.2,17.8,1
2004-07-08,Kangra,Himachal Pradesh,32.09135,76.26267,24.4,31.8,7.6,1
2022-01-07,Hardoi,Uttar Pradesh,27.39491,80.13165,15.8,0.0,8.6,0
1993-05-06,Barpeta,Assam,26.32293,91.00632,22.9,39.6,14.9,1
2023-05-07,Chikkamagaluru,Karnataka,13.32231,75.774,22.3,1.0,12.2,1
2023-01-09,Dhubri,Assam,26.01856,89.98564,16.6,0.0,7.0,0
2021-09-04,Gangtok,Sikkim,27.32574,88.61216,20.0,5.3,5.0,1
2016-03-07,Barpeta,Assam,26.32293,91.00632,23.7,0.4,12.2,0
2018-08-12,Budaun,Uttar Pradesh,28.03811,79.12668,27.8,20.4,8.5,1
2006-06-09,Banswara,Rajasthan,23.54109,74.4425,30.1,0.0,14.6,0
2011-04-09,Jorhat,Assam,26.75751,94.20306,23.2,0.2,14.1,1
1994-05-07,Bhilwara,Rajasthan,25.34707,74.64081,32.1,0.0,12.1,0
1983-01-07,Katihar,Bihar,25.53852,87.57044,16.2,0.0,7.0,0
2021-07-09,Gondia,Maharashtra,21.46026,80.19205,26.8,3.1,9.4,1
1996-02-10,Pune,Maharashtra,18.51957,73.85535,20.5,0.0,9.0,0
2022-11-10,Gonda,Uttar Pradesh,27.83126,77.87907,21.4,4.3,16.5,1
1993-11-10,Belagavi,Karnataka,15.85212,74.50447,20.2,1.0,23.8,0
2001-05-06,Ahmedabad,Gujarat,23.02579,72.58727,33.4,0.0,17.5,1
2023-01-09,Barpeta,Assam,26.32293,91.00632,16.7,0.0,8.1,1
1990-02-09,Kolkata,West Bengal,22.56263,88.36304,24.9,0.0,7.6,0
2012-03-09,Indore,Madhya Pradesh,22.71792,75.8333,20.3,0.0,12.8,1
2021-11-04,Thiruvananthapuram,Kerala,8.4855,76.94924,24.9,4.8,13.5,0
1987-08-04,Bilaspur,Himachal Pradesh,31.33027,76.75663,28.0,0.5,8.0,0
1997-06-12,Mumbai,Maharashtra,19.07283,72.88261,28.4,1.2,13.4,0
2022-08-08,Nizamabad,Telangana,18.67154,78.0988,23.7,4.6,18.2,0
2021-04-12,Washim,Maharashtra,20.11128,77.133,29.9,0.0,17.7,0
2007-01-09,Hyderabad,Andhra Pradesh,17.38405,78.45636,21.1,0.0,12.3,1
2022-08-07,Udaipur,Rajasthan,24.58584,73.71346,26.0,4.9,8.7,1
1993-08-07,Jhajjar,Haryana,28.6063,76.6565,27.9,1.4,11.9,0
2022-06-07,Shimla,Himachal Pradesh,31.10442,77.16662,22.9,0.0,15.3,0
1995-02-11,Nagapattinam,Tamil Nadu,10.76377,79.84313,25.2,0.0,17.1,1
2014-04-09,Amritsar,Punjab,31.62234,74.87534,21.5,0.0,13.0,1
2022-12-08,Ratnagiri,Maharashtra,16.99154,73.31022,26.8,0.0,18.3,1
1984-03-08,Indore,Madhya Pradesh,22.71792,75.8333,27.2,0.0,12.9,0
2005-11-12,Ramanathapuram,Tamil Nadu,9.37158,78.83077,25.5,2.5,12.0,0
1988-01-07,Adilabad,Andhra Pradesh,19.67203,78.5359,23.7,0.0,6.5,0
2022-01-10,Koppal,Karnataka,15.34522,76.15478,23.5,0.0,10.2,0
2022-06-09,Mysuru,Karnataka,12.29791,76.63925,24.6,0.8,22.7,1
2023-03-07,Kozhikode,Kerala,11.24802,75.7804,28.0,0.0,13.6,0
1981-04-07,Thane,Maharashtra,19.19704,72.96355,29.2,0.0,15.5,1
1981-05-08,Bhopal,Madhya Pradesh,23.25469,77.40289,30.5,0.4,7.8,0
1979-03-07,Nagpur,Maharashtra,21.14631,79.08491,26.8,0.0,10.5,1
1998-04-12,Cuddalore,Tamil Nadu,11.75617,79.76693,29.1,0.0,16.4,0
2023-07-04,Akola,Maharashtra,20.70957,76.9981,30.1,21.5,14.7,1
1998-08-06,Thane,Maharashtra,19.19704,72.96355,26.8,6.4,17.0,1
2014-05-08,Pune,Maharashtra,18.51957,73.85535,29.5,0.6,11.3,1
1996-02-07,Mumbai,Maharashtra,19.07283,72.88261,27.6,0.0,12.2,0
2022-08-08,Amravati,Maharashtra,20.93333,77.75,24.9,19.6,16.9,1
2023-09-07,Chamba,Himachal Pradesh,32.55531,76.12647,25.5,0.0,7.0,0
1997-02-08,Chamba,Himachal Pradesh,32.55531,76.12647,0.3,1.0,8.2,0
2016-03-08,Koraput,Odisha,18.81199,82.71048,23.9,0.0,8.0,0
2016-10-08,Bilaspur,Himachal Pradesh,31.33027,76.75663,23.8,0.0,9.3,1
2022-09-08,Chandrapur,Maharashtra,19.95076,79.29523,27.2,11.2,10.6,1
1992-02-08,Kollam,Kerala,8.88113,76.58469,26.3,0.0,14.6,0
2014-03-08,Hanumangarh,Rajasthan,29.58182,74.32938,19.5,0.0,9.6,1
1991-04-08,Hamirpur,Himachal Pradesh,25.9553,80.14842,28.0,0.0,7.0,0
2004-04-10,Alappuzha,Kerala,9.49004,76.3264,28.2,0.7,7.0,0
2005-07-07,Kullu,Himachal Pradesh,31.95835,77.10823,22.8,1.5,4.7,0
2023-10-09,Deoria,Uttar Pradesh,26.50167,83.77936,28.5,0.0,13.5,0
1990-01-07,Kangra,Himachal Pradesh,32.09135,76.26267,10.4,1.2,8.1,1
2022-11-07,Hyderabad,Telangana,17.38405,78.45636,23.2,0.0,10.2,1
1988-05-06,Malappuram,Kerala,11.04199,76.08154,28.0,3.3,12.4,1
2012-05-07,Dhemaji,Assam,27.48333,94.58333,26.1,0.0,4.3,0
1990-07-09,Jammu,Jammu and Kashmir,32.73528,74.86167,27.4,1.0,9.2,0
2013-09-06,Mumbai,Maharashtra,19.07283,72.88261,25.7,0.9,11.4,0
2021-12-07,Kangra,Himachal Pradesh,32.09135,76.26267,12.6,0.0,9.0,1
2008-01-12,Pune,Maharashtra,18.51957,73.85535,23.4,0.0,11.5,1
1990-12-11,Ganjam,Odisha,19.31151,84.7929,22.4,0.0,6.5,0
2022-05-10,Fatehpur,Uttar Pradesh,25.92774,80.81266,33.6,0.0,16.7,1
1983-01-08,Munger,Bihar,25.37459,86.47455,17.3,0.0,5.8,0
2006-01-07,Amravati,Maharashtra,20.93333,77.75,19.2,0.0,6.4,0
1976-08-08,Jammu,Jammu and Kashmir,32.73528,74.86167,25.1,3.0,7.2,0
1971-08-05,Thrissur,Kerala,10.51667,76.21667,25.9,0.2,11.6,0
2017-08-06,Idukki,Kerala,9.85,76.96667,21.8,3.3,10.2,0
1987-08-07,Adilabad,Andhra Pradesh,19.67203,78.5359,26.5,1.4,10.4,0
2015-08-06,Alappuzha,Kerala,9.49004,76.3264,25.8,5.2,14.6,1
1987-04-05,Aligarh,Uttar Pradesh,27.88145,78.07464,28.0,0.0,26.8,1
2021-09-10,Alappuzha,Kerala,9.49004,76.3264,26.1,3.1,18.6,1
2018-07-10,Amravati,Maharashtra,20.93333,77.75,25.0,5.8,17.9,0
2023-07-04,Yavatmal,Maharashtra,20.39324,78.13201,30.3,1.9,18.1,1
2022-12-10,Sitapur,Uttar Pradesh,27.56192,80.68265,16.8,0.0,8.1,0
2022-05-10,Fatehpur,Uttar Pradesh,25.92774,80.81266,33.6,0.0,13.4,0
2021-01-09,Aurangabad,Maharashtra,19.87757,75.34226,24.0,0.3,11.2,1
2022-05-10,Ayodhya,Uttar Pradesh,26.79909,82.2047,31.6,0.0,22.9,1
1985-11-08,Kangra,Himachal Pradesh,32.09135,76.26267,16.7,0.0,9.0,1
2007-01-09,Hyderabad,Andhra Pradesh,17.38405,78.45636,21.1,0.0,9.8,0
2023-03-07,Kannur,Kerala,11.86752,75.35763,26.9,0.0,17.3,1
1997-08-12,Ahmednagar,Maharashtra,19.09457,74.73843,24.2,1.1,30.2,1
2003-02-10,Sangli,Maharashtra,16.85438,74.56417,25.4,0.0,15.5,1
2008-05-08,Hoshiarpur,Punjab,31.53723,75.91269,31.7,0.0,11.3,0
2023-08-07,Yamunanagar,Haryana,30.12796,77.28371,28.5,7.2,20.2,1
2022-10-10,Darrang,Assam,26.63333,92.8,25.9,7.4,18.1,0
1981-01-07,Kohima,Nagaland,25.67467,94.11099,8.5,12.8,6.0,1
2022-02-08,Warangal,Telangana,18.0,79.58333,24.3,0.0,13.4,1
2022-06-07,Palghar,Maharashtra,19.69693,72.76543,29.7,2.9,15.9,1
2020-03-01,Ahmednagar,Maharashtra,19.09457,74.73843,24.7,0.1,20.2,1
1987-06-12,Pudukkottai,Tamil Nadu,10.38128,78.82141,30.8,2.7,22.0,1
1996-05-09,Ajmer,Rajasthan,26.4521,74.63867,32.2,0.0,28.8,1
2023-12-08,Darrang,Assam,26.63333,92.8,20.4,0.6,11.5,0
1984-08-07,Kolkata,West Bengal,22.56263,88.36304,27.1,3.2,11.0,0
1994-03-11,Chennai,Tamil Nadu,13.08784,80.27847,25.7,0.0,15.5,1
2023-12-07,Bijnor,Uttar Pradesh,29.373,78.13636,16.5,0.0,8.6,0
1980-12-11,Chengalpattu,Tamil Nadu,12.69184,79.97661,24.8,1.0,19.4,1
1994-01-08,Alappuzha,Kerala,9.49004,76.3264,26.7,1.5,6.1,1
1984-09-06,Pune,Maharashtra,18.51957,73.85535,22.7,2.0,22.3,1
1998-12-01,Nashik,Maharashtra,19.99727,73.79096,21.2,0.0,12.9,1
2021-05-06,Thiruvananthapuram,Kerala,8.4855,76.94924,27.7,0.6,10.6,0
1998-10-10,Kollam,Kerala,8.88113,76.58469,25.2,8.1,12.1,0
2016-03-07,Chatra,Jharkhand,24.20645,84.87085,24.6,0.4,9.8,0
2017-10-04,Krishnagiri,Tamil Nadu,12.51921,78.21382,25.5,5.1,10.4,1
2015-06-04,Alappuzha,Kerala,9.49004,76.3264,26.5,3.3,9.4,0
2016-10-06,Idukki,Kerala,9.85,76.96667,22.1,0.0,10.4,0
2015-06-09,Adilabad,Telangana,19.67203,78.5359,33.2,0.0,12.1,0
2018-07-11,Yavatmal,Maharashtra,20.39324,78.13201,25.0,5.6,27.0,1
2010-05-07,Mathura,Uttarakhand,27.5035,77.67215,30.8,0.7,19.4,0
2023-07-04,Satara,Maharashtra,17.68589,73.99333,23.8,0.7,13.5,0
1983-06-07,Jhansi,Uttar Pradesh,25.45887,78.57994,36.9,0.0,19.9,0
2001-01-07,Ajmer,Rajasthan,26.4521,74.63867,13.9,0.0,10.4,1
1983-09-10,Pune,Maharashtra,18.51957,73.85535,23.8,1.2,15.1,1
2018-04-11,Agra,Uttar Pradesh,27.18333,78.01667,27.9,1.1,18.3,1
1987-01-12,Thrissur,Kerala,10.51667,76.21667,28.6,0.0,13.3,0
2005-08-08,Barpeta,Assam,26.32293,91.00632,28.0,16.7,6.6,1
2023-08-07,Gurugram,Haryana,28.4601,77.02635,30.4,0.3,20.2,1
2007-09-07,Hoshiarpur,Punjab,31.53723,75.91269,26.7,1.1,7.5,0
2021-12-10,Thiruvananthapuram,Kerala,8.4855,76.94924,25.7,0.3,12.2,1
2017-08-09,Bhandara,Maharashtra,21.16817,79.64885,26.1,2.7,8.6,0
1981-01-07,Patna,Bihar,25.59408,85.13563,15.9,6.2,15.7,1
1996-11-07,Mumbai,Maharashtra,19.07283,72.88261,25.2,0.0,16.1,1
2022-11-09,Bhandara,Maharashtra,21.16817,79.64885,22.7,0.0,9.7,1
1968-01-10,Darjeeling,West Bengal,27.03333,88.26667,6.0,1.7,5.4,1
1979-08-10,Dewas,Madhya Pradesh,22.96585,76.05526,22.9,112.7,32.9,1
2022-06-07,Shimla,Himachal Pradesh,31.10442,77.16662,22.9,0.0,19.1,1
1992-09-08,Kota,Rajasthan,25.18254,75.83907,25.3,13.1,24.2,1
1970-01-09,Darjeeling,West Bengal,27.03333,88.26667,4.9,3.5,6.9,1
2012-11-11,Thiruvananthapuram,Kerala,8.4855,76.94924,25.6,2.5,8.0,1
2004-03-08,Ambala,Haryana,30.36099,76.79782,22.6,0.0,23.8,1
2018-07-07,Nagpur,Maharashtra,21.14631,79.08491,27.0,5.4,9.2,0
1984-03-08,Nagpur,Maharashtra,21.14631,79.08491,28.3,0.0,8.9,1
2007-04-07,Bokaro,Jharkhand,23.66934,86.15161,30.2,0.0,18.5,1
2021-01-08,Rewa,Madhya Pradesh,24.53256,81.29234,19.7,0.0,7.5,0
1984-11-07,Deoria,Uttar Pradesh,26.50167,83.77936,22.1,0.0,9.0,1
2012-09-04,Warangal,Andhra Pradesh,18.0,79.58333,24.4,5.3,13.5,0
2004-04-07,Jaipur,Rajasthan,26.91962,75.78781,31.5,0.0,12.7,0
2010-10-05,Dhemaji,Assam,27.48333,94.58333,26.9,0.4,9.0,1
2022-06-09,Mysuru,Karnataka,12.29791,76.63925,24.6,0.2,18.2,0
1997-08-12,Ahmednagar,Maharashtra,19.09457,74.73843,24.2,0.2,24.2,0
1984-11-07,Deoria,Uttar Pradesh,26.50167,83.77936,22.1,0.0,7.2,0
2009-05-09,Bankura,West Bengal,23.23241,87.0716,34.7,0.0,16.4,0
1991-04-08,Patiala,Punjab,30.33625,76.3922,22.5,5.0,9.7,0
2019-04-01,Kodagu,Karnataka,13.2996,77.70028,28.3,0.0,9.0,0
2019-10-09,Pune,Maharashtra,18.51957,73.85535,23.7,7.0,11.9,1
2021-03-08,Solan,Himachal Pradesh,30.90908,77.10869,12.4,17.8,17.4,1
2013-12-07,Adilabad,Andhra Pradesh,19.67203,78.5359,20.2,0.0,8.5,0
2018-06-11,Nagpur,Maharashtra,21.14631,79.08491,28.7,2.1,13.9,0
1991-02-08,Jind,Haryana,29.31577,76.31502,18.6,0.0,10.4,0
1979-08-10,Dewas,Madhya Pradesh,22.96585,76.05526,22.9,22.5,26.3,0
2022-06-10,Yavatmal,Maharashtra,20.39324,78.13201,31.8,0.3,17.3,0
2023-10-08,Golaghat,Assam,26.51167,93.95951,25.5,16.1,8.9,1
2021-01-08,Banda,Uttar Pradesh,25.47758,80.33491,18.8,0.0,7.9,0
1985-06-08,Una,Himachal Pradesh,31.46493,76.26914,27.0,2.8,10.9,0
2022-03-04,Cooch Behar,West Bengal,26.32539,89.44508,21.4,0.0,9.2,1
2022-11-08,Kullu,Himachal Pradesh,31.95835,77.10823,15.7,0.0,10.2,1
2014-10-04,Alappuzha,Kerala,9.49004,76.3264,25.3,21.8,7.9,1
1990-01-10,Barpeta,Assam,26.32293,91.00632,17.1,0.0,5.5,0
2019-10-02,Lucknow,Uttar Pradesh,26.83928,80.92313,25.1,6.8,11.9,1
1994-05-08,Bilaspur,Madhya Pradesh,31.33027,76.75663,28.7,0.0,8.4,0
2010-05-08,Gadchiroli,Maharashtra,20.18061,80.00522,35.8,0.0,14.6,0
2020-03-01,Ahmednagar,Maharashtra,19.09457,74.73843,24.7,0.0,16.2,0
1998-01-08,Barpeta,Assam,26.32293,91.00632,16.6,0.0,4.6,0
1995-09-11,Kolkata,West Bengal,22.56263,88.36304,27.6,4.8,10.9,1
2000-04-06,Nashik,Maharashtra,19.99727,73.79096,28.9,0.0,12.0,0
2019-10-01,Ranchi,Jharkhand,23.34316,85.3094,23.4,0.8,20.1,1
1980-08-07,Alwar,Rajasthan,27.56246,76.625,26.4,4.9,15.5,1
2005-04-05,Kolkata,West Bengal,22.56263,88.36304,27.8,0.0,9.0,0
1989-02-08,Baleshwar,Odisha,21.49266,86.93348,23.1,0.0,12.2,0
2010-07-07,Ambala,Haryana,30.36099,76.79782,28.2,28.1,15.4,1
2004-03-08,Patiala,Punjab,30.33625,76.3922,21.6,0.0,17.4,0
1984-12-09,Mumbai,Maharashtra,19.07283,72.88261,25.4,0.0,13.7,1
1979-11-08,Bharuch,Gujarat,21.69482,72.9805,27.6,0.0,10.2,1
2014-08-03,Coimbatore,Tamil Nadu,11.00555,76.96612,24.2,0.0,18.5,0
2023-05-07,Ferozepur,Punjab,30.92574,74.61311,27.3,0.0,20.6,1
1989-01-08,Murshidabad,West Bengal,24.1839,88.27171,20.0,0.0,9.2,0
1994-12-07,Balaghat,Madhya Pradesh,21.8156,80.18845,19.2,0.0,8.6,1
1978-01-08,West Godavari,Andhra Pradesh,16.71311,81.10437,22.8,0.1,12.6,0
1981-10-09,Kolar,Karnataka,13.13768,78.12999,22.3,0.4,9.7,1
1998-11-06,Jalpaiguri,West Bengal,26.51667,88.73333,22.3,0.0,7.8,0
2013-12-07,Adilabad,Andhra Pradesh,19.67203,78.5359,20.2,0.0,10.6,1
1984-10-08,Kargil,Jammu and Kashmir,34.55765,76.12622,5.6,0.0,3.1,0
2022-03-04,Jalpaiguri,West Bengal,26.51667,88.73333,20.6,0.0,10.8,1
2011-09-07,Chamba,Himachal Pradesh,32.55531,76.12647,23.9,2.3,5.5,0
1998-07-07,Darjeeling,West Bengal,27.03333,88.26667,16.4,5.0,4.6,0
2023-05-07,Patiala,Punjab,30.33625,76.3922,26.8,0.0,20.3,1
1993-09-07,Jammu,Jammu and Kashmir,32.73528,74.86167,25.9,0.5,6.6,1
2021-09-06,Beed,Maharashtra,18.98921,75.75634,24.2,12.4,14.7,1
2003-07-07,Darjeeling,West Bengal,27.03333,88.26667,15.9,7.4,5.3,0
1981-01-06,Kozhikode,Kerala,11.24802,75.7804,26.1,0.0,9.6,0
1979-03-07,Nagpur,Maharashtra,21.14631,79.08491,26.8,0.0,8.4,0
2023-07-08,Dibrugarh,Assam,27.47989,94.90837,27.3,5.5,7.1,0
2018-09-01,Auraiya,Uttar Pradesh,26.46517,79.50918,26.9,3.8,7.0,0
2012-01-11,Chennai,Tamil Nadu,13.08784,80.27847,24.5,0.2,10.7,0
2022-09-09,Kalaburagi,Karnataka,17.33583,76.83757,24.7,18.5,10.1,1
2022-09-07,Gadchiroli,Maharashtra,20.18061,80.00522,27.6,3.1,7.0,0
1971-01-06,Amroha,"Uttar Pradesh , Assam , Bihar , West Bengal, Kerala",28.90314,78.46984,13.9,0.0,11.5,0
2004-01-08,Valsad,Gujarat,20.61013,72.93428,24.9,0.0,16.0,1
2021-07-01,Nashik,Maharashtra,19.99727,73.79096,25.2,0.1,23.4,1
2006-10-08,Ujjain,"Madhya Pradesh,  Chhattisgarh",23.18239,75.77643,24.9,0.0,9.7,1
2006-01-07,Amravati,Maharashtra,20.93333,77.75,19.2,0.0,8.0,1
2003-02-09,Lakhimpur,Assam,27.23517,94.10357,16.4,3.5,7.5,1
2015-02-11,Chitradurga,Karnataka,14.22262,76.40038,22.6,0.0,10.9,1
2015-11-04,Ernakulam,Kerala,9.96714,76.29036,26.4,1.4,3.8,0
1998-12-09,Kurukshetra,Haryana,29.9657,76.837,15.8,0.0,13.7,0
2022-01-11,Hyderabad,Telangana,17.38405,78.45636,20.8,1.0,12.2,0
1989-02-08,Baleshwar,Odisha,21.49266,86.93348,23.1,0.0,15.3,1
2015-05-09,Pathanamthitta,Kerala,9.26667,76.78333,25.9,2.3,7.4,0
1975-01-08,Nanded,Maharashtra,19.16023,77.31497,20.6,0.0,10.5,1
1992-06-08,Kolkata,West Bengal,22.56263,88.36304,30.5,0.0,17.9,1
1994-11-08,Kullu,Himachal Pradesh,31.95835,77.10823,13.6,0.0,7.2,1
1998-09-06,Thane,Maharashtra,19.19704,72.96355,26.7,15.8,11.0,1
1978-01-02,Nagpur,Maharashtra,21.14631,79.08491,18.7,0.0,10.5,1
1996-12-08,Idukki,Kerala,9.85,76.96667,21.1,21.6,4.6,1
1986-10-07,Etah,Uttar Pradesh,27.55879,78.65692,26.5,0.6,7.7,1
2017-09-12,Jodhpur,Rajasthan,26.26841,73.00594,30.1,0.1,13.0,0
2017-05-10,Kodagu,Karnataka,13.2996,77.70028,26.5,0.7,7.5,0
2013-11-06,Thiruvananthapuram,Kerala,8.4855,76.94924,26.2,2.3,11.3,1
1994-08-08,Bhagalpur,Bihar,25.24446,86.97183,28.4,1.7,8.2,0
1995-03-08,Chandigarh,Punjab,30.73629,76.7884,15.2,0.0,8.4,1
2023-07-04,Kolhapur,Maharashtra,16.69563,74.23167,24.3,12.8,25.2,1
2013-04-08,Alappuzha,Kerala,9.49004,76.3264,30.6,0.0,12.7,1
2007-09-08,Indore,Madhya Pradesh,22.71792,75.8333,24.8,0.4,12.1,0
2007-09-09,Barpeta,Assam,26.32293,91.00632,26.1,13.4,12.8,1
1988-09-07,Akola,Maharashtra,20.70957,76.9981,26.5,1.5,16.3,1
1978-08-09,Khagaria,Bihar,25.5022,86.46708,29.2,13.2,14.9,1
1994-03-09,Mumbai,Maharashtra,19.07283,72.88261,28.1,0.0,14.3,0
1980-04-08,Thane,Maharashtra,19.19704,72.96355,29.1,0.0,17.5,1
2008-01-08,Palamu,Jharkhand,23.82945,85.96086,16.8,0.0,7.8,0
2007-09-07,Amravati,Maharashtra,20.93333,77.75,25.3,15.4,18.1,1
1993-10-06,Amravati,Maharashtra,20.93333,77.75,26.7,0.0,10.4,0
2022-05-07,Saharanpur,Uttar Pradesh,29.9679,77.54522,30.1,0.0,16.8,0
2009-07-11,Idukki,Kerala,9.85,76.96667,21.6,5.0,17.5,1
2011-05-07,Dhemaji,Assam,27.48333,94.58333,25.9,0.1,5.0,0
1996-03-08,Hamirpur,Himachal Pradesh,25.9553,80.14842,24.4,0.0,10.4,0
2017-08-04,Pathanamthitta,Kerala,9.26667,76.78333,24.3,1.6,13.0,0
1994-01-07,Dhemaji,Assam,27.48333,94.58333,16.4,0.0,5.4,0
2022-09-07,Sindhudurg,Maharashtra,15.99894,73.5347,25.4,27.9,16.4,1
2022-12-07,Junagadh,Gujarat,21.51966,70.45981,24.1,0.0,12.5,1
2008-05-08,Kangra,Himachal Pradesh,32.09135,76.26267,26.9,0.0,10.5,1
2022-11-10,Ayodhya,Uttar Pradesh,26.79909,82.2047,22.9,0.0,15.5,1
1996-12-08,Idukki,Kerala,9.85,76.96667,21.1,4.3,3.7,0
2012-01-08,Amreli,Gujarat,21.59983,71.21169,18.4,0.0,9.5,0
1998-12-09,Jharsuguda,Odisha,21.85531,84.00698,18.8,0.0,6.8,0
1994-07-08,Kullu,Himachal Pradesh,31.95835,77.10823,23.0,26.9,4.4,1
2021-12-07,Ahmednagar,Maharashtra,19.09457,74.73843,21.2,0.0,9.7,0
2013-12-03,Kannur,Kerala,11.86752,75.35763,26.5,0.2,7.1,0
2021-11-05,Kolkata,West Bengal,22.56263,88.36304,23.0,0.0,8.8,0
2017-08-09,Bhandara,Maharashtra,21.16817,79.64885,26.1,13.3,10.7,1
2007-10-02,Ambala,Haryana,30.36099,76.79782,26.9,0.0,8.7,0
1984-08-09,Basti,Uttar Pradesh,26.78817,82.71617,28.4,2.0,17.9,0
1995-12-08,Ferozepur,Punjab,30.92574,74.61311,13.2,1.5,10.5,1
2019-08-10,Ahmedabad,Gujarat,23.02579,72.58727,26.0,114.8,38.6,1
2008-01-09,Malappuram,Kerala,11.04199,76.08154,26.3,0.0,10.4,0
2004-05-08,Chhindwara,Madhya Pradesh,22.05697,78.93958,31.9,0.0,10.5,0
2023-02-09,Goalpara,Assam,26.17668,90.62634,19.0,0.0,14.2,0
1978-03-08,Ferozepur,Punjab,30.92574,74.61311,16.3,0.0,10.2,1
2022-08-08,Chamba,Himachal Pradesh,32.55531,76.12647,25.8,3.2,5.4,0
1997-08-08,Malappuram,Kerala,11.04199,76.08154,23.6,26.6,9.1,1
1980-08-08,Begusarai,Bihar,25.41853,86.13389,27.0,3.4,10.5,1
1997-02-08,Chamba,Himachal Pradesh,32.55531,76.12647,0.3,4.9,10.3,1
2023-12-08,Golaghat,Assam,26.51167,93.95951,18.9,1.7,5.4,0
2022-08-07,Jhalawar,Rajasthan,24.59633,76.16499,27.2,4.1,10.6,1
1975-01-09,Kota,Rajasthan,25.18254,75.83907,16.5,0.1,10.0,0
1986-01-08,Bilaspur,Himachal Pradesh,31.33027,76.75663,11.4,0.0,7.2,1
2022-04-07,Nagaon,Assam,26.35,92.66667,23.6,0.0,16.1,1
1978-08-09,Khagaria,Bihar,25.5022,86.46708,29.2,2.6,11.9,0
1989-11-06,Kasaragod,Kerala,12.49838,74.98959,26.2,4.6,10.5,1
2003-07-07,Mumbai,Maharashtra,19.07283,72.88261,25.9,52.6,26.5,1
2022-05-08,Fatehpur,Uttar Pradesh,25.92774,80.81266,33.1,0.1,23.9,1
2023-12-08,Golaghat,Assam,26.51167,93.95951,18.9,8.3,6.7,1
1982-06-05,Ahmedabad,Gujarat,23.02579,72.58727,33.8,0.0,11.6,0
2005-12-07,Bharatpur,Rajasthan,27.21731,77.49009,16.7,0.0,5.9,0
2021-03-06,Kolhapur,Maharashtra,16.69563,74.23167,26.3,0.0,15.4,0
1999-05-08,Ajmer,Rajasthan,26.4521,74.63867,32.5,0.4,23.7,1
1993-01-08,Begusarai,Bihar,25.41853,86.13389,17.0,1.0,14.4,0
2004-07-07,Thiruvananthapuram,Kerala,8.4855,76.94924,24.7,1.6,15.6,0
1978-08-08,Dhubri,Assam,26.01856,89.98564,29.6,0.8,6.0,1
2022-02-07,Karimganj,Assam,24.86919,92.35543,15.2,0.0,8.6,0
1983-04-07,Gurdaspur,Punjab,32.03933,75.40318,19.7,15.2,12.7,1
2018-09-02,Firozabad,Uttar Pradesh,27.15092,78.39781,26.9,11.9,7.3,1
2023-10-09,Budaun,Uttar Pradesh,28.03811,79.12668,28.7,0.0,16.8,1
2022-08-07,Jhalawar,Rajasthan,24.59633,76.16499,27.2,0.8,8.5,0
1979-08-07,Jammu,Jammu and Kashmir,32.73528,74.86167,29.9,0.0,10.6,1
2016-07-06,Idukki,Kerala,9.85,76.96667,21.5,5.6,9.5,0
2022-11-09,Nashik,Maharashtra,19.99727,73.79096,21.9,0.0,11.3,1
2006-04-07,Valsad,Gujarat,20.61013,72.93428,27.3,0.0,13.3,0
2007-06-08,Kinnaur,Himachal Pradesh,31.52105,78.3628,-4.8,0.1,5.6,0
2023-10-09,Mirzapur,Uttar Pradesh,25.1449,82.56534,29.0,0.0,11.3,0
1981-10-06,Thane,Maharashtra,19.19704,72.96355,25.9,2.0,12.1,1
2022-11-10,Shajapur,Madhya Pradesh,23.42637,76.27775,24.2,0.0,7.5,0
2000-04-06,Nashik,Maharashtra,19.99727,73.79096,28.9,0.0,15.0,1
1981-08-07,Chhindwara,Madhya Pradesh,22.05697,78.93958,23.0,0.5,14.6,0
2023-02-07,Umaria,Madhya Pradesh,23.52473,80.83716,20.8,0.0,12.2,0
2023-09-07,Sawai Madhopur,Rajasthan,26.02301,76.34408,28.7,0.1,15.9,0
1999-01-07,Aizawl,Mizoram,23.72894,92.71791,12.9,0.0,5.0,1
1994-06-06,Pune,Maharashtra,18.51957,73.85535,25.0,8.8,26.5,1
2006-12-08,Shimla,Himachal Pradesh,31.10442,77.16662,3.8,0.6,7.7,1
1984-12-09,Mumbai,Maharashtra,19.07283,72.88261,25.4,0.0,11.0,0
1983-08-09,Katihar,Bihar,25.53852,87.57044,28.7,1.3,11.3,0
1982-01-09,Malda,West Bengal,22.14416,78.29957,19.7,0.0,13.0,1
1984-08-07,Kolkata,West Bengal,22.56263,88.36304,27.1,16.2,13.8,1
2015-07-04,Ballari,Karnataka,15.14205,76.92398,28.1,0.0,23.7,1
2023-04-07,Munger,Bihar,25.37459,86.47455,28.8,0.0,28.0,1
1991-05-06,Kolkata,West Bengal,22.56263,88.36304,31.5,0.0,23.8,1
2022-08-03,Jalgaon,Maharashtra,21.00292,75.56602,27.7,0.9,11.0,0
2023-10-08,Golaghat,Assam,26.51167,93.95951,25.5,3.2,7.1,0
2016-01-08,Barpeta,Assam,26.32293,91.00632,17.3,4.8,7.9,1
2008-05-10,Nashik,Maharashtra,19.99727,73.79096,26.6,0.0,14.6,0
2000-08-06,Alappuzha,Kerala,9.49004,76.3264,25.3,4.4,11.6,0
2015-04-04,Jammu,Jammu and Kashmir,32.73528,74.86167,17.9,0.5,8.2,1
2023-01-09,Golaghat,Assam,26.51167,93.95951,16.3,0.0,5.7,0
1993-05-08,Kolhapur,Maharashtra,16.69563,74.23167,28.2,0.0,12.6,0
1999-08-08,Malda,West Bengal,22.14416,78.29957,23.3,61.3,16.9,1
2023-01-09,Biswanath,Assam,26.72577,93.14659,15.9,0.0,9.2,0
1991-08-05,Kolasib,Mizoram,24.22388,92.67869,22.6,16.4,5.5,1
2010-07-07,Ludhiana,Punjab,30.91204,75.85379,27.0,4.0,9.5,0
1995-09-09,Bhiwani,Haryana,28.79304,76.13968,27.1,0.0,10.6,1
2012-07-08,Bhopal,Madhya Pradesh,23.25469,77.40289,24.5,2.8,15.0,0
2009-03-07,Amravati,Maharashtra,20.93333,77.75,29.5,0.0,10.9,0
2016-09-10,Chatra,Jharkhand,24.20645,84.87085,25.5,1.7,8.4,0
2000-08-06,Kinnaur,Himachal Pradesh,31.52105,78.3628,-3.5,0.2,5.8,0
2022-06-08,Farrukhabad,Uttar Pradesh,27.39134,79.5793,35.7,0.0,18.6,0
2022-11-09,Medak,Telangana,18.04531,78.26078,22.7,0.0,8.7,0
1990-03-11,Thiruvananthapuram,Kerala,8.4855,76.94924,27.4,0.0,10.4,0
2022-04-08,Amravati,Maharashtra,20.93333,77.75,34.0,0.0,13.0,1
1999-03-07,Kolkata,West Bengal,22.56263,88.36304,27.5,0.0,13.5,1
2022-11-09,Belagavi,Karnataka,15.85212,74.50447,22.1,0.0,11.7,0
1990-03-10,Kalahandi,Odisha,20.13661,85.0799,24.3,2.2,11.9,1
1984-08-08,Baleshwar,Odisha,21.49266,86.93348,26.8,7.4,15.0,1
2007-06-09,Kangra,Himachal Pradesh,32.09135,76.26267,32.3,0.0,11.0,0
2023-07-08,Golaghat,Assam,26.51167,93.95951,28.3,14.1,8.4,1
1985-11-06,Mumbai,Maharashtra,19.07283,72.88261,26.0,0.0,13.8,1
2000-12-06,Bongaigaon,Assam,26.47703,90.55815,17.3,0.0,7.7,1
2022-08-01,Hingoli,Maharashtra,19.71464,77.14238,26.8,0.0,9.8,0
1991-01-09,Alwar,Rajasthan,27.56246,76.625,13.2,0.0,9.6,1
1997-03-11,Alappuzha,Kerala,9.49004,76.3264,28.5,0.5,16.3,1
1984-09-07,Darjeeling,West Bengal,27.03333,88.26667,15.4,19.3,5.6,1
2022-04-05,Dharwad,Karnataka,15.46005,75.00778,27.5,0.1,18.2,0
2020-05-10,Bhandara,Maharashtra,21.16817,79.64885,31.6,0.8,18.5,1
2002-12-10,Kasaragod,Kerala,12.49838,74.98959,27.3,0.0,10.6,0
2021-09-04,Gangtok,Sikkim,27.32574,88.61216,20.0,1.1,4.0,0
2023-09-07,Sawai Madhopur,Rajasthan,26.02301,76.34408,28.7,0.5,19.9,1
1994-08-07,Chandigarh,Punjab,30.73629,76.7884,26.9,0.9,5.4,0
2021-05-09,Barpeta,Assam,26.32293,91.00632,25.3,1.5,9.0,0
1984-03-06,Kolkata,West Bengal,22.56263,88.36304,24.8,0.0,8.4,0
1991-08-09,Kolkata,West Bengal,22.56263,88.36304,28.1,6.6,11.2,1
2018-08-05,Bara Banki,Uttar Pradesh,26.92384,81.17927,26.8,9.0,10.5,1
1998-02-10,Mandi,Himachal Pradesh,31.71194,76.93273,11.7,0.0,7.8,1
2005-04-07,Bhopal,Madhya Pradesh,23.25469,77.40289,31.5,0.0,12.6,0
1996-01-08,Adilabad,Andhra Pradesh,19.67203,78.5359,23.5,0.0,7.4,0
2023-01-07,Indore,Madhya Pradesh,22.71792,75.8333,16.7,0.0,9.9,1
2022-08-07,Nalgonda,Telangana,17.05439,79.26707,26.1,19.7,17.8,1
2022-02-08,Thrissur,Kerala,10.51667,76.21667,27.3,0.0,14.7,0
2014-08-03,Belagavi,Karnataka,15.85212,74.50447,21.9,2.4,21.8,0
2023-03-07,Pathanamthitta,Kerala,9.26667,76.78333,28.6,0.0,16.3,0
2010-08-12,Raipur,Chhattisgarh,21.23333,81.63333,27.5,7.9,8.3,1
1979-03-08,Barmer,Rajasthan,25.74572,71.39211,12.6,0.0,26.5,1
2006-08-11,Thiruvananthapuram,Kerala,8.4855,76.94924,24.6,2.5,15.3,0
2022-01-07,Visakhapatnam,Andhra Pradesh,17.68009,83.20161,22.6,0.0,11.0,0
1995-08-08,Ferozepur,Punjab,30.92574,74.61311,27.1,1.5,10.3,0
1997-10-08,Pune,Maharashtra,18.51957,73.85535,25.1,0.0,11.4,0
2018-08-01,Kiphire,Nagaland,25.86785,94.78572,22.3,42.6,3.6,1
1984-03-07,Mumbai,Maharashtra,19.07283,72.88261,26.3,0.0,12.6,0
2022-04-05,Mangan,Sikkim,27.50965,88.52206,20.5,83.5,5.8,1
2021-07-09,Beed,Maharashtra,18.98921,75.75634,26.1,16.7,12.8,1
2022-12-07,Thane,Maharashtra,19.19704,72.96355,27.2,0.0,13.7,0
2023-01-09,Dhemaji,Assam,27.48333,94.58333,16.4,0.0,8.9,1
1993-07-10,Hyderabad,Andhra Pradesh,17.38405,78.45636,26.8,1.1,30.8,1
1994-08-08,Bhagalpur,Bihar,25.24446,86.97183,28.4,8.5,10.2,1
2008-02-09,Dharashiv,Maharashtra,18.18158,76.03889,21.3,0.0,15.0,0
1990-01-08,Jalpaiguri,West Bengal,26.51667,88.73333,17.4,0.0,5.5,1
1990-10-10,Ahmednagar,Maharashtra,19.09457,74.73843,23.4,4.0,15.3,1
1983-08-08,Adilabad,Andhra Pradesh,19.67203,78.5359,26.3,3.1,8.2,0
2019-08-01,Vadodara,Gujarat,22.29941,73.20812,25.9,8.2,17.2,0
1994-01-07,Bundi,Rajasthan,25.43855,75.63735,20.8,0.0,7.5,0
2021-11-10,Kannur,Kerala,11.86752,75.35763,25.9,0.1,10.0,1
2000-12-07,Thane,Maharashtra,19.19704,72.96355,24.0,0.0,9.9,0
1997-08-12,Kolhapur,Maharashtra,16.69563,74.23167,23.3,2.9,21.6,1
1991-07-09,Jaunpur,Uttar Pradesh,25.75356,82.68689,29.9,0.6,13.5,0
2023-06-03,Shajapur,Madhya Pradesh,23.42637,76.27775,32.7,0.0,13.0,0
2012-07-04,Kollam,Kerala,8.88113,76.58469,25.8,4.0,18.5,1
1978-08-08,Prayagraj,Uttar Pradesh,25.44478,81.84322,27.4,4.8,8.4,1
1981-10-06,Thane,Maharashtra,19.19704,72.96355,25.9,0.4,9.7,0
2001-01-10,Darjeeling,West Bengal,27.03333,88.26667,3.3,2.7,5.4,1
2021-08-11,Kurnool,Andhra Pradesh,15.82887,78.03602,29.1,0.3,12.7,0
2022-09-07,Khammam,Telangana,17.24767,80.14368,26.5,5.5,9.4,0
2013-06-07,Kangra,Himachal Pradesh,32.09135,76.26267,29.5,0.0,7.6,1
1984-12-08,Dewas,Madhya Pradesh,22.96585,76.05526,20.4,0.0,9.7,1
2022-10-07,Ernakulam,Kerala,9.96714,76.29036,25.3,0.7,11.7,0
1972-01-06,Tumakuru,Karnataka,13.34136,77.1022,19.8,0.0,10.5,0
1990-01-07,Valsad,Gujarat,20.61013,72.93428,24.3,0.0,16.4,1
2022-01-07,Gadchiroli,Maharashtra,20.18061,80.00522,21.2,0.0,10.7,1
2022-07-07,Hailakandi,Assam,24.68394,92.56097,29.1,0.8,7.5,0
1990-01-07,Kangra,Himachal Pradesh,32.09135,76.26267,10.4,0.2,6.5,0
1993-11-07,Ajmer,Rajasthan,26.4521,74.63867,25.2,0.0,10.3,0
1993-12-08,Kolkata,West Bengal,22.56263,88.36304,21.7,0.0,7.0,0
2021-08-07,Nagpur,Maharashtra,21.14631,79.08491,27.5,0.0,14.8,0
2000-07-07,Chhindwara,Madhya Pradesh,22.05697,78.93958,25.5,4.8,7.8,0
2022-08-08,Muzaffarnagar,Uttar Pradesh,29.47091,77.70332,28.3,0.0,5.3,0
2018-06-10,Thane,Maharashtra,19.19704,72.96355,27.9,2.2,17.4,0
1971-01-07,Tinsukia,"Assam, Odisha, West Bengal, Bihar",27.48905,95.35992,17.7,0.0,6.8,1
2021-12-10,Ernakulam,Kerala,9.96714,76.29036,26.6,0.4,12.6,0
2022-06-10,Fatehpur,Uttar Pradesh,25.92774,80.81266,36.9,0.0,15.4,1
2022-10-07,Nagpur,Maharashtra,21.14631,79.08491,25.2,25.6,16.8,1
1998-11-12,Srikakulam,Andhra Pradesh,18.2989,83.89751,26.3,0.7,20.6,1
1985-06-10,Begusarai,Bihar,25.41853,86.13389,32.0,0.8,14.7,1
1993-08-10,Malappuram,Kerala,11.04199,76.08154,24.6,1.5,10.8,0
2021-02-10,Thrissur,Kerala,10.51667,76.21667,27.8,0.0,23.0,1
1990-08-10,Bargarh,Odisha,21.33348,83.61905,27.5,1.3,9.7,1
2019-08-08,Chamoli,Uttarakhand,30.40271,79.33303,25.8,1.1,5.2,0
2020-10-10,Akola,Maharashtra,20.70957,76.9981,27.1,13.1,5.5,1
1988-06-11,Chennai,Tamil Nadu,13.08784,80.27847,32.3,0.0,20.2,0
2004-02-08,Belagavi,Karnataka,15.85212,74.50447,23.1,0.0,12.8,1
2022-12-07,Mumbai,Maharashtra,19.07283,72.88261,26.5,0.0,15.0,0
2022-02-08,Kottayam,Kerala,9.58692,76.52132,26.8,0.1,11.4,0
2022-11-07,Surat,Gujarat,21.19594,72.83023,26.9,0.0,12.7,0
2023-05-07,Kodagu,Karnataka,13.2996,77.70028,23.8,3.6,15.5,1
2015-08-08,Bilaspur,Himachal Pradesh,31.33027,76.75663,24.2,8.2,6.4,0
2011-12-08,Ludhiana,Punjab,30.91204,75.85379,18.8,18.5,8.0,1
1994-01-08,Alappuzha,Kerala,9.49004,76.3264,26.7,0.3,4.9,0
2014-02-09,Kalaburagi,Karnataka,17.33583,76.83757,25.0,0.0,7.9,0
1992-09-08,Aizawl,Mizoram,23.72894,92.71791,20.7,0.6,4.3,0
2022-06-10,Prayagraj,Uttar Pradesh,25.44478,81.84322,36.3,0.0,21.8,1
1998-05-08,Darjeeling,West Bengal,27.03333,88.26667,14.8,22.8,6.6,1
1978-01-08,Krishna,Andhra Pradesh,17.60293,82.4215,20.6,0.0,11.5,1
2002-07-08,Ratnagiri,Maharashtra,16.99154,73.31022,26.2,8.4,16.1,1
1980-01-10,Kozhikode,Kerala,11.24802,75.7804,26.0,0.0,8.6,0
1994-04-06,Pune,Maharashtra,18.51957,73.85535,28.3,0.0,14.4,1
1986-10-02,Warangal,Andhra Pradesh,18.0,79.58333,28.2,0.3,9.0,0
1984-08-08,Baleshwar,Odisha,21.49266,86.93348,26.8,1.5,12.0,0
1994-08-06,Bharuch,Gujarat,21.69482,72.9805,26.7,0.6,16.4,0
2007-01-07,Kodagu,Karnataka,13.2996,77.70028,18.8,0.0,11.0,0
1994-05-09,Hamirpur,Himachal Pradesh,25.9553,80.14842,33.7,0.0,9.0,0
2016-05-08,Bilaspur,Himachal Pradesh,31.33027,76.75663,28.3,0.0,12.6,1
2009-03-07,Amravati,Maharashtra,20.93333,77.75,29.5,0.0,13.6,1
2006-11-07,Hingoli,Maharashtra,19.71464,77.14238,23.6,0.0,9.2,1
1990-01-07,Begusarai,Bihar,25.41853,86.13389,15.8,0.0,13.3,1
1997-11-08,Kinnaur,Himachal Pradesh,31.52105,78.3628,-23.7,0.6,6.4,1
2022-10-07,Nizamabad,Telangana,18.67154,78.0988,25.7,0.5,11.7,0
1989-08-06,Alappuzha,Kerala,9.49004,76.3264,24.5,12.9,15.6,1
2005-07-09,Thiruvananthapuram,Kerala,8.4855,76.94924,25.1,9.1,24.2,1
2005-09-07,Amritsar,Punjab,31.62234,74.87534,30.4,0.1,12.8,0
1980-01-09,Chandrapur,Maharashtra,19.95076,79.29523,22.4,0.0,6.3,0
2015-06-09,Adilabad,Telangana,19.67203,78.5359,33.2,0.0,15.1,1
2006-01-07,Bhadrak,Odisha,21.05447,86.5156,18.5,0.0,12.2,1
2017-07-08,Bara Banki,Uttar Pradesh,26.92384,81.17927,28.1,4.2,10.2,0
1992-03-09,Prayagraj,Uttar Pradesh,25.44478,81.84322,22.7,0.0,18.6,1
2001-03-07,Guna,"Madhya Pradesh,  Chhattisgarh",24.64691,77.3113,23.1,0.0,9.3,0
2023-05-07,Biswanath,Assam,26.72577,93.14659,24.4,1.6,14.3,0
2016-02-03,Karimnagar,Telangana,18.43915,79.12856,27.4,0.0,9.0,1
2013-02-08,Thiruvananthapuram,Kerala,8.4855,76.94924,25.8,1.1,12.2,0
2020-06-01,Barpeta,Assam,26.32293,91.00632,25.7,34.3,13.9,1
2022-09-10,Sitapur,Uttar Pradesh,27.56192,80.68265,28.7,0.1,12.2,0
2013-05-07,Bongaigaon,Assam,26.47703,90.55815,24.7,0.0,14.1,1
2023-10-08,Garhwal,Uttarakhand,29.26211,79.18541,26.4,0.0,11.6,1
2020-01-02,Malappuram,Kerala,11.04199,76.08154,27.6,0.1,12.9,1
2009-11-11,Ratnagiri,Maharashtra,16.99154,73.31022,24.8,9.5,31.3,0
2012-12-09,Patiala,Punjab,30.33625,76.3922,15.9,0.0,10.2,1
2021-06-11,Theni,Tamil Nadu,10.01115,77.47772,29.7,0.0,23.0,1
2012-01-11,Chennai,Tamil Nadu,13.08784,80.27847,24.5,0.8,13.4,1
2009-08-10,Lakhimpur,Assam,27.23517,94.10357,28.4,0.9,4.3,0
2014-03-05,Alappuzha,Kerala,9.49004,76.3264,27.7,0.3,7.8,0
2015-03-03,Alappuzha,Kerala,9.49004,76.3264,27.4,0.1,9.8,0
1986-01-08,Alappuzha,Kerala,9.49004,76.3264,26.1,0.7,3.4,0
1979-08-09,Ahmednagar,Maharashtra,19.09457,74.73843,22.3,11.6,37.7,1
2010-08-06,Idukki,Kerala,9.85,76.96667,21.8,5.6,12.8,1
2000-09-08,Cooch Behar,West Bengal,26.32539,89.44508,25.9,15.8,7.6,1
2022-08-08,Nagpur,Maharashtra,21.14631,79.08491,26.1,21.0,11.7,1
1993-08-07,Ahmedabad,Gujarat,23.02579,72.58727,28.0,0.0,15.8,0
2019-08-01,Amreli,Gujarat,21.59983,71.21169,26.2,5.0,20.4,0
2022-08-01,Nagpur,Maharashtra,21.14631,79.08491,28.2,0.0,7.6,0
2023-10-09,Mirzapur,Uttar Pradesh,25.1449,82.56534,29.0,0.0,14.1,1
1981-04-08,Nagpur,Maharashtra,21.14631,79.08491,30.4,0.0,10.5,1
2009-11-09,Ambala,Haryana,30.36099,76.79782,21.3,0.9,20.0,1
2004-11-08,Mumbai,Maharashtra,19.07283,72.88261,27.8,0.0,8.2,1
2004-03-08,Idukki,Kerala,9.85,76.96667,26.4,0.0,6.5,1
2001-01-06,Kullu,Himachal Pradesh,31.95835,77.10823,6.1,0.0,7.2,1
2000-03-08,Davangere,Karnataka,14.46693,75.92694,26.8,0.0,10.1,0
2021-06-09,West Godavari,Andhra Pradesh,16.71311,81.10437,33.1,0.1,17.3,0
2019-08-01,Gurdaspur,Punjab,32.03933,75.40318,27.4,5.1,11.7,1
2011-05-08,Belagavi,Karnataka,15.85212,74.50447,25.2,0.0,18.0,1
1993-06-08,Dindigul,Tamil Nadu,10.36896,77.98036,29.0,0.0,10.4,1
2022-04-08,Seoni,Madhya Pradesh,22.08503,79.55037,31.8,0.0,12.2,0
2022-11-07,Hyderabad,Telangana,17.38405,78.45636,23.2,0.0,8.2,0
2023-12-08,Sonitpur,Assam,26.78196,92.44907,19.2,3.7,8.4,1
1989-07-06,Nagpur,Maharashtra,21.14631,79.08491,26.0,4.8,7.4,0
2020-08-10,Pathanamthitta,Kerala,9.26667,76.78333,23.4,4.7,10.3,0
2022-09-10,Firozabad,Uttar Pradesh,27.15092,78.39781,29.2,2.8,11.4,1
2016-02-08,Vidisha,Madhya Pradesh,23.52604,77.81092,18.8,0.0,10.6,1
2003-05-10,Idukki,Kerala,9.85,76.96667,24.3,7.3,7.0,1
2001-06-11,Mandya,Karnataka,12.5223,76.89746,22.9,16.4,21.3,1
1992-08-06,Kasaragod,Kerala,12.49838,74.98959,24.9,35.6,11.7,1
2023-09-07,Jaipur,Rajasthan,26.91962,75.78781,28.9,0.0,11.7,0
2021-09-10,Ahmednagar,Maharashtra,19.09457,74.73843,23.9,1.4,26.4,1
2008-08-08,Kapurthala,Punjab,31.38011,75.38105,26.8,2.7,8.8,0
2021-12-10,Kannur,Kerala,11.86752,75.35763,26.6,0.7,12.7,0
2018-06-01,Nashik,Maharashtra,19.99727,73.79096,29.5,0.2,17.0,0
1996-06-08,Bharatpur,Rajasthan,27.21731,77.49009,33.5,0.0,15.7,1
1983-01-10,Adilabad,Andhra Pradesh,19.67203,78.5359,22.9,0.0,8.5,1
1988-07-07,Ambala,Haryana,30.36099,76.79782,26.3,6.5,12.4,0
1976-01-07,Khammam,Telangana,17.24767,80.14368,22.1,0.0,8.3,1
2022-05-10,Nagpur,Maharashtra,21.14631,79.08491,35.5,0.0,27.1,1
1998-03-10,Surat,Gujarat,21.19594,72.83023,25.6,0.0,12.4,1
1980-08-06,Darrang,Assam,26.63333,92.8,26.5,19.7,7.6,1
2013-11-10,Jalgaon,Maharashtra,21.00292,75.56602,23.6,0.0,6.4,0
2011-01-08,Valsad,Gujarat,20.61013,72.93428,21.4,0.0,12.7,1
1970-01-09,Aurangabad,Maharashtra,19.87757,75.34226,22.3,0.0,9.6,0
1990-02-07,Churu,Rajasthan,28.30415,74.96718,23.3,0.0,18.2,0
2013-11-09,Chennai,Tamil Nadu,13.08784,80.27847,25.7,0.0,15.4,0
2023-08-07,Ambala,Haryana,30.36099,76.79782,28.4,3.5,13.6,0
1994-03-08,Alappuzha,Kerala,9.49004,76.3264,28.5,0.0,11.5,0
2016-08-07,Chandrapur,Maharashtra,19.95076,79.29523,26.2,3.4,15.4,0
2022-06-07,Mumbai,Maharashtra,19.07283,72.88261,29.7,1.0,18.2,1
2009-08-08,Pithoragarh,Uttarakhand,29.58349,80.20947,21.3,7.6,4.7,1
2015-01-09,Barpeta,Assam,26.32293,91.00632,16.9,0.0,11.9,1
1984-10-08,Kargil,Jammu and Kashmir,34.55765,76.12622,5.6,0.0,3.9,1
1976-01-08,Gurdaspur,Punjab,32.03933,75.40318,10.7,0.0,8.1,0
1993-08-08,Cooch Behar,West Bengal,26.32539,89.44508,27.6,7.2,13.6,1
2021-06-10,Pune,Maharashtra,18.51957,73.85535,24.1,6.1,26.9,1
1993-11-10,Beed,Maharashtra,18.98921,75.75634,24.3,0.0,23.8,1
1995-02-08,Khordha,Odisha,20.18268,85.61629,23.0,0.0,8.3,0
2022-09-08,Nashik,Maharashtra,19.99727,73.79096,24.0,15.8,14.2,1
2016-12-07,Akola,Maharashtra,20.70957,76.9981,20.9,0.0,7.9,1
2019-08-07,Kolhapur,Maharashtra,16.69563,74.23167,22.8,32.5,36.6,1
2007-11-02,Solan,Himachal Pradesh,30.90908,77.10869,15.4,0.0,8.6,0
1997-01-06,Dhemaji,Assam,27.48333,94.58333,16.7,0.0,4.4,0
2019-09-08,Bhopal,Madhya Pradesh,23.25469,77.40289,25.0,12.0,13.1,0
2023-05-07,Rupnagar,Punjab,30.21013,73.99427,29.2,0.0,20.7,1
2019-04-10,Narayanpet,Telangana,16.74799,77.4954,30.7,0.0,10.1,1
2011-06-08,Idukki,Kerala,9.85,76.96667,22.4,6.9,13.8,1
1988-03-08,Sambalpur,Odisha,21.46527,83.97573,27.8,0.5,11.8,0
2019-09-06,Chamoli,Uttarakhand,30.40271,79.33303,24.6,4.6,3.8,0
1976-08-08,Puri,Odisha,19.79825,85.82494,28.5,2.7,8.9,0
2017-05-10,Kodagu,Karnataka,13.2996,77.70028,26.5,3.4,9.4,1
2007-11-02,Bara Banki,Uttar Pradesh,26.92384,81.17927,23.6,0.0,7.5,0
1985-05-08,Ambala,Haryana,30.36099,76.79782,32.5,0.2,16.6,0
2021-02-10,Aurangabad,Maharashtra,19.87757,75.34226,22.6,0.0,10.5,1
2010-06-09,Agra,Uttar Pradesh,27.18333,78.01667,31.1,0.0,18.7,1
2019-06-02,Almora,Uttarakhand,29.59713,79.65911,21.6,0.9,14.2,1
2007-09-09,Barpeta,Assam,26.32293,91.00632,26.1,2.7,10.2,0
2022-07-07,Kannur,Kerala,11.86752,75.35763,24.1,8.8,14.6,0
2003-06-07,Kasaragod,Kerala,12.49838,74.98959,28.2,1.8,13.7,0
1982-01-03,Faridkot,Punjab,30.67399,74.75579,15.3,0.0,7.1,0
2005-07-07,Kullu,Himachal Pradesh,31.95835,77.10823,22.8,7.7,5.9,1
1995-07-10,Cuttack,Odisha,20.46497,85.87927,28.1,0.6,11.3,0
2013-02-08,Bhadrak,Odisha,21.05447,86.5156,24.0,0.0,11.2,0
1992-12-08,Mumbai,Maharashtra,19.07283,72.88261,25.7,0.0,13.3,0
1999-07-06,Kasaragod,Kerala,12.49838,74.98959,24.7,58.3,31.2,1
1991-05-09,Hamirpur,Himachal Pradesh,25.9553,80.14842,34.3,0.0,15.0,0
1984-12-06,Koraput,Odisha,18.81199,82.71048,18.9,0.0,12.4,1
1998-08-07,Mangan,Sikkim,27.50965,88.52206,24.0,6.8,6.0,1
2012-03-08,Kullu,Himachal Pradesh,31.95835,77.10823,6.1,5.8,8.1,1
1996-01-07,Bilaspur,Madhya Pradesh,31.33027,76.75663,10.9,0.0,6.6,0
2009-11-09,Bahraich,Uttar Pradesh,27.57429,81.59474,21.8,0.0,11.9,1
2011-01-03,Pune,Maharashtra,18.51957,73.85535,21.9,0.0,15.6,0
2006-05-08,Adilabad,Andhra Pradesh,19.67203,78.5359,37.0,0.0,10.7,0
1978-01-09,Shimla,Himachal Pradesh,31.10442,77.16662,-1.4,0.2,4.7,0
2003-02-08,Chamba,Himachal Pradesh,32.55531,76.12647,7.4,0.1,5.8,0
2011-09-07,Chamba,Himachal Pradesh,32.55531,76.12647,23.9,11.3,6.9,1
2007-05-08,Bokaro,Jharkhand,23.66934,86.15161,28.4,1.8,10.7,1
2016-09-09,Chatra,Jharkhand,24.20645,84.87085,25.0,2.3,5.1,0
2007-06-09,Kangra,Himachal Pradesh,32.09135,76.26267,32.3,0.0,13.8,1
2022-10-08,Durg,Chhattisgarh,21.19147,81.27619,26.2,0.4,9.4,0
2010-07-09,Dhamtari,Chhattisgarh,20.70718,81.54874,25.8,1.9,19.9,1
2010-08-11,Aurangabad,Maharashtra,19.87757,75.34226,25.2,0.3,11.3,0
2010-06-09,Agra,Uttar Pradesh,27.18333,78.01667,31.1,0.0,15.0,0
2019-08-08,Kinnaur,Himachal Pradesh,31.52105,78.3628,-1.6,3.1,2.9,1
2004-12-08,Kullu,Himachal Pradesh,31.95835,77.10823,9.7,0.0,4.2,0
1998-11-11,Palakkad,Kerala,10.77319,76.65366,26.0,0.0,10.2,0
2005-03-07,Rupnagar,Punjab,30.21013,73.99427,20.6,0.0,7.0,0
1983-08-07,Purnia,Bihar,25.77895,87.47422,29.2,0.0,11.3,0
1996-11-09,Idukki,Kerala,9.85,76.96667,22.1,0.1,5.2,0
2023-08-07,Yamunanagar,Haryana,30.12796,77.28371,28.5,1.4,16.2,0
2003-12-07,Hisar,Haryana,29.15394,75.72294,19.1,0.0,14.5,1
1981-01-07,Mathura,"Uttar Pradesh, Uttarakhand",27.5035,77.67215,12.6,0.0,14.0,1
2016-02-08,Nashik,Maharashtra,19.99727,73.79096,21.6,0.0,13.3,1
1980-01-08,Puri,Odisha,19.79825,85.82494,21.2,0.0,9.4,0
2001-08-08,Malda,West Bengal,22.14416,78.29957,25.5,15.7,6.1,1
2022-11-09,Pune,Maharashtra,18.51957,73.85535,22.7,0.0,9.7,0
2007-12-09,Bikaner,Rajasthan,28.01762,73.31495,18.1,0.0,11.8,0
1998-01-07,Kodagu,Karnataka,13.2996,77.70028,20.3,0.0,13.2,1
2022-08-03,Nandurbar,Maharashtra,21.36671,74.24051,27.0,1.0,16.6,1
2013-11-05,Aizawl,Mizoram,23.72894,92.71791,15.9,0.0,4.5,0
1985-06-08,Vidisha,Madhya Pradesh,23.52604,77.81092,31.4,0.0,19.4,1
1979-08-07,Nagpur,Maharashtra,21.14631,79.08491,24.0,59.1,17.9,1
2003-04-10,Sonitpur,Assam,26.78196,92.44907,23.5,0.1,8.4,0
2014-01-10,Tumakuru,Karnataka,13.34136,77.1022,22.1,0.0,9.6,0
1990-02-07,Churu,Rajasthan,28.30415,74.96718,23.3,0.0,22.7,1
2023-10-09,Unnao,Uttar Pradesh,26.54706,80.48781,29.3,0.0,14.1,0
2007-01-07,Amritsar,Punjab,31.62234,74.87534,8.8,0.0,8.4,0
2012-02-07,Thiruvananthapuram,Kerala,8.4855,76.94924,26.9,0.4,9.6,0
2022-08-03,Nandurbar,Maharashtra,21.36671,74.24051,27.0,0.2,13.3,0
1990-04-08,Ajmer,Rajasthan,26.4521,74.63867,26.8,0.0,15.1,1
2016-11-09,Jagdalpur,Chhattisgarh,19.08136,82.02131,21.1,0.0,7.8,1
1995-03-09,Meerut,Uttar Pradesh,28.98002,77.70636,18.8,0.0,12.0,0
2022-09-07,Nizamabad,Telangana,18.67154,78.0988,25.9,11.7,9.0,1
1995-02-08,Khordha,Odisha,20.18268,85.61629,23.0,0.0,10.4,1
2023-10-09,Rampur,Uttar Pradesh,28.81014,79.02699,28.0,0.0,17.9,1
2014-02-05,Adilabad,Andhra Pradesh,19.67203,78.5359,24.7,0.0,8.0,1
2022-04-04,Nashik,Maharashtra,19.99727,73.79096,30.7,0.0,19.3,1
2002-01-09,Nandurbar,Maharashtra,21.36671,74.24051,20.8,0.0,15.4,1
2010-02-08,Bastar,Chhattisgarh,19.20306,81.92959,22.4,0.0,7.1,0
1995-08-08,Chamba,Himachal Pradesh,32.55531,76.12647,23.9,4.6,7.3,0
2018-08-01,Alappuzha,Kerala,9.49004,76.3264,25.4,0.8,13.1,0
2019-07-09,Darjeeling,West Bengal,27.03333,88.26667,15.1,169.8,8.0,1
2023-01-09,Goalpara,Assam,26.17668,90.62634,16.9,0.0,6.4,0
1976-08-07,Vadodara,Gujarat,22.29941,73.20812,26.8,14.2,20.4,1
2005-06-04,Thiruvananthapuram,Kerala,8.4855,76.94924,26.3,1.3,18.2,0
2011-04-09,Jorhat,Assam,26.75751,94.20306,23.2,0.0,11.3,0
2021-10-04,Kozhikode,Kerala,11.24802,75.7804,26.1,4.1,9.2,0
2005-12-04,Thiruvananthapuram,Kerala,8.4855,76.94924,24.9,3.4,10.5,0
2000-04-07,Nagpur,Maharashtra,21.14631,79.08491,33.4,0.0,7.3,0
2005-10-07,Yavatmal,Maharashtra,20.39324,78.13201,25.9,0.0,10.2,1
2020-09-12,Burhanpur,Madhya Pradesh,21.30868,76.23026,27.5,6.7,6.3,1
2008-05-04,Sangrur,Punjab,30.24506,75.84488,35.0,0.5,17.4,1
2023-10-09,Kannauj,Uttar Pradesh,27.05524,79.9188,28.9,0.0,12.9,0
2017-07-01,Barpeta,Assam,26.32293,91.00632,26.3,14.2,9.4,0
2007-12-07,Kullu,Himachal Pradesh,31.95835,77.10823,12.1,0.0,4.3,0
1982-08-08,Chamoli,Uttarakhand,30.40271,79.33303,22.9,2.5,4.0,0
2022-01-01,Alwar,Rajasthan,27.56246,76.625,12.6,0.0,9.2,1
2002-07-08,Ratnagiri,Maharashtra,16.99154,73.31022,26.2,1.7,12.9,0
1997-02-04,Nashik,Maharashtra,19.99727,73.79096,19.6,0.0,8.9,1
2022-01-07,Kannur,Kerala,11.86752,75.35763,26.5,0.2,12.5,0
2007-12-09,Bhiwani,Haryana,28.79304,76.13968,15.0,0.0,6.2,0
2021-06-11,Krishnagiri,Tamil Nadu,12.51921,78.21382,27.4,0.0,19.4,0
1998-12-07,Mumbai,Maharashtra,19.07283,72.88261,25.2,0.0,14.7,1
2022-10-07,Karimnagar,Telangana,18.43915,79.12856,25.6,0.4,16.2,0
1992-04-04,Tinsukia,Assam,27.48905,95.35992,23.7,0.0,4.2,0
1991-01-08,Mahesana,Gujarat,23.59864,72.38472,17.7,0.0,10.4,1
1983-04-07,Amritsar,Punjab,31.62234,74.87534,20.2,3.5,10.7,0
2019-08-03,Mumbai,Maharashtra,19.07283,72.88261,25.7,91.9,33.7,1
2021-09-05,Beed,Maharashtra,18.98921,75.75634,24.5,16.6,17.0,1
2020-09-06,Alappuzha,Kerala,9.49004,76.3264,25.4,5.6,18.3,0
2001-03-07,Kinnaur,Himachal Pradesh,31.52105,78.3628,-30.9,0.0,5.3,1
1981-01-08,Gorakhpur,Uttar Pradesh,26.76628,83.36889,13.6,0.0,11.0,0
1995-03-09,Meerut,Uttar Pradesh,28.98002,77.70636,18.8,0.0,15.0,1
1980-08-07,Chamoli,"Uttar Pradesh, Uttarakhand",30.40271,79.33303,22.3,31.0,4.7,1
1991-05-06,Chikkamagaluru,Karnataka,13.32231,75.774,23.7,9.7,10.7,1
2022-06-07,Kullu,Himachal Pradesh,31.95835,77.10823,29.0,0.0,9.3,0
2021-12-10,Kottayam,Kerala,9.58692,76.52132,25.8,0.7,9.6,1
1982-01-08,Shivamogga,Karnataka,13.93157,75.56791,21.6,0.0,11.9,0
2018-08-04,Budaun,Uttar Pradesh,28.03811,79.12668,28.1,1.0,6.4,0
2019-06-12,Ernakulam,Kerala,9.96714,76.29036,27.1,6.4,17.0,0
1979-05-08,Howrah,Uttar Pradesh,22.57688,88.31857,31.2,0.0,17.9,1
2012-12-09,Dhemaji,Assam,27.48333,94.58333,18.8,0.2,4.3,0
1995-05-06,Barpeta,Assam,26.32293,91.00632,25.8,3.5,8.2,0
2023-09-07,Tonk,Rajasthan,26.16638,75.78824,29.2,1.6,17.0,1
1999-05-08,Narmadapuram,Madhya Pradesh,22.74747,77.72736,34.7,0.0,20.7,1
2005-09-07,Hyderabad,Andhra Pradesh,17.38405,78.45636,25.1,1.7,9.0,0
2021-09-07,Dharashiv,Maharashtra,18.18158,76.03889,22.3,8.2,16.5,0
1980-01-07,Raipur,Madhya Pradesh,21.23333,81.63333,19.9,0.0,7.6,0
2021-12-10,Thrissur,Kerala,10.51667,76.21667,27.2,0.0,22.0,1
1971-01-08,Burhanpur,"Madhya Pradesh, Punjab, Haryana, West Bengal",21.30868,76.23026,19.8,0.0,9.0,1
1983-07-09,Vellore,Tamil Nadu,12.9184,79.13255,31.7,0.0,13.3,0
1986-03-06,Bijapur,Karnataka,18.79387,80.81599,24.7,0.0,10.7,1
2023-08-07,Gurugram,Haryana,28.4601,77.02635,30.4,0.1,16.2,0
2007-01-07,Kodagu,Karnataka,13.2996,77.70028,18.8,0.0,13.8,1
2010-04-07,Sirohi,Rajasthan,24.88838,72.84794,31.2,0.0,12.0,1
2017-08-08,Jalpaiguri,West Bengal,26.51667,88.73333,27.8,11.7,8.4,1
2021-07-09,Akola,Maharashtra,20.70957,76.9981,25.8,15.5,9.8,0
2021-04-10,Hingoli,Maharashtra,19.71464,77.14238,31.5,0.0,13.1,0
2022-12-08,Mumbai,Maharashtra,19.07283,72.88261,25.8,0.0,14.7,0
1979-08-09,Ahmednagar,Maharashtra,19.09457,74.73843,22.3,2.3,30.2,0
2007-12-08,Bilaspur,Himachal Pradesh,31.33027,76.75663,13.2,0.0,6.4,0
1992-12-07,Darjeeling,West Bengal,27.03333,88.26667,6.6,0.2,5.1,0
2020-09-06,Thiruvananthapuram,Kerala,8.4855,76.94924,25.0,46.7,31.5,1
1978-01-09,Saharanpur,Uttar Pradesh,29.9679,77.54522,11.3,0.0,6.7,0
2001-09-07,Ahmednagar,Maharashtra,19.09457,74.73843,24.5,0.0,9.5,0
2005-10-04,Darjeeling,West Bengal,27.03333,88.26667,12.7,4.4,2.6,0
2021-12-09,Kendrapara,Odisha,20.50166,86.42227,21.8,14.5,17.4,1
2001-01-09,Jalpaiguri,West Bengal,26.51667,88.73333,16.3,0.0,6.6,1
2010-05-08,Bargarh,Odisha,21.33348,83.61905,34.4,0.0,9.1,0
1981-09-07,Ahmedabad,Gujarat,23.02579,72.58727,28.4,0.0,9.0,0
2003-10-08,Dewas,Madhya Pradesh,22.96585,76.05526,24.8,0.0,20.5,1
1993-09-07,Nagpur,Maharashtra,21.14631,79.08491,25.5,5.2,17.1,1
2018-07-08,Chandrapur,Maharashtra,19.95076,79.29523,26.7,4.1,14.4,0
2022-04-07,Idukki,Kerala,9.85,76.96667,24.1,0.6,10.2,1
1988-03-07,Thane,Maharashtra,19.19704,72.96355,25.5,0.0,16.2,1
2022-08-03,Dhule,Maharashtra,20.9013,74.77737,27.0,1.0,9.4,0
2001-11-07,Pune,Maharashtra,18.51957,73.85535,25.0,0.0,10.1,0
1994-01-06,Barpeta,Assam,26.32293,91.00632,18.4,0.0,6.9,1
2015-07-06,Aurangabad,Maharashtra,19.87757,75.34226,26.6,0.0,26.5,1
2006-11-07,Panchkula,Haryana,30.69461,76.8504,20.6,2.2,12.3,1
2013-11-10,Srikakulam,Andhra Pradesh,18.2989,83.89751,25.4,0.0,10.4,0
2021-11-10,Alappuzha,Kerala,9.49004,76.3264,26.0,5.5,16.2,1
2023-09-07,Solan,Himachal Pradesh,30.90908,77.10869,21.0,0.0,8.8,0
2006-12-09,Ahmednagar,Maharashtra,19.09457,74.73843,22.5,0.0,10.4,0
1978-01-02,Nagpur,Maharashtra,21.14631,79.08491,18.7,0.0,8.4,0
2022-10-06,Pune,Maharashtra,18.51957,73.85535,23.6,3.6,13.5,0
2002-12-02,Azamgarh,Uttar Pradesh,26.06832,83.18358,17.4,0.0,7.5,0
1992-08-08,Jodhpur,Rajasthan,26.26841,73.00594,27.4,0.1,18.6,0
2022-02-07,Kannur,Kerala,11.86752,75.35763,26.1,0.0,21.1,1
1975-01-11,Thiruvananthapuram,Kerala,8.4855,76.94924,24.3,0.1,14.2,0
2022-10-07,Ernakulam,Kerala,9.96714,76.29036,25.3,3.3,14.6,1
2023-05-07,Amritsar,Punjab,31.62234,74.87534,26.4,1.0,18.7,1
1989-12-07,Dharwad,Karnataka,15.46005,75.00778,22.2,0.0,13.4,1
1998-09-06,Thane,Maharashtra,19.19704,72.96355,26.7,3.2,8.8,0
1995-12-08,Ferozepur,Punjab,30.92574,74.61311,13.2,0.3,8.4,0
2014-09-03,Sangli,Maharashtra,16.85438,74.56417,23.8,1.4,26.1,1
2021-02-11,Kozhikode,Kerala,11.24802,75.7804,26.0,0.0,19.2,1
1994-02-09,Nashik,Maharashtra,19.99727,73.79096,19.0,0.0,13.5,1
1988-07-08,Belagavi,Karnataka,15.85212,74.50447,22.8,1.0,15.0,0
2022-07-10,Prayagraj,Uttar Pradesh,25.44478,81.84322,32.3,0.0,13.3,0
1984-05-10,Alappuzha,Kerala,9.49004,76.3264,28.2,0.6,12.5,0
2006-01-08,Bhadrak,Odisha,21.05447,86.5156,19.6,0.0,7.4,0
2021-07-09,Akola,Maharashtra,20.70957,76.9981,25.8,15.5,9.8,0
2012-07-04,Kurnool,Andhra Pradesh,15.82887,78.03602,29.0,0.0,28.7,1
2022-04-04,Sindhudurg,Maharashtra,15.99894,73.5347,28.2,0.0,12.2,0
2022-11-09,Chandrapur,Maharashtra,19.95076,79.29523,23.4,0.0,7.8,0
2005-10-06,Mysuru,Karnataka,12.29791,76.63925,23.6,6.5,10.5,1
2022-09-09,Belagavi,Karnataka,15.85212,74.50447,22.3,13.6,20.1,1
2022-09-07,Hingoli,Maharashtra,19.71464,77.14238,26.0,0.8,7.1,0
2006-05-08,Adilabad,Andhra Pradesh,19.67203,78.5359,37.0,0.0,13.4,1
1986-04-08,Jammu,Jammu and Kashmir,32.73528,74.86167,20.8,0.0,10.1,0
2008-08-08,Adilabad,"Andhra Pradesh, Telangana",19.67203,78.5359,25.3,16.8,20.9,1
2009-12-08,Dhemaji,Assam,27.48333,94.58333,18.2,0.0,4.2,0
1981-01-08,Sindhudurg,Maharashtra,15.99894,73.5347,22.9,0.0,12.9,0
2004-06-07,Chamoli,Uttarakhand,30.40271,79.33303,20.8,0.7,4.1,0
2022-10-10,Fatehpur,Uttar Pradesh,25.92774,80.81266,25.9,2.6,6.8,0
2005-09-11,Chennai,Tamil Nadu,13.08784,80.27847,28.3,1.2,18.3,1
2009-11-09,Ambala,Haryana,30.36099,76.79782,21.3,0.2,16.0,0
2021-06-10,Aurangabad,Maharashtra,19.87757,75.34226,25.7,8.6,25.3,1
1982-01-03,Kurukshetra,Haryana,29.9657,76.837,14.8,0.0,9.1,1
2023-05-07,Kodagu,Karnataka,13.2996,77.70028,23.8,0.7,12.4,0
2012-03-09,Indore,Madhya Pradesh,22.71792,75.8333,20.3,0.0,10.2,0
1994-11-07,Kullu,Himachal Pradesh,31.95835,77.10823,13.3,0.0,5.4,0
2008-04-06,Pune,Maharashtra,18.51957,73.85535,27.8,0.0,10.3,0
1995-07-05,Kollam,Kerala,8.88113,76.58469,25.7,15.1,15.0,1
2018-08-06,Bahraich,Uttar Pradesh,27.57429,81.59474,27.9,1.4,8.2,1
1997-05-08,Purulia,West Bengal,23.33062,86.36303,29.9,1.5,12.2,1
2011-12-09,Mandi,Himachal Pradesh,31.71194,76.93273,14.2,8.3,7.6,1
1980-08-07,Alwar,Rajasthan,27.56246,76.625,26.4,1.0,12.4,0
2003-08-09,Rewa,Madhya Pradesh,24.53256,81.29234,28.0,16.4,8.4,1
1984-04-03,Madurai,Tamil Nadu,9.919,78.11953,27.2,1.0,8.6,0
1993-01-06,Alappuzha,Kerala,9.49004,76.3264,24.8,0.0,10.6,1
1988-03-07,Thane,Maharashtra,19.19704,72.96355,25.5,0.0,13.0,0
1994-07-11,Dindigul,Tamil Nadu,10.36896,77.98036,27.3,0.1,8.0,1
2009-07-08,Mandi,Himachal Pradesh,31.71194,76.93273,27.3,6.2,7.2,1
2018-07-11,Yavatmal,Maharashtra,20.39324,78.13201,25.0,1.1,21.6,0
2008-07-09,Tamenglong,Manipur,25.0164,93.48545,22.6,3.7,9.0,1
1996-08-06,Dhemaji,Assam,27.48333,94.58333,27.1,2.2,5.0,0
1993-04-09,Hooghly,West Bengal,22.90877,88.39674,27.6,0.3,17.6,1
1996-01-07,Bilaspur,Himachal Pradesh,31.33027,76.75663,10.9,0.0,8.2,1
2022-09-10,Shahjahanpur,Uttar Pradesh,27.88165,79.90918,28.6,0.1,11.8,0
2021-06-09,Beed,Maharashtra,18.98921,75.75634,27.2,2.8,21.1,1
2006-01-06,Surat,Gujarat,21.19594,72.83023,22.9,0.0,17.3,1
2022-01-07,Hardoi,Uttar Pradesh,27.39491,80.13165,15.8,0.1,10.7,1
2019-08-07,Bundi,Rajasthan,25.43855,75.63735,26.4,8.6,11.0,0
2009-07-10,Aizawl,Mizoram,23.72894,92.71791,21.5,0.1,13.3,1
2013-02-07,Belagavi,Karnataka,15.85212,74.50447,23.4,0.0,11.3,0
1993-09-07,Jammu,Jammu and Kashmir,32.73528,74.86167,25.9,0.1,5.3,0
1980-01-09,Darjeeling,West Bengal,27.03333,88.26667,4.9,0.5,7.2,1
1988-08-09,Aurangabad,Maharashtra,19.87757,75.34226,25.1,0.2,17.0,0
1999-02-05,Jorhat,Assam,26.75751,94.20306,21.1,0.0,6.1,1
2023-07-08,Golaghat,Assam,26.51167,93.95951,28.3,2.8,6.7,0
2022-12-10,Sitapur,Uttar Pradesh,27.56192,80.68265,16.8,0.0,10.1,1
2007-07-09,Bhandara,Maharashtra,21.16817,79.64885,26.3,3.4,18.1,1
1994-01-06,Barpeta,Assam,26.32293,91.00632,18.4,0.0,5.5,0
2022-08-01,Chandrapur,Maharashtra,19.95076,79.29523,28.3,1.3,10.5,1
2001-08-06,Kasaragod,Kerala,12.49838,74.98959,24.6,11.5,17.2,1
1981-01-08,Chandigarh,Chandigarh,30.73629,76.7884,9.6,0.0,15.6,1
1996-12-07,Cooch Behar,West Bengal,26.32539,89.44508,18.9,0.0,8.1,1
1983-12-09,Gangtok,Sikkim,27.32574,88.61216,10.0,0.0,4.9,0
2022-08-08,Narayanpet,Telangana,16.74799,77.4954,23.1,3.9,19.7,0
2008-11-08,Chandigarh,Punjab,30.73629,76.7884,20.2,0.0,7.4,1
1996-01-10,Belagavi,Karnataka,15.85212,74.50447,21.5,0.0,12.5,1
1990-08-06,Barpeta,Assam,26.32293,91.00632,27.7,8.0,7.1,1
1985-12-08,Akola,Maharashtra,20.70957,76.9981,21.6,0.0,6.3,1
1998-05-07,Amreli,Gujarat,21.59983,71.21169,34.1,0.0,13.1,0
2021-11-07,Chamoli,Uttarakhand,30.40271,79.33303,14.8,0.0,4.3,0
1993-10-11,Idukki,Kerala,9.85,76.96667,21.1,4.2,6.9,0
2023-02-09,Biswanath,Assam,26.72577,93.14659,15.5,0.2,11.7,0
1978-08-08,Saran,Bihar,25.69336,85.1718,28.8,5.0,10.6,1
2022-04-05,Mangan,Sikkim,27.50965,88.52206,20.5,16.7,4.6,0
2019-08-01,Barpeta,Assam,26.32293,91.00632,27.4,3.5,7.3,0
2005-08-05,Hanumangarh,Rajasthan,29.58182,74.32938,35.5,1.9,19.3,1
2002-12-02,Azamgarh,Uttar Pradesh,26.06832,83.18358,17.4,0.0,9.4,1
2000-01-08,Barpeta,Assam,26.32293,91.00632,16.5,0.0,5.9,1
2011-01-03,Pune,Maharashtra,18.51957,73.85535,21.9,0.0,19.5,1
2008-08-08,Kapurthala,Punjab,31.38011,75.38105,26.8,13.5,11.0,1
1968-03-10,Gangtok,Sikkim,27.32574,88.61216,10.5,2.0,6.8,1
1988-03-10,Ahmednagar,Maharashtra,19.09457,74.73843,29.0,0.0,12.6,0
1987-10-05,Belagavi,Karnataka,15.85212,74.50447,22.7,0.6,12.9,0
2021-03-09,Barpeta,Assam,26.32293,91.00632,22.8,0.9,10.2,1
1996-01-10,Adilabad,Andhra Pradesh,19.67203,78.5359,23.5,0.0,8.9,0
2021-01-09,Barpeta,Assam,26.32293,91.00632,19.0,0.0,5.8,0
2021-09-10,Ahmednagar,Maharashtra,19.09457,74.73843,23.9,0.3,21.1,0
2000-01-07,Kalaburagi,Karnataka,17.33583,76.83757,21.4,0.0,11.2,0
2023-12-08,Sonitpur,Assam,26.78196,92.44907,19.2,0.7,6.7,0
2021-11-10,Kollam,Kerala,8.88113,76.58469,25.7,1.6,14.2,0
2007-01-07,Amravati,Maharashtra,20.93333,77.75,19.7,0.0,9.8,1
2001-09-07,Mumbai,Maharashtra,19.07283,72.88261,26.5,0.2,15.7,1
1997-07-08,Kolhapur,Maharashtra,16.69563,74.23167,23.2,6.5,25.1,1
2022-12-05,Nagaon,Assam,26.35,92.66667,20.4,0.0,10.8,1
2022-08-01,Shivpuri,Madhya Pradesh,25.42378,77.66223,26.6,0.4,13.8,0
2021-02-09,Barpeta,Assam,26.32293,91.00632,17.7,0.0,8.6,0
2020-08-05,Bharatpur,Rajasthan,27.21731,77.49009,30.4,0.7,15.3,0
1995-07-05,Ernakulam,Kerala,9.96714,76.29036,25.6,4.7,8.0,0
1993-03-07,Pune,Maharashtra,18.51957,73.85535,26.3,0.0,14.2,0
2009-11-11,Ratnagiri,Maharashtra,16.99154,73.31022,24.8,47.3,39.1,1
1984-02-08,Amravati,Maharashtra,20.93333,77.75,21.2,0.0,8.9,0
1995-03-08,Yamunanagar,Haryana,30.12796,77.28371,15.6,0.0,10.5,1
2001-09-07,Mumbai,Maharashtra,19.07283,72.88261,26.5,0.0,12.6,0
1999-02-05,Jorhat,Assam,26.75751,94.20306,21.1,0.0,4.9,0
1978-01-11,Thiruvananthapuram,Kerala,8.4855,76.94924,25.2,0.0,10.8,1
2002-08-05,Nagaon,Assam,26.35,92.66667,28.0,14.1,6.4,1
2023-07-08,Dhemaji,Assam,27.48333,94.58333,27.6,26.6,9.3,1
1997-02-08,Mumbai,Maharashtra,19.07283,72.88261,22.3,0.0,12.2,0
2022-10-06,Pune,Maharashtra,18.51957,73.85535,23.6,18.0,16.9,1
2001-03-07,Guna,"Madhya Pradesh,  Chhattisgarh",24.64691,77.3113,23.1,0.0,11.6,1
1997-08-12,Kolhapur,Maharashtra,16.69563,74.23167,23.3,0.6,17.3,0
2008-02-09,Dharashiv,Maharashtra,18.18158,76.03889,21.3,0.0,18.8,1
2010-02-08,Bastar,Chhattisgarh,19.20306,81.92959,22.4,0.0,8.9,1
1991-02-09,Banda,Uttar Pradesh,25.47758,80.33491,20.8,0.0,9.0,0
2022-10-07,Karimnagar,Telangana,18.43915,79.12856,25.6,2.2,20.2,1
2005-01-02,Akola,Maharashtra,20.70957,76.9981,23.7,0.3,7.9,1
2022-12-07,Nagaon,Assam,26.35,92.66667,20.3,0.0,10.2,0
1990-01-07,Kolkata,West Bengal,22.56263,88.36304,17.7,0.0,10.3,1
2021-08-11,Chittoor,Andhra Pradesh,13.21055,79.0956,28.3,0.9,13.0,0
1990-05-05,Beed,Maharashtra,18.98921,75.75634,34.0,0.0,10.7,0
1973-01-10,Mirzapur,"Uttar Pradesh, Bihar",25.1449,82.56534,18.5,0.2,7.6,1
1997-03-12,Jalgaon,Maharashtra,21.00292,75.56602,28.2,0.0,12.4,1
1975-01-08,Jodhpur,Rajasthan,26.26841,73.00594,14.7,0.2,19.4,1
1991-05-09,Deoria,Uttar Pradesh,26.50167,83.77936,35.4,0.0,16.2,0
2000-07-05,Nashik,Maharashtra,19.99727,73.79096,23.8,0.6,16.6,0
1989-09-06,Kasaragod,Kerala,12.49838,74.98959,25.4,0.4,9.5,0
1994-10-08,Kullu,Himachal Pradesh,31.95835,77.10823,16.8,0.0,6.9,1
1991-02-06,Pune,Maharashtra,18.51957,73.85535,24.8,0.0,7.9,0
2004-08-08,Panchkula,Haryana,30.69461,76.8504,26.6,48.3,12.2,1
2022-11-07,Pune,Maharashtra,18.51957,73.85535,22.4,0.0,9.2,1
2022-08-08,Udaipur,Rajasthan,24.58584,73.71346,26.1,3.7,13.8,1
1994-05-08,Bilaspur,Madhya Pradesh,31.33027,76.75663,28.7,0.0,10.5,1
2023-10-09,Pratapgarh,Uttar Pradesh,25.92058,81.99629,28.5,0.0,11.4,0
2021-08-10,Hyderabad,Telangana,17.38405,78.45636,27.2,0.2,16.1,1
2002-12-09,Haridwar,Uttarakhand,29.94791,78.16025,13.7,0.0,6.6,0
2016-02-10,Beed,Maharashtra,18.98921,75.75634,27.2,0.0,11.5,0
2020-08-07,Alappuzha,Kerala,9.49004,76.3264,25.3,10.0,14.2,0
1984-08-09,Basti,Uttar Pradesh,26.78817,82.71617,28.4,10.0,22.4,1
2023-09-07,Mandi,Himachal Pradesh,31.71194,76.93273,26.1,0.0,5.8,0
1990-05-07,Kolkata,West Bengal,22.56263,88.36304,28.2,0.0,9.8,0
2000-01-10,Chikkamagaluru,Karnataka,13.32231,75.774,21.3,0.1,15.9,1
2017-07-11,Surguja,Chhattisgarh,22.41798,82.46992,25.0,9.2,14.6,1
2019-10-01,Ranchi,Jharkhand,23.34316,85.3094,23.4,0.2,16.1,0
1982-01-08,Jammu,Jammu and Kashmir,32.73528,74.86167,11.2,0.0,5.9,1
1982-01-03,Kurukshetra,Haryana,29.9657,76.837,14.8,0.0,7.3,0
1981-09-06,Kolkata,West Bengal,22.56263,88.36304,26.8,2.7,8.2,0
2021-04-12,Washim,Maharashtra,20.11128,77.133,29.9,0.0,22.1,1
2008-01-06,Giridih,Jharkhand,24.18622,86.30875,16.1,0.0,8.0,0
2021-12-09,Khordha,Odisha,20.18268,85.61629,21.4,5.0,10.6,0
1996-01-08,Adilabad,Andhra Pradesh,19.67203,78.5359,23.5,0.1,9.2,1
2023-07-04,Nagpur,Maharashtra,21.14631,79.08491,29.5,3.2,11.8,0
2008-08-04,Thiruvananthapuram,Kerala,8.4855,76.94924,25.5,0.0,19.2,0
2022-11-05,Mangan,Sikkim,27.50965,88.52206,17.3,0.0,6.8,1
2015-01-11,Ernakulam,Kerala,9.96714,76.29036,26.0,0.0,10.3,1
1995-05-06,Barpeta,Assam,26.32293,91.00632,25.8,17.5,10.2,1
2006-09-07,Kangra,Himachal Pradesh,32.09135,76.26267,23.7,0.4,5.2,0
2022-07-07,Bilaspur,Himachal Pradesh,31.33027,76.75663,28.9,0.4,9.0,1
2022-04-03,Nagpur,Maharashtra,21.14631,79.08491,32.7,0.0,9.8,1
2023-09-04,Latur,Maharashtra,18.39721,76.56784,25.2,9.2,18.5,1
1981-08-06,Malappuram,Kerala,11.04199,76.08154,24.4,6.1,16.3,1
1984-09-07,Darjeeling,West Bengal,27.03333,88.26667,15.4,3.9,4.5,0
2007-10-07,Dhar,Madhya Pradesh,22.59373,75.29774,24.4,0.0,11.7,0
2019-08-02,Mumbai,Maharashtra,19.07283,72.88261,26.3,5.7,25.3,0
2023-01-09,Lakhimpur,Assam,27.23517,94.10357,17.2,0.0,8.8,1
1980-08-07,Basti,Uttar Pradesh,26.78817,82.71617,25.8,4.8,10.6,0
2005-10-08,Nashik,Maharashtra,19.99727,73.79096,24.6,0.0,12.3,1
2015-11-07,Bareilly,Uttar Pradesh,28.36678,79.43167,22.7,0.0,6.6,0
1983-12-09,Datia,Madhya Pradesh,25.67312,78.45908,15.3,0.0,7.9,1
2009-01-10,Bharuch,Gujarat,21.69482,72.9805,22.7,0.0,13.4,1
2005-05-07,Alwar,Rajasthan,27.56246,76.625,31.1,1.3,14.4,1
1997-06-09,Etawah,Uttar Pradesh,26.77615,79.02133,35.0,0.0,19.4,1
2021-11-10,Kannur,Kerala,11.86752,75.35763,25.9,0.0,8.0,0
1995-12-09,Faridkot,Punjab,30.67399,74.75579,14.5,0.1,8.9,1
1983-05-09,Kangra,Himachal Pradesh,32.09135,76.26267,26.1,0.0,7.6,1
1986-05-11,Chengalpattu,Tamil Nadu,12.69184,79.97661,32.6,0.2,15.3,1
2006-08-07,Dhemaji,Assam,27.48333,94.58333,26.7,1.5,4.6,0
2023-06-03,Mandsaur,Madhya Pradesh,24.07184,75.06986,31.1,0.7,18.6,0
2016-07-07,Bhind,Madhya Pradesh,26.56671,78.78728,29.2,0.6,10.1,0
2007-08-08,Kinnaur,Himachal Pradesh,31.52105,78.3628,-1.5,4.4,6.4,1
2022-08-08,Belagavi,Karnataka,15.85212,74.50447,21.2,16.5,32.5,1
1990-08-10,Kolkata,West Bengal,22.56263,88.36304,28.5,0.6,10.7,0
1994-02-08,Ernakulam,Kerala,9.96714,76.29036,25.9,1.1,7.8,0
2021-10-11,Ernakulam,Kerala,9.96714,76.29036,25.4,9.4,12.0,0
2007-09-09,Ballari,Karnataka,15.14205,76.92398,25.7,17.6,10.0,1
1988-06-07,Kolkata,West Bengal,22.56263,88.36304,30.6,1.0,13.7,0
2017-06-06,Bilaspur,Himachal Pradesh,31.33027,76.75663,31.3,0.0,15.1,0
2012-04-08,Kannur,Kerala,11.86752,75.35763,28.9,0.3,9.9,1
2012-01-11,Ernakulam,Kerala,9.96714,76.29036,25.6,0.3,6.4,0
1973-01-06,Cooch Behar,West Bengal,26.32539,89.44508,19.1,0.0,6.9,1
2005-01-09,Barpeta,Assam,26.32293,91.00632,18.3,0.2,5.9,0
2021-05-08,Tonk,Rajasthan,26.16638,75.78824,33.1,0.0,16.3,0
2011-01-06,Alappuzha,Kerala,9.49004,76.3264,26.3,0.0,6.4,1
1994-11-07,Amravati,Maharashtra,20.93333,77.75,24.4,0.7,10.8,1
2022-01-11,Ranipet,Tamil Nadu,12.92471,79.33331,24.9,0.2,10.3,0
1996-09-08,Hooghly,West Bengal,22.90877,88.39674,27.3,8.8,9.7,1
2022-06-09,Ahmednagar,Maharashtra,19.09457,74.73843,28.5,0.2,13.0,0
2010-04-10,Pune,Maharashtra,18.51957,73.85535,29.7,0.0,12.2,0
1995-08-10,Howrah,West Bengal,22.57688,88.31857,27.8,0.7,14.4,0
1990-04-07,Howrah,West Bengal,22.57688,88.31857,25.5,0.4,13.0,0
2019-08-09,Ernakulam,Kerala,9.96714,76.29036,25.4,44.3,19.4,1
2005-05-08,Belagavi,Karnataka,15.85212,74.50447,26.2,0.0,18.1,1
2004-09-09,Barpeta,Assam,26.32293,91.00632,26.3,9.8,9.3,0
2012-01-09,Namchi,Sikkim,27.16494,88.3638,7.4,1.6,4.1,0
1999-05-05,Dindigul,Tamil Nadu,10.36896,77.98036,28.0,6.3,4.9,0
2000-08-06,Dhule,Maharashtra,20.9013,74.77737,28.6,0.0,16.8,1
1994-11-07,Mumbai,Maharashtra,19.07283,72.88261,28.4,0.0,11.8,0
1984-01-07,Pune,Maharashtra,18.51957,73.85535,21.7,0.0,9.8,1
2023-05-07,Kapurthala,Punjab,31.38011,75.38105,25.6,0.0,19.6,1
2003-07-07,Mumbai,Maharashtra,19.07283,72.88261,25.9,10.5,21.2,0
2022-02-08,Pathanamthitta,Kerala,9.26667,76.78333,26.9,0.1,11.4,1
2006-02-08,Kangra,Himachal Pradesh,32.09135,76.26267,16.4,0.0,5.8,0
1994-12-09,Varanasi,Uttar Pradesh,25.31668,83.01041,20.7,0.0,15.3,1
2007-02-06,Gangtok,Sikkim,27.32574,88.61216,5.6,3.6,3.2,0
2022-12-07,Karimnagar,Telangana,18.43915,79.12856,22.8,0.0,11.4,0
2023-07-07,Bareilly,Uttar Pradesh,28.36678,79.43167,28.4,25.1,13.6,1
2021-10-06,Gangtok,Sikkim,27.32574,88.61216,18.2,11.3,5.1,1
2020-10-10,Akola,Maharashtra,20.70957,76.9981,27.1,2.6,4.4,0
2007-08-08,Khammam,Andhra Pradesh,17.24767,80.14368,28.3,1.4,21.6,1
1971-01-07,Tinsukia,"Assam, Odisha, West Bengal, Bihar",27.48905,95.35992,17.7,0.0,5.4,0
1992-05-07,Gangtok,Sikkim,27.32574,88.61216,14.6,23.3,6.6,1
2005-12-07,Kinnaur,Himachal Pradesh,31.52105,78.3628,-18.3,0.0,5.1,1
1992-10-10,Alappuzha,Kerala,9.49004,76.3264,25.2,25.5,11.4,1
1995-06-09,Gangtok,Sikkim,27.32574,88.61216,18.9,4.7,4.7,0
1978-01-08,Krishna,Andhra Pradesh,17.60293,82.4215,20.6,0.0,9.2,0
1996-11-09,Idukki,Kerala,9.85,76.96667,22.1,0.3,6.5,1
2005-07-02,Bhandara,Maharashtra,21.16817,79.64885,26.6,1.4,20.6,0
2011-01-08,Morena,Madhya Pradesh,26.49892,77.99534,12.2,0.0,10.0,1
2009-09-10,Bahraich,Uttar Pradesh,27.57429,81.59474,26.5,11.8,35.1,1
2017-08-08,Bilaspur,Himachal Pradesh,31.33027,76.75663,27.2,15.9,8.6,1
2004-03-08,Idukki,Kerala,9.85,76.96667,26.4,0.0,5.2,0
2019-10-01,Amravati,Maharashtra,20.93333,77.75,26.3,0.3,17.0,1
2001-01-07,Dhemaji,Assam,27.48333,94.58333,15.4,0.0,5.6,1
2014-02-06,Ballari,Karnataka,15.14205,76.92398,26.0,0.0,12.2,1
1990-09-07,Garhwal,Uttarakhand,29.26211,79.18541,26.4,3.2,14.5,1
2003-02-10,Thrissur,Kerala,10.51667,76.21667,28.7,0.0,11.2,0
2021-12-07,Kangra,Himachal Pradesh,32.09135,76.26267,12.6,0.0,9.0,1
1982-12-07,Nanded,Maharashtra,19.16023,77.31497,24.5,0.0,12.9,1
2021-06-09,Warangal,Telangana,18.0,79.58333,26.8,7.1,18.0,1
2005-03-01,Dharwad,Karnataka,15.46005,75.00778,25.7,0.0,13.7,1
1987-04-05,Aligarh,Uttar Pradesh,27.88145,78.07464,28.0,0.0,21.4,0
1992-09-08,Kota,Rajasthan,25.18254,75.83907,25.3,2.6,19.4,0
2008-01-12,Pune,Maharashtra,18.51957,73.85535,23.4,0.0,9.2,0
2011-11-07,Ranchi,Jharkhand,23.34316,85.3094,20.1,0.0,10.8,0
2016-10-05,Shimla,Himachal Pradesh,31.10442,77.16662,15.1,0.6,6.2,0
2002-07-09,Bijnor,Uttar Pradesh,29.373,78.13636,34.1,0.0,19.3,1
2022-08-08,Narayanpet,Telangana,16.74799,77.4954,23.1,19.3,24.6,1
2005-08-06,Barpeta,Assam,26.32293,91.00632,26.9,14.0,4.9,0
2022-10-10,Washim,Maharashtra,20.11128,77.133,24.1,6.5,11.8,1
1980-01-07,Coimbatore,Tamil Nadu,11.00555,76.96612,21.8,0.0,11.1,0
1980-01-07,Dharwad,Karnataka,15.46005,75.00778,22.5,0.0,17.8,1
2019-08-01,Belagavi,Karnataka,15.85212,74.50447,22.1,12.4,28.6,1
2020-05-07,Thiruvananthapuram,Kerala,8.4855,76.94924,27.5,0.8,8.2,0
1998-08-06,Thane,Maharashtra,19.19704,72.96355,26.8,1.3,13.6,0
1995-03-08,Chandigarh,Punjab,30.73629,76.7884,15.2,0.0,6.7,0
1985-02-07,Lakhimpur,Assam,27.23517,94.10357,14.9,1.7,5.5,1
1990-10-07,Darjeeling,West Bengal,27.03333,88.26667,16.3,0.7,3.9,0
1980-01-07,Mumbai,Maharashtra,19.07283,72.88261,26.1,0.0,15.5,1
2018-08-01,Chikkamagaluru,Karnataka,13.32231,75.774,20.0,2.4,24.6,1
2018-06-03,Ballari,Karnataka,15.14205,76.92398,27.9,11.1,17.1,1
2021-07-05,Latur,Maharashtra,18.39721,76.56784,28.7,0.0,14.1,1
1995-02-09,Alappuzha,Kerala,9.49004,76.3264,28.1,0.2,12.3,1
1996-12-05,Nalbari,Assam,26.43937,91.44041,19.0,0.0,8.5,1
2021-06-11,Krishnagiri,Tamil Nadu,12.51921,78.21382,27.4,0.0,24.3,1
1988-05-06,Malappuram,Kerala,11.04199,76.08154,28.0,0.7,9.9,0
2023-10-09,Deoria,Uttar Pradesh,26.50167,83.77936,28.5,0.0,16.9,1
1995-10-09,Jodhpur,Rajasthan,26.26841,73.00594,31.0,0.0,10.9,0
1990-10-07,Darjeeling,West Bengal,27.03333,88.26667,16.3,3.7,4.9,1
2009-09-09,Alwar,Rajasthan,27.56246,76.625,26.7,18.8,14.3,1
2010-10-05,Dhemaji,Assam,27.48333,94.58333,26.9,0.1,7.2,0
2000-08-07,Bongaigaon,Assam,26.47703,90.55815,27.6,1.0,5.0,0
2021-09-10,Dharashiv,Maharashtra,18.18158,76.03889,24.2,3.0,22.5,1
2023-09-07,Ajmer,Rajasthan,26.4521,74.63867,28.9,0.0,13.1,0
1980-12-07,Kinnaur,Himachal Pradesh,31.52105,78.3628,-19.3,0.0,3.9,0
2023-07-04,Nagpur,Maharashtra,21.14631,79.08491,29.5,16.0,14.8,1
2010-07-06,Bikaner,Rajasthan,28.01762,73.31495,28.2,1.2,8.6,0
2010-09-08,Akola,Maharashtra,20.70957,76.9981,24.4,96.0,18.8,1
2020-02-03,Beed,Maharashtra,18.98921,75.75634,25.5,0.1,10.8,0
1992-09-08,Dhemaji,Assam,27.48333,94.58333,27.7,2.4,5.4,1
1994-07-11,Dindigul,Tamil Nadu,10.36896,77.98036,27.3,0.0,6.4,0
2021-05-11,Nashik,Maharashtra,19.99727,73.79096,28.4,0.0,15.3,0
2015-10-07,Hamirpur,Himachal Pradesh,25.9553,80.14842,30.5,0.0,10.9,1
2008-12-07,Jalandhar,Punjab,31.32556,75.57917,15.9,0.0,7.5,0
2023-02-07,Umaria,Madhya Pradesh,23.52473,80.83716,20.8,0.0,15.2,1
2003-07-06,Dhemaji,Assam,27.48333,94.58333,26.0,21.0,5.2,1
2005-08-12,Thiruvananthapuram,Kerala,8.4855,76.94924,25.5,0.2,22.0,0
1978-08-09,Agra,Uttar Pradesh,27.18333,78.01667,27.2,1.7,8.6,0
1995-10-11,Kolkata,West Bengal,22.56263,88.36304,26.5,7.2,10.4,1
2021-08-10,Hyderabad,Telangana,17.38405,78.45636,27.2,0.0,12.9,0
2013-10-08,Goalpara,Assam,26.17668,90.62634,25.9,0.0,14.6,0
2022-01-08,Kottayam,Kerala,9.58692,76.52132,26.6,1.0,9.8,1
1985-04-08,Rewa,Madhya Pradesh,24.53256,81.29234,29.7,0.0,17.2,1
2021-11-10,Thrissur,Kerala,10.51667,76.21667,23.7,2.5,14.3,1
1980-02-07,Chikkamagaluru,Karnataka,13.32231,75.774,23.2,0.0,10.6,0
2017-07-11,Bahraich,Uttar Pradesh,27.57429,81.59474,26.2,35.6,23.8,1
2005-09-03,Akola,Maharashtra,20.70957,76.9981,28.9,2.5,10.2,0
2022-11-10,Ballia,Uttar Pradesh,28.20069,79.36668,20.9,2.6,22.8,1
2019-11-11,Thiruvananthapuram,Kerala,8.4855,76.94924,25.8,1.7,8.2,0
2022-04-09,Thiruvananthapuram,Kerala,8.4855,76.94924,25.5,16.1,12.2,1
1996-01-07,Bilaspur,Madhya Pradesh,31.33027,76.75663,10.9,0.0,8.2,1
2012-03-08,Kullu,Himachal Pradesh,31.95835,77.10823,6.1,1.2,6.5,0
2022-08-10,Etah,Uttar Pradesh,27.55879,78.65692,30.8,0.0,21.0,0
2006-01-07,Kannur,Kerala,11.86752,75.35763,26.1,0.0,10.8,0
2002-01-09,Jalgaon,Maharashtra,21.00292,75.56602,21.2,0.0,10.4,0
2022-09-10,Ghaziabad,Uttar Pradesh,28.66535,77.43915,30.2,0.5,12.9,1
2022-07-10,Jalaun,Uttar Pradesh,26.1451,79.3366,31.3,0.1,10.1,0
1993-03-07,Kottayam,Kerala,9.58692,76.52132,28.8,0.0,19.0,1
2022-12-07,Nagpur,Maharashtra,21.14631,79.08491,21.6,0.0,15.5,1
2022-10-10,Lakhimpur,Assam,27.23517,94.10357,24.7,120.8,21.0,1
1979-08-07,Ajmer,Rajasthan,26.4521,74.63867,26.5,1.4,10.8,0
2022-06-10,Washim,Maharashtra,20.11128,77.133,31.3,2.0,17.5,0
1981-01-10,Basti,Uttar Pradesh,26.78817,82.71617,12.7,0.0,8.7,1
2019-08-05,Pratapgarh,Rajasthan,25.92058,81.99629,29.6,14.9,11.1,1
2023-10-08,Darrang,Assam,26.63333,92.8,25.9,65.8,10.2,1
2016-10-07,Chamba,Himachal Pradesh,32.55531,76.12647,21.0,0.0,8.3,1
2004-08-09,Howrah,West Bengal,22.57688,88.31857,27.5,0.4,11.6,0
1983-09-09,Amroha,Uttar Pradesh,28.90314,78.46984,26.3,3.0,11.0,0
1994-03-07,Dehradun,Uttar Pradesh,30.32443,78.03392,15.7,0.0,10.4,0
2021-07-01,Nashik,Maharashtra,19.99727,73.79096,25.2,0.0,18.7,0
1997-01-06,Dhemaji,Assam,27.48333,94.58333,16.7,0.0,5.5,1
2022-02-08,Ernakulam,Kerala,9.96714,76.29036,27.4,0.0,17.6,1
1990-01-08,Jalpaiguri,West Bengal,26.51667,88.73333,17.4,0.0,4.4,0
2004-04-06,Idukki,Kerala,9.85,76.96667,23.1,2.6,5.1,0
1980-08-07,Chandigarh,Chandigarh,30.73629,76.7884,25.4,2.1,7.4,0
1983-08-09,Sagar,Madhya Pradesh,23.83877,78.73874,27.2,2.1,13.2,1
2009-01-10,Ahmednagar,Maharashtra,19.09457,74.73843,23.0,0.0,20.1,1
2018-04-11,Agra,Uttar Pradesh,27.18333,78.01667,27.9,0.2,14.6,0
1995-01-08,Bharatpur,Rajasthan,27.21731,77.49009,14.8,26.2,20.7,1
1984-11-09,Pune,Maharashtra,18.51957,73.85535,25.5,0.0,6.1,0
2013-01-09,Idukki,Kerala,9.85,76.96667,23.5,0.0,4.8,0
2003-03-10,Davangere,Karnataka,14.46693,75.92694,29.7,0.0,10.6,0
2022-01-11,Hyderabad,Telangana,17.38405,78.45636,20.8,4.9,15.2,1
2022-08-10,Karimnagar,Telangana,18.43915,79.12856,26.5,1.6,24.2,0
1983-12-09,Gangtok,Sikkim,27.32574,88.61216,10.0,0.0,6.1,1
2012-11-11,Thiruvananthapuram,Kerala,8.4855,76.94924,25.6,0.5,6.4,0
2005-01-08,Baleshwar,Odisha,21.49266,86.93348,20.9,0.0,12.5,0
2022-07-10,Amethi,Uttar Pradesh,26.15696,81.80519,32.2,0.0,13.1,0
2022-09-07,Nizamabad,Telangana,18.67154,78.0988,25.9,2.3,7.2,0
1986-07-08,Kolhapur,Maharashtra,16.69563,74.23167,23.5,0.2,26.3,1
2000-03-05,Dhemaji,Assam,27.48333,94.58333,18.0,0.7,7.3,1
1990-04-07,Howrah,West Bengal,22.57688,88.31857,25.5,2.2,16.2,1
1981-09-08,Vadodara,Gujarat,22.29941,73.20812,28.1,0.6,9.8,1
1991-08-06,Bhopal,Madhya Pradesh,23.25469,77.40289,24.0,2.9,14.6,0
1983-01-07,Cooch Behar,West Bengal,26.32539,89.44508,15.5,0.0,8.9,1
2021-03-08,Karauli,Rajasthan,26.49831,77.02755,26.0,0.0,13.3,0
2001-11-07,Damoh,"Madhya Pradesh,  Chhattisgarh",23.83312,79.4419,24.0,0.0,11.6,1
2021-12-10,Ernakulam,Kerala,9.96714,76.29036,26.6,0.4,12.6,0
2017-09-04,Azamgarh,Uttar Pradesh,26.06832,83.18358,28.8,0.2,14.8,1
2022-10-10,Kokrajhar,Assam,26.40107,90.27286,24.9,40.0,17.3,1
2021-06-11,Kallakurichi,Tamil Nadu,11.73379,78.95925,32.3,0.0,17.0,1
1985-09-10,Lucknow,Uttar Pradesh,26.83928,80.92313,28.2,0.4,9.2,0
2021-07-02,Chamoli,Uttarakhand,30.40271,79.33303,24.7,6.1,6.1,1
2023-06-07,Una,Himachal Pradesh,31.46493,76.26914,26.0,0.2,13.3,0
2009-04-10,Faridkot,Punjab,30.67399,74.75579,22.4,0.0,12.8,1
2021-12-07,Ratnagiri,Maharashtra,16.99154,73.31022,24.7,0.0,13.1,1
2006-11-07,Hingoli,Maharashtra,19.71464,77.14238,23.6,0.0,7.4,0
2022-04-03,Nagpur,Maharashtra,21.14631,79.08491,32.7,0.0,7.8,0
1986-10-07,Etah,Uttar Pradesh,27.55879,78.65692,26.5,0.1,6.2,0
2022-08-08,Chamba,Himachal Pradesh,32.55531,76.12647,25.8,16.2,6.8,1
2023-07-07,Udaipur,Rajasthan,24.58584,73.71346,25.8,2.5,10.1,0
2002-01-07,Tinsukia,Assam,27.48905,95.35992,18.8,0.0,6.6,1
2021-08-11,Kurnool,Andhra Pradesh,15.82887,78.03602,29.1,1.5,15.9,1
2016-01-09,Guntur,Andhra Pradesh,16.29974,80.45729,24.1,0.0,8.0,0
1996-04-08,Damoh,Madhya Pradesh,23.83312,79.4419,29.6,0.0,14.6,1
1968-01-07,Kasaragod,"Kerala, Rajasthan, Haryana, Uttar Pradesh, Bihar",12.49838,74.98959,26.8,0.1,17.2,1
1994-08-07,Kolhapur,Maharashtra,16.69563,74.23167,23.3,0.1,17.1,0
1997-02-09,Etawah,Uttar Pradesh,26.77615,79.02133,16.9,0.0,11.0,1
1982-01-03,Rupnagar,Punjab,30.21013,73.99427,16.3,0.0,7.4,0
2023-01-07,Indore,Madhya Pradesh,22.71792,75.8333,16.7,0.0,7.9,0
2012-07-04,Kurnool,Andhra Pradesh,15.82887,78.03602,29.0,0.0,23.0,0
2021-05-11,Alappuzha,Kerala,9.49004,76.3264,27.2,9.6,18.1,1
2022-06-10,Rae Bareli,Uttar Pradesh,26.2309,81.23315,35.4,0.0,15.0,0
2016-09-08,Barmer,Rajasthan,25.74572,71.39211,27.1,0.0,17.5,0
1992-12-09,Chhatarpur,Madhya Pradesh,24.9177,79.58871,18.4,0.0,9.8,0
2007-08-08,Khammam,Andhra Pradesh,17.24767,80.14368,28.3,0.3,17.3,0
2010-03-10,Alappuzha,Kerala,9.49004,76.3264,29.6,0.0,12.1,0
2013-10-08,Koraput,Odisha,18.81199,82.71048,21.6,15.5,6.8,1
2022-11-05,Mangan,Sikkim,27.50965,88.52206,17.3,0.0,5.4,0
2022-12-10,Fatehpur,Uttar Pradesh,25.92774,80.81266,17.5,0.0,6.8,0
2019-08-09,Akola,Maharashtra,20.70957,76.9981,26.0,12.6,24.0,1
2022-08-08,Yavatmal,Maharashtra,20.39324,78.13201,24.4,49.8,24.7,1
2009-08-10,Lakhimpur,Assam,27.23517,94.10357,28.4,4.5,5.4,1
1985-06-08,Bhopal,Madhya Pradesh,23.25469,77.40289,30.4,0.0,15.5,0
2021-12-10,Kottayam,Kerala,9.58692,76.52132,25.8,0.1,7.7,0
1986-06-07,Surguja,Chhattisgarh,22.41798,82.46992,35.4,0.0,12.7,0
1996-01-10,Belagavi,Karnataka,15.85212,74.50447,21.5,0.0,10.0,0
2016-06-08,Baran,Rajasthan,25.1,76.51667,38.5,0.0,12.3,0
2023-01-09,Biswanath,Assam,26.72577,93.14659,15.9,0.0,11.5,1
1997-02-07,Madhubani,Bihar,26.35367,86.07169,14.5,0.0,15.9,1
2001-11-08,Valsad,Gujarat,20.61013,72.93428,28.3,0.0,9.9,0
1998-01-07,Tinsukia,Assam,27.48905,95.35992,17.0,0.0,5.7,1
2013-04-07,Indore,Madhya Pradesh,22.71792,75.8333,30.2,0.0,14.2,1
1987-08-05,Gurdaspur,Punjab,32.03933,75.40318,30.9,0.0,6.1,0
2019-08-09,Akola,Maharashtra,20.70957,76.9981,26.0,2.5,19.2,0
2014-03-05,Alappuzha,Kerala,9.49004,76.3264,27.7,1.3,9.7,1
2009-01-10,Guntur,Andhra Pradesh,16.29974,80.45729,24.1,0.0,10.1,0
1988-09-07,Akola,Maharashtra,20.70957,76.9981,26.5,0.3,13.0,0
2023-03-07,Alappuzha,Kerala,9.49004,76.3264,28.4,0.0,22.3,1
2019-08-01,Kalahandi,Odisha,20.13661,85.0799,27.0,4.6,11.0,1
2021-01-09,Akola,Maharashtra,20.70957,76.9981,24.1,0.0,7.9,1
2000-08-08,Kottayam,Kerala,9.58692,76.52132,24.2,4.8,10.6,0
2020-09-06,Gyalshing,Sikkim,27.28952,88.25764,19.0,8.4,3.3,0
1997-02-04,Nashik,Maharashtra,19.99727,73.79096,19.6,0.0,7.1,0
1988-02-10,Akola,Maharashtra,20.70957,76.9981,25.1,0.0,7.0,0
1990-08-08,Barpeta,Assam,26.32293,91.00632,28.2,1.3,7.0,0
2021-04-09,Barpeta,Assam,26.32293,91.00632,23.7,9.3,11.9,1
2023-12-07,Akola,Maharashtra,20.70957,76.9981,22.2,0.2,7.5,0
2018-07-12,Burhanpur,Madhya Pradesh,21.30868,76.23026,25.1,6.2,13.3,0
1994-01-09,Bhadrak,Odisha,21.05447,86.5156,21.2,0.0,7.8,0
2008-06-07,Sonipat,Haryana,28.99478,77.01937,30.8,0.4,12.1,0
2022-07-07,Hailakandi,Assam,24.68394,92.56097,29.1,4.1,9.4,1
2007-06-08,Kinnaur,Himachal Pradesh,31.52105,78.3628,-4.8,0.5,7.0,1
2003-11-06,Latur,Maharashtra,18.39721,76.56784,22.6,0.0,10.8,0
2021-04-10,Hingoli,Maharashtra,19.71464,77.14238,31.5,0.0,16.4,1
2022-06-07,Kullu,Himachal Pradesh,31.95835,77.10823,29.0,0.0,11.6,1
1994-02-08,Kolkata,West Bengal,22.56263,88.36304,22.2,0.1,6.6,1
2005-05-09,Akola,Maharashtra,20.70957,76.9981,34.8,0.0,15.6,0
2002-12-07,Kannur,Kerala,11.86752,75.35763,27.1,0.5,11.7,1
2019-10-02,Begusarai,Bihar,25.41853,86.13389,27.0,0.1,9.0,1
1984-08-07,Darrang,Assam,26.63333,92.8,29.0,11.1,10.2,1
2002-01-09,Jalgaon,Maharashtra,21.00292,75.56602,21.2,0.0,13.0,1
1993-11-07,Ajmer,Rajasthan,26.4521,74.63867,25.2,0.0,12.9,1
2006-05-09,Bhopal,"Madhya Pradesh,  Chhattisgarh",23.25469,77.40289,35.6,0.0,21.9,1
2022-09-08,Washim,Maharashtra,20.11128,77.133,25.3,1.2,10.0,0
1968-01-08,Surat,Gujarat,21.19594,72.83023,23.0,0.0,14.4,0
2020-10-09,Thiruvananthapuram,Kerala,8.4855,76.94924,25.5,8.0,15.6,1
2000-02-09,Kamjong,Manipur,24.85846,94.51549,9.1,0.0,9.9,0
2022-08-01,Amravati,Maharashtra,20.93333,77.75,27.5,0.0,10.3,0
2000-12-07,Thane,Maharashtra,19.19704,72.96355,24.0,0.0,12.4,1
2023-05-07,Kapurthala,Punjab,31.38011,75.38105,25.6,0.0,15.7,0
1979-01-08,Kannur,Kerala,11.86752,75.35763,25.5,0.0,9.8,0
2010-05-09,Dhemaji,Assam,27.48333,94.58333,22.6,9.6,5.3,0
1983-05-08,Meerut,Uttar Pradesh,28.98002,77.70636,33.1,0.0,10.9,1
2023-05-07,Bathinda,Punjab,30.20747,74.93893,29.1,0.0,17.5,0
2023-12-08,Dibrugarh,Assam,27.47989,94.90837,18.9,1.5,5.9,0
2008-12-07,Faridabad,Haryana,28.41124,77.31316,19.4,0.0,10.6,0
1990-03-11,Cuttack,Odisha,20.46497,85.87927,23.6,10.0,9.9,1
2019-05-06,Hassan,Karnataka,13.00715,76.0962,25.7,0.0,17.5,1
1985-07-08,Sagar,Madhya Pradesh,23.83877,78.73874,28.7,0.0,17.8,0
2023-06-07,Una,Himachal Pradesh,31.46493,76.26914,26.0,0.9,16.6,1
2005-05-08,Bharatpur,Rajasthan,27.21731,77.49009,32.5,0.0,13.3,0
1978-08-09,Agra,Uttar Pradesh,27.18333,78.01667,27.2,8.3,10.7,1
2023-08-07,Kurukshetra,Haryana,29.9657,76.837,28.9,0.6,14.4,0
2023-09-04,Ahmednagar,Maharashtra,19.09457,74.73843,25.5,0.9,18.8,1
1993-11-10,Alappuzha,Kerala,9.49004,76.3264,25.5,7.8,14.5,1
1990-07-09,Jammu,Jammu and Kashmir,32.73528,74.86167,27.4,5.1,11.5,1
2011-01-06,Chamba,Himachal Pradesh,32.55531,76.12647,2.3,0.0,7.5,0
2007-01-06,Nashik,Maharashtra,19.99727,73.79096,20.4,0.0,12.8,1
2002-12-09,Haridwar,Uttarakhand,29.94791,78.16025,13.7,0.0,8.3,1
1988-11-09,Beed,Maharashtra,18.98921,75.75634,23.3,0.0,19.0,1
2006-09-07,Kangra,Himachal Pradesh,32.09135,76.26267,23.7,2.0,6.5,1
2013-08-06,Thiruvananthapuram,Kerala,8.4855,76.94924,24.0,9.8,27.1,1
2022-11-10,Sitapur,Uttar Pradesh,27.56192,80.68265,21.4,0.1,17.7,0
2019-07-07,Palghar,Maharashtra,19.69693,72.76543,26.1,7.3,16.0,0
2005-06-08,Karauli,Rajasthan,26.49831,77.02755,34.4,0.0,12.3,1
2023-05-07,Lakhimpur,Assam,27.23517,94.10357,23.6,15.0,13.4,1
1982-01-03,Rupnagar,Punjab,30.21013,73.99427,16.3,0.0,9.2,1
2019-06-12,Ernakulam,Kerala,9.96714,76.29036,27.1,31.8,21.2,1
2022-02-08,Alappuzha,Kerala,9.49004,76.3264,27.3,0.0,16.0,0
2020-07-03,Nagpur,Maharashtra,21.14631,79.08491,28.1,3.6,13.8,0
2005-03-07,Belagavi,Karnataka,15.85212,74.50447,25.2,0.0,8.9,0
2006-05-08,Bijapur,Karnataka,18.79387,80.81599,31.4,0.0,13.8,1
2023-08-07,Faridabad,Haryana,28.41124,77.31316,30.2,0.1,17.0,0
1995-10-11,Kolkata,West Bengal,22.56263,88.36304,26.5,1.4,8.3,0
2020-09-06,Gyalshing,Sikkim,27.28952,88.25764,19.0,41.8,4.1,1
2022-08-10,Kheri,Uttar Pradesh,27.90354,80.79754,30.4,0.0,21.2,1
1982-01-08,Ballari,Karnataka,15.14205,76.92398,21.4,0.0,13.9,0
1976-08-08,Jammu,Jammu and Kashmir,32.73528,74.86167,25.1,15.0,9.0,1
1968-01-07,Kasaragod,"Kerala, Rajasthan, Haryana, Uttar Pradesh, Bihar",12.49838,74.98959,26.8,0.0,13.8,0
2000-12-07,Ahmedabad,Gujarat,23.02579,72.58727,22.3,0.0,12.2,1
1984-10-09,Visakhapatnam,Andhra Pradesh,17.68009,83.20161,26.9,1.6,12.3,0
2018-07-11,Dehradun,Uttarakhand,30.32443,78.03392,25.0,57.0,8.4,1
2016-02-06,Bastar,Chhattisgarh,19.20306,81.92959,23.2,0.0,7.7,1
1986-03-11,Tiruchirappalli,Tamil Nadu,10.8155,78.69651,25.9,0.3,9.5,0
2005-01-06,Kollam,Kerala,8.88113,76.58469,26.8,0.0,9.4,0
2023-03-07,Kozhikode,Kerala,11.24802,75.7804,28.0,0.0,17.0,1
1984-02-07,Almora,Uttarakhand,29.59713,79.65911,8.3,0.6,6.2,1
2023-09-04,Nashik,Maharashtra,19.99727,73.79096,24.1,1.2,17.7,1
2018-09-08,Baran,Rajasthan,25.1,76.51667,24.8,10.9,20.2,0
1995-06-08,Amritsar,Punjab,31.62234,74.87534,37.3,0.0,10.8,1
1995-12-09,Malda,West Bengal,22.14416,78.29957,19.0,0.0,6.1,0
1996-10-08,Jhajjar,Haryana,28.6063,76.6565,25.2,0.0,10.4,0
1996-04-09,Solapur,Maharashtra,17.67152,75.91044,32.2,0.1,17.5,1
2019-10-01,Amravati,Maharashtra,20.93333,77.75,26.3,0.1,13.6,0
2012-04-08,Chamoli,Uttarakhand,30.40271,79.33303,15.9,0.0,5.6,0
1985-11-08,Kangra,Himachal Pradesh,32.09135,76.26267,16.7,0.0,7.2,0
2019-07-08,Lunglei,Mizoram,22.89247,92.74218,20.5,30.3,17.1,1
2013-02-10,Ranchi,Jharkhand,23.34316,85.3094,16.8,0.0,14.5,1
2022-01-07,Nizamabad,Telangana,18.67154,78.0988,23.5,0.0,15.1,1
2003-06-07,Dausa,Rajasthan,26.89,76.33584,36.8,0.0,21.0,0
1985-08-08,Ballia,"Uttar Pradesh, Uttarakhand",28.20069,79.36668,28.2,0.4,11.0,0
1983-11-09,Guna,Madhya Pradesh,24.64691,77.3113,19.3,0.0,9.4,1
2022-04-08,Seoni,Madhya Pradesh,22.08503,79.55037,31.8,0.0,15.3,1
2005-02-07,Pune,Maharashtra,18.51957,73.85535,22.8,0.0,13.8,1
1988-02-07,Nagpur,Maharashtra,21.14631,79.08491,22.9,0.0,7.8,0
2023-06-03,Sehore,Madhya Pradesh,23.2,77.08333,32.7,0.1,16.2,1
1998-02-10,Rohtak,Haryana,28.89447,76.58917,16.2,0.0,8.0,0
2007-04-07,Baleshwar,Odisha,21.49266,86.93348,30.4,0.0,25.6,1
1992-07-08,Jalpaiguri,West Bengal,26.51667,88.73333,26.2,10.6,12.8,1
2022-07-10,Banda,Uttar Pradesh,25.47758,80.33491,32.4,0.4,12.4,0
2006-05-09,Bhopal,"Madhya Pradesh,  Chhattisgarh",23.25469,77.40289,35.6,0.0,17.5,0
2005-08-07,Bathinda,Punjab,30.20747,74.93893,29.8,0.6,11.9,0
2010-05-09,Gadchiroli,Maharashtra,20.18061,80.00522,36.6,0.0,14.2,1
2021-03-08,Solan,Himachal Pradesh,30.90908,77.10869,12.4,3.6,13.9,0
2006-03-06,Nanded,Maharashtra,19.16023,77.31497,26.2,0.0,10.9,0
2000-06-06,Hailakandi,Assam,24.68394,92.56097,26.8,34.4,8.4,1
2021-01-12,Dhule,Maharashtra,20.9013,74.77737,24.2,0.0,8.7,1
1981-06-06,Sangli,Maharashtra,16.85438,74.56417,24.6,10.8,18.9,1
2022-09-07,Wardha,Maharashtra,20.73933,78.59784,27.3,0.4,8.6,0
1991-06-06,Alappuzha,Kerala,9.49004,76.3264,26.3,3.2,15.4,0
2022-12-07,Bharuch,Gujarat,21.69482,72.9805,25.6,0.0,9.0,0
1992-08-08,Jodhpur,Rajasthan,26.26841,73.00594,27.4,0.7,23.2,1
1989-12-07,Kangra,Himachal Pradesh,32.09135,76.26267,13.8,0.0,6.9,0
2016-11-09,Jagdalpur,Chhattisgarh,19.08136,82.02131,21.1,0.0,6.2,0
2002-11-09,Shimla,Himachal Pradesh,31.10442,77.16662,8.9,0.0,6.4,1
